{"type":"FeatureCollection","features":[{"type":"Feature","id":1,"properties":{},"geometry":{"type":"Polygon","coordinates":[[[67.337206,39.693142],[67.337003,39.692888],[67.336976,39.692855],[67.336977,39.692852],[67.337326,39.692421],[67.337328,39.692419],[67.337672,39.691954],[67.338237,39.692163],[67.339224,39.692576],[67.339043,39.693427],[67.339036,39.693426],[67.338865,39.694108],[67.33859,39.694013],[67.338205,39.693845],[67.337857,39.693691],[67.337689,39.693616],[67.337591,39.693573],[67.337538,39.693497],[67.337385,39.69334],[67.337206,39.693142]]]}},{"type":"Feature","id":2,"properties":{},"geometry":{"type":"Polygon","coordinates":[[[67.361386,39.702765],[67.361315,39.702924],[67.36129,39.702978],[67.361249,39.703043],[67.361792,39.70329],[67.361688,39.703437],[67.361736,39.703457],[67.361104,39.70441],[67.360994,39.704463],[67.359841,39.704551],[67.359414,39.704566],[67.359326,39.70453],[67.359146,39.704458],[67.35904,39.704389],[67.358981,39.704351],[67.358961,39.704305],[67.359139,39.704079],[67.359188,39.704016],[67.359479,39.703648],[67.359597,39.703466],[67.359887,39.703082],[67.359921,39.703003],[67.360039,39.702141],[67.360686,39.702441],[67.36074,39.702466],[67.361386,39.702765]]]}},{"type":"Feature","id":3,"properties":{},"geometry":{"type":"Polygon","coordinates":[[[67.377926,39.662738],[67.37792,39.662748],[67.378042,39.662896],[67.37822,39.663061],[67.378232,39.663126],[67.377785,39.663422],[67.377556,39.663531],[67.377463,39.663593],[67.376811,39.662919],[67.376424,39.662518],[67.375585,39.661684],[67.375014,39.661073],[67.37502,39.66107],[67.376305,39.660713],[67.378107,39.662607],[67.377965,39.662674],[67.377926,39.662738]]]}},{"type":"Feature","id":4,"properties":{},"geometry":{"type":"Polygon","coordinates":[[[67.379869,39.66475],[67.379811,39.664784],[67.379577,39.664921],[67.37928,39.665094],[67.379088,39.665256],[67.379072,39.66527],[67.379003,39.665172],[67.378766,39.664922],[67.37864,39.664792],[67.378528,39.664689],[67.377929,39.664084],[67.377573,39.663724],[67.377463,39.663593],[67.377556,39.663531],[67.377785,39.663422],[67.378232,39.663126],[67.37822,39.663061],[67.378042,39.662896],[67.37792,39.662748],[67.377926,39.662738],[67.379869,39.66475]]]}},{"type":"Feature","id":5,"properties":{},"geometry":{"type":"Polygon","coordinates":[[[67.409787,39.641913],[67.409815,39.641897],[67.409855,39.641946],[67.409931,39.641906],[67.410085,39.641826],[67.411075,39.641259],[67.411079,39.64127],[67.411097,39.64132],[67.411115,39.641368],[67.411133,39.641416],[67.41115,39.64146],[67.411164,39.6415],[67.411181,39.641551],[67.411194,39.641602],[67.411212,39.641725],[67.411161,39.641772],[67.411119,39.641809],[67.411082,39.641857],[67.41075,39.642314],[67.410723,39.642368],[67.410701,39.642419],[67.410686,39.64246],[67.410404,39.642606],[67.410348,39.642643],[67.410298,39.642677],[67.410235,39.642718],[67.410173,39.642759],[67.410123,39.64279],[67.410069,39.642821],[67.410026,39.642844],[67.409979,39.64287],[67.409925,39.642898],[67.409869,39.642927],[67.409814,39.642958],[67.409759,39.64299],[67.409705,39.643023],[67.409652,39.643057],[67.409599,39.643092],[67.40955,39.643127],[67.409507,39.64316],[67.409469,39.643193],[67.409438,39.643225],[67.409402,39.64327],[67.409372,39.643317],[67.409346,39.643354],[67.409314,39.643397],[67.409275,39.643446],[67.40923,39.6435],[67.409178,39.64356],[67.409125,39.643621],[67.409075,39.643679],[67.409028,39.643733],[67.408985,39.643785],[67.408944,39.643834],[67.408906,39.643879],[67.408871,39.643923],[67.408836,39.643966],[67.408803,39.644009],[67.40877,39.644051],[67.408739,39.644093],[67.408709,39.644133],[67.408678,39.644174],[67.408647,39.644215],[67.408613,39.644257],[67.408579,39.644299],[67.408543,39.644341],[67.408506,39.644383],[67.408468,39.644425],[67.40843,39.644466],[67.408367,39.644529],[67.408313,39.644582],[67.408274,39.644618],[67.408235,39.644653],[67.408198,39.644686],[67.408163,39.644718],[67.408129,39.644749],[67.408082,39.644791],[67.408024,39.644843],[67.407972,39.644889],[67.407924,39.644928],[67.407879,39.644963],[67.407352,39.644781],[67.407351,39.644751],[67.407344,39.644377],[67.407322,39.644032],[67.407281,39.64379],[67.407243,39.64366],[67.407204,39.643503],[67.407193,39.643457],[67.407211,39.643405],[67.407318,39.64328],[67.407706,39.643063],[67.408845,39.642471],[67.409017,39.642382],[67.408977,39.642334],[67.409092,39.642274],[67.409225,39.642205],[67.409234,39.6422],[67.409295,39.642169],[67.409354,39.642139],[67.409361,39.642136],[67.409529,39.642048],[67.40969,39.641964],[67.409787,39.641913]]]}},{"type":"Feature","id":6,"properties":{},"geometry":{"type":"Polygon","coordinates":[[[67.338445,39.776367],[67.338447,39.776364],[67.338457,39.776293],[67.338499,39.776227],[67.338736,39.776253],[67.338923,39.776252],[67.339165,39.776199],[67.339458,39.776368],[67.339483,39.776382],[67.341028,39.777326],[67.341232,39.777472],[67.341133,39.777523],[67.340358,39.77784],[67.33941,39.777239],[67.339628,39.777026],[67.338445,39.776367]]]}},{"type":"Feature","id":7,"properties":{},"geometry":{"type":"Polygon","coordinates":[[[67.35712,39.773474],[67.357298,39.773606],[67.357472,39.77373],[67.357715,39.773902],[67.357849,39.774002],[67.357976,39.77409],[67.358094,39.774176],[67.358212,39.774264],[67.358219,39.774271],[67.358706,39.774622],[67.359103,39.774901],[67.359405,39.775146],[67.360316,39.775788],[67.360224,39.775933],[67.36015,39.776055],[67.360027,39.77626],[67.359806,39.77659],[67.35975,39.776556],[67.357672,39.775226],[67.358266,39.774653],[67.358195,39.774609],[67.358106,39.774554],[67.357873,39.774396],[67.356584,39.773509],[67.356771,39.773256],[67.356793,39.77324],[67.35712,39.773474]]]}},{"type":"Feature","id":8,"properties":{},"geometry":{"type":"Polygon","coordinates":[[[67.229143,39.818357],[67.229183,39.818468],[67.229184,39.818472],[67.229171,39.818493],[67.229277,39.818754],[67.229314,39.818862],[67.229365,39.818946],[67.229487,39.819182],[67.229546,39.819313],[67.229581,39.819416],[67.229717,39.819925],[67.22973,39.820044],[67.229775,39.820389],[67.229803,39.820586],[67.22984,39.820818],[67.22986,39.820892],[67.229919,39.821107],[67.229996,39.821277],[67.230137,39.821476],[67.230254,39.821614],[67.230224,39.821721],[67.229957,39.822209],[67.229897,39.822324],[67.229706,39.822694],[67.229508,39.823133],[67.229404,39.823384],[67.228549,39.823475],[67.228549,39.823279],[67.228642,39.822997],[67.228599,39.822844],[67.228356,39.822694],[67.228013,39.822597],[67.227728,39.822594],[67.227038,39.822499],[67.228182,39.820246],[67.22837,39.819862],[67.22841,39.819782],[67.229073,39.818431],[67.229143,39.818357]]]}},{"type":"Feature","id":9,"properties":{},"geometry":{"type":"Polygon","coordinates":[[[67.389694,39.665763],[67.390003,39.666415],[67.390214,39.666827],[67.389574,39.667293],[67.389205,39.66741],[67.388784,39.667542],[67.388384,39.667763],[67.388258,39.667841],[67.388239,39.667865],[67.388158,39.667959],[67.388108,39.668033],[67.388057,39.668122],[67.387934,39.66832],[67.387897,39.668319],[67.387842,39.668296],[67.387702,39.668269],[67.387459,39.66827],[67.387451,39.668159],[67.387442,39.66805],[67.38721,39.66755],[67.387082,39.667351],[67.386925,39.667119],[67.386655,39.666812],[67.386824,39.666797],[67.3869,39.666793],[67.38704,39.666776],[67.387122,39.66677],[67.387121,39.666768],[67.387165,39.666763],[67.387312,39.666707],[67.387602,39.666536],[67.38787,39.666385],[67.388155,39.666239],[67.388743,39.666017],[67.388986,39.665942],[67.389068,39.665917],[67.389287,39.665849],[67.389548,39.66577],[67.389694,39.665763]]]}},{"type":"Feature","id":10,"properties":{},"geometry":{"type":"Polygon","coordinates":[[[67.390454,39.665551],[67.389767,39.665741],[67.389752,39.665747],[67.389694,39.665763],[67.389585,39.665545],[67.389517,39.665409],[67.389447,39.665267],[67.389328,39.665065],[67.389301,39.665019],[67.389208,39.664826],[67.389115,39.664653],[67.38911,39.664637],[67.389111,39.664637],[67.389,39.664278],[67.388944,39.664079],[67.388994,39.664067],[67.389989,39.663764],[67.391557,39.663238],[67.391741,39.663208],[67.391806,39.663213],[67.391859,39.663268],[67.391958,39.663424],[67.392096,39.663739],[67.392201,39.663987],[67.392023,39.664035],[67.391907,39.664067],[67.391742,39.664114],[67.391144,39.664293],[67.390714,39.664412],[67.390117,39.664546],[67.389959,39.664615],[67.389984,39.664703],[67.390251,39.665226],[67.390278,39.665279],[67.390454,39.665551]]]}},{"type":"Feature","id":11,"properties":{},"geometry":{"type":"Polygon","coordinates":[[[67.390242,39.668693],[67.390251,39.668785],[67.39023,39.668972],[67.390179,39.669101],[67.390111,39.6692],[67.390094,39.669263],[67.390076,39.669338],[67.390074,39.669438],[67.390071,39.669567],[67.390036,39.669659],[67.389974,39.669766],[67.38983,39.669902],[67.389655,39.670033],[67.38944,39.670208],[67.389329,39.670208],[67.389262,39.670174],[67.389065,39.670063],[67.388932,39.669973],[67.388733,39.66986],[67.388655,39.669816],[67.38857,39.669768],[67.388326,39.669572],[67.388236,39.669496],[67.388075,39.669439],[67.387941,39.669371],[67.38783,39.669294],[67.387783,39.669235],[67.387786,39.669158],[67.387842,39.669129],[67.387955,39.669052],[67.388034,39.668994],[67.388151,39.668848],[67.388258,39.668654],[67.388293,39.668592],[67.388365,39.668462],[67.388428,39.668315],[67.388579,39.66796],[67.388633,39.667731],[67.388676,39.667633],[67.388877,39.667546],[67.388941,39.667519],[67.389183,39.667457],[67.389211,39.667522],[67.389505,39.668398],[67.389549,39.668528],[67.389606,39.668638],[67.390109,39.668599],[67.390217,39.668601],[67.390242,39.668693]]]}},{"type":"Feature","id":12,"properties":{},"geometry":{"type":"Polygon","coordinates":[[[67.297534,39.710362],[67.297594,39.710562],[67.297593,39.710827],[67.297471,39.711372],[67.297404,39.711696],[67.29733,39.712067],[67.29721,39.712532],[67.297179,39.712699],[67.297174,39.712912],[67.297175,39.71296],[67.29718,39.713333],[67.297166,39.71368],[67.297143,39.713746],[67.297069,39.713879],[67.296807,39.714196],[67.296674,39.714351],[67.295815,39.714758],[67.295285,39.714886],[67.293317,39.711594],[67.294272,39.711047],[67.294807,39.71078],[67.294846,39.710767],[67.295222,39.710616],[67.295711,39.71044],[67.295734,39.710399],[67.296313,39.710148],[67.296358,39.710293],[67.296427,39.71028],[67.297177,39.710002],[67.29737,39.710086],[67.297467,39.710226],[67.297534,39.710362]]]}},{"type":"Feature","id":13,"properties":{},"geometry":{"type":"Polygon","coordinates":[[[67.300985,39.712809],[67.300964,39.712837],[67.300641,39.713255],[67.300345,39.713643],[67.30034,39.713648],[67.299895,39.713861],[67.299047,39.71423],[67.298733,39.714337],[67.298302,39.714356],[67.298111,39.714321],[67.297879,39.714154],[67.297674,39.713942],[67.297769,39.713606],[67.297825,39.713462],[67.297744,39.713011],[67.297743,39.71297],[67.297766,39.712939],[67.297819,39.71287],[67.297876,39.712793],[67.298336,39.712198],[67.300985,39.712809]]]}},{"type":"Feature","id":14,"properties":{},"geometry":{"type":"Polygon","coordinates":[[[67.202951,39.788505],[67.202585,39.788689],[67.201997,39.788984],[67.201932,39.789021],[67.201931,39.789021],[67.201383,39.788501],[67.201111,39.788242],[67.200286,39.78746],[67.199323,39.786546],[67.1991,39.786334],[67.198819,39.786068],[67.198873,39.785945],[67.19894,39.785858],[67.19905,39.785801],[67.19922,39.785729],[67.199339,39.785731],[67.199548,39.785776],[67.199683,39.785799],[67.199791,39.785817],[67.199878,39.78581],[67.200009,39.785741],[67.200202,39.785602],[67.200374,39.785434],[67.200578,39.785307],[67.200721,39.785226],[67.200873,39.785178],[67.201129,39.785128],[67.201298,39.785076],[67.201523,39.784946],[67.201572,39.784921],[67.201797,39.784805],[67.201925,39.784698],[67.202061,39.784609],[67.202142,39.784684],[67.202838,39.785345],[67.202944,39.785436],[67.204059,39.786484],[67.204617,39.786981],[67.205077,39.787415],[67.20444,39.787744],[67.203521,39.788208],[67.203365,39.788289],[67.203008,39.788475],[67.202951,39.788505]]]}},{"type":"Feature","id":15,"properties":{},"geometry":{"type":"Polygon","coordinates":[[[67.30018,39.76391],[67.300167,39.763925],[67.299424,39.764511],[67.298553,39.765046],[67.298283,39.764957],[67.298251,39.764916],[67.29813,39.764768],[67.297742,39.764275],[67.297522,39.763995],[67.297018,39.763318],[67.296953,39.763207],[67.296747,39.762855],[67.296748,39.762855],[67.29675,39.762854],[67.296957,39.762763],[67.297,39.762731],[67.297218,39.762647],[67.297244,39.762552],[67.297259,39.762539],[67.297293,39.762513],[67.297315,39.762489],[67.297404,39.762411],[67.30018,39.76391]]]}},{"type":"Feature","id":16,"properties":{},"geometry":{"type":"Polygon","coordinates":[[[67.241194,39.673193],[67.240966,39.673015],[67.240808,39.672874],[67.241045,39.672704],[67.241325,39.672502],[67.241308,39.67247],[67.241367,39.672428],[67.241334,39.672225],[67.241457,39.672116],[67.241498,39.672079],[67.241533,39.672011],[67.24154,39.672005],[67.241548,39.671981],[67.241549,39.67198],[67.241549,39.671979],[67.241576,39.671905],[67.242393,39.671219],[67.244646,39.671007],[67.244672,39.671128],[67.244572,39.671267],[67.243659,39.672153],[67.242235,39.673239],[67.242098,39.67347],[67.242006,39.673552],[67.24192,39.673755],[67.241862,39.673711],[67.241693,39.67358],[67.241194,39.673193]]]}},{"type":"Feature","id":17,"properties":{},"geometry":{"type":"Polygon","coordinates":[[[67.243385,39.677979],[67.242029,39.679446],[67.241997,39.679423],[67.241918,39.679366],[67.241446,39.678999],[67.24061,39.678321],[67.240393,39.678177],[67.239994,39.677911],[67.239653,39.677727],[67.239679,39.677644],[67.240159,39.676839],[67.240188,39.676792],[67.240449,39.676365],[67.240479,39.676315],[67.240667,39.675998],[67.243385,39.677979]]]}},{"type":"Feature","id":18,"properties":{},"geometry":{"type":"Polygon","coordinates":[[[67.232422,39.617799],[67.232418,39.617804],[67.232416,39.617807],[67.232396,39.617828],[67.232054,39.61815],[67.232158,39.618378],[67.232118,39.618514],[67.23146,39.618571],[67.231263,39.618604],[67.231261,39.618923],[67.231248,39.619211],[67.231203,39.619494],[67.231176,39.619719],[67.231156,39.619852],[67.231133,39.619919],[67.231027,39.620051],[67.230943,39.620162],[67.230694,39.6202],[67.23008,39.620295],[67.230065,39.620649],[67.227714,39.621185],[67.228177,39.619785],[67.22821,39.619713],[67.228924,39.618191],[67.229536,39.617129],[67.229629,39.617121],[67.229586,39.617194],[67.229561,39.617237],[67.229514,39.617318],[67.229445,39.61744],[67.23179,39.61701],[67.231875,39.617117],[67.232422,39.617799]]]}},{"type":"Feature","id":19,"properties":{},"geometry":{"type":"Polygon","coordinates":[[[67.213364,39.707752],[67.212814,39.708297],[67.212737,39.708373],[67.210716,39.7073],[67.210749,39.707264],[67.21139,39.706562],[67.212062,39.706882],[67.212682,39.707158],[67.213371,39.707482],[67.213554,39.707522],[67.213652,39.707466],[67.213364,39.707752]]]}},{"type":"Feature","id":20,"properties":{},"geometry":{"type":"Polygon","coordinates":[[[67.215372,39.700734],[67.215868,39.700975],[67.215908,39.701109],[67.216052,39.701218],[67.216152,39.701293],[67.216278,39.70142],[67.216417,39.701543],[67.215505,39.702274],[67.215299,39.702439],[67.215236,39.702474],[67.214872,39.702215],[67.214791,39.702151],[67.214471,39.701901],[67.214261,39.701765],[67.214048,39.701628],[67.213592,39.701303],[67.213575,39.701291],[67.213744,39.701181],[67.214866,39.700448],[67.215372,39.700734]]]}},{"type":"Feature","id":21,"properties":{},"geometry":{"type":"Polygon","coordinates":[[[67.219835,39.697661],[67.219516,39.698021],[67.219387,39.698212],[67.219172,39.698584],[67.219022,39.698949],[67.218999,39.698998],[67.218877,39.6992],[67.218899,39.699213],[67.218629,39.699536],[67.218257,39.699284],[67.217668,39.698857],[67.216729,39.698171],[67.216316,39.697825],[67.216114,39.697657],[67.216429,39.697532],[67.216485,39.697512],[67.216583,39.697477],[67.216915,39.69736],[67.217591,39.69714],[67.218214,39.696849],[67.218335,39.696783],[67.218519,39.696682],[67.218586,39.696737],[67.218763,39.696857],[67.219328,39.697281],[67.219373,39.697315],[67.219426,39.697276],[67.219658,39.697497],[67.219733,39.697569],[67.219835,39.697661]]]}},{"type":"Feature","id":22,"properties":{},"geometry":{"type":"Polygon","coordinates":[[[67.197801,39.808342],[67.197714,39.80834],[67.197598,39.808336],[67.19749,39.808335],[67.19739,39.808331],[67.197342,39.808303],[67.197319,39.808251],[67.197308,39.808159],[67.197256,39.808081],[67.197183,39.808069],[67.197111,39.808064],[67.197055,39.808088],[67.197057,39.80813],[67.197081,39.808259],[67.197123,39.808417],[67.197193,39.808637],[67.197223,39.808727],[67.197355,39.809217],[67.197185,39.80923],[67.196941,39.809251],[67.196804,39.809258],[67.196708,39.809264],[67.196543,39.809276],[67.196412,39.809282],[67.196351,39.809276],[67.196156,39.8093],[67.195123,39.809429],[67.195116,39.809386],[67.19508,39.809391],[67.195043,39.8094],[67.195033,39.809364],[67.195153,39.809353],[67.196248,39.809259],[67.196236,39.80922],[67.196196,39.809087],[67.195636,39.807232],[67.195971,39.807229],[67.196324,39.807237],[67.196594,39.807239],[67.196602,39.807239],[67.196696,39.807232],[67.19676,39.807227],[67.197048,39.80721],[67.197213,39.807197],[67.197354,39.807187],[67.197438,39.807181],[67.197483,39.807268],[67.197525,39.807319],[67.19754,39.807419],[67.197663,39.807841],[67.197801,39.808342]]]}},{"type":"Feature","id":23,"properties":{},"geometry":{"type":"Polygon","coordinates":[[[67.197438,39.807181],[67.197446,39.80718],[67.197537,39.807174],[67.197581,39.807172],[67.197623,39.807171],[67.197823,39.807166],[67.198111,39.807152],[67.198317,39.807145],[67.198533,39.807133],[67.198541,39.807132],[67.198572,39.80713],[67.198622,39.807126],[67.198629,39.807126],[67.198727,39.807118],[67.198943,39.807111],[67.199134,39.807099],[67.199706,39.807088],[67.199808,39.807088],[67.199929,39.80708],[67.199935,39.807079],[67.199933,39.807129],[67.200186,39.80822],[67.200204,39.808296],[67.200354,39.808943],[67.200306,39.808944],[67.200289,39.808943],[67.200208,39.808928],[67.200135,39.808902],[67.200033,39.808892],[67.199846,39.808891],[67.199545,39.808905],[67.199285,39.808939],[67.199097,39.808986],[67.199039,39.80901],[67.198897,39.809072],[67.198703,39.809128],[67.198688,39.809131],[67.198376,39.809179],[67.198199,39.809194],[67.198035,39.809202],[67.198003,39.809155],[67.197965,39.808939],[67.197801,39.808342],[67.197663,39.807841],[67.19754,39.807419],[67.197525,39.807319],[67.197483,39.807268],[67.197438,39.807181]]]}},{"type":"Feature","id":24,"properties":{},"geometry":{"type":"Polygon","coordinates":[[[67.274896,39.721487],[67.272912,39.724088],[67.27224,39.723838],[67.272238,39.723728],[67.272216,39.723627],[67.272023,39.723325],[67.271897,39.723182],[67.271793,39.723064],[67.271702,39.722961],[67.271456,39.722649],[67.271404,39.722548],[67.271395,39.722497],[67.271362,39.722309],[67.271365,39.722167],[67.271419,39.721951],[67.271498,39.721839],[67.271669,39.721738],[67.271827,39.721708],[67.272049,39.72167],[67.272224,39.72161],[67.272257,39.721599],[67.272315,39.721589],[67.272702,39.721457],[67.273015,39.721261],[67.273344,39.721057],[67.273389,39.721019],[67.273394,39.721014],[67.273432,39.720992],[67.273575,39.720958],[67.274053,39.720881],[67.274448,39.720845],[67.274552,39.720936],[67.274595,39.721035],[67.274896,39.721487]]]}},{"type":"Feature","id":25,"properties":{},"geometry":{"type":"Polygon","coordinates":[[[67.274945,39.597556],[67.275304,39.598109],[67.275324,39.598176],[67.275328,39.598228],[67.27523,39.59827],[67.27348,39.598966],[67.273366,39.599006],[67.272768,39.599249],[67.272536,39.599342],[67.272172,39.59949],[67.271208,39.599851],[67.271201,39.599834],[67.271194,39.599814],[67.271137,39.599676],[67.271108,39.599608],[67.271084,39.599491],[67.271086,39.599424],[67.271125,39.59937],[67.271224,39.59928],[67.271464,39.599167],[67.27177,39.599046],[67.271922,39.598986],[67.271939,39.598952],[67.271882,39.598849],[67.271764,39.598637],[67.271674,39.598477],[67.271655,39.598445],[67.274696,39.597183],[67.274945,39.597556]]]}},{"type":"Feature","id":26,"properties":{},"geometry":{"type":"Polygon","coordinates":[[[67.273264,39.595324],[67.273265,39.595324],[67.275712,39.594404],[67.275832,39.594359],[67.275832,39.594359],[67.276536,39.594554],[67.276924,39.594667],[67.277015,39.594693],[67.277291,39.594773],[67.277479,39.594831],[67.27717,39.595076],[67.276741,39.595416],[67.276329,39.595732],[67.274859,39.596896],[67.274782,39.596961],[67.274662,39.597064],[67.274376,39.596671],[67.274346,39.596684],[67.274191,39.596477],[67.274098,39.596372],[67.274037,39.596296],[67.274002,39.596252],[67.274001,39.596252],[67.273775,39.595968],[67.273682,39.595851],[67.273624,39.595777],[67.273264,39.595324]]]}},{"type":"Feature","id":27,"properties":{},"geometry":{"type":"Polygon","coordinates":[[[67.342369,39.698162],[67.342226,39.698282],[67.342071,39.698388],[67.341719,39.698597],[67.341381,39.698777],[67.340822,39.699056],[67.340722,39.699107],[67.340475,39.699229],[67.340372,39.699283],[67.340232,39.699357],[67.340137,39.699406],[67.340077,39.699369],[67.340067,39.699356],[67.339679,39.699113],[67.339555,39.699046],[67.338693,39.698512],[67.3379,39.698015],[67.337504,39.697777],[67.336892,39.697398],[67.336986,39.697363],[67.337008,39.697349],[67.337033,39.697346],[67.33724,39.697169],[67.33737,39.697061],[67.337589,39.696785],[67.337888,39.69641],[67.338,39.696272],[67.338377,39.69582],[67.33843,39.695856],[67.338475,39.695886],[67.339119,39.696244],[67.339291,39.69634],[67.33984,39.696648],[67.340026,39.69678],[67.339965,39.69685],[67.339575,39.697137],[67.33952,39.697178],[67.33954,39.69722],[67.33961,39.69725],[67.339727,39.697319],[67.34001,39.697473],[67.340295,39.697636],[67.340371,39.697679],[67.340799,39.697923],[67.340933,39.697964],[67.341026,39.697917],[67.341268,39.697712],[67.341351,39.697634],[67.341625,39.697746],[67.341731,39.69779],[67.342369,39.698162]]]}},{"type":"Feature","id":28,"properties":{},"geometry":{"type":"Polygon","coordinates":[[[67.341534,39.696488],[67.341414,39.696608],[67.340871,39.69627],[67.340013,39.695736],[67.33995,39.695682],[67.340041,39.695682],[67.340248,39.695686],[67.340317,39.695538],[67.340442,39.695207],[67.342155,39.695953],[67.342155,39.695956],[67.342153,39.695955],[67.342028,39.695991],[67.341534,39.696488]]]}},{"type":"Feature","id":29,"properties":{},"geometry":{"type":"Polygon","coordinates":[[[67.268786,39.669859],[67.268774,39.669871],[67.268592,39.670058],[67.268582,39.670068],[67.268546,39.670048],[67.2685,39.670016],[67.268435,39.669971],[67.268265,39.669855],[67.26826,39.669852],[67.26804,39.669701],[67.267955,39.669643],[67.267668,39.669446],[67.267814,39.6693],[67.268006,39.669103],[67.268218,39.668884],[67.268432,39.668665],[67.268705,39.66839],[67.268889,39.668201],[67.269113,39.667971],[67.269144,39.66794],[67.269369,39.667712],[67.269577,39.6675],[67.269785,39.667293],[67.270008,39.667072],[67.270202,39.666875],[67.270387,39.666692],[67.270514,39.666564],[67.270682,39.666393],[67.270797,39.666262],[67.270796,39.66626],[67.270855,39.666202],[67.270861,39.666214],[67.270894,39.666276],[67.2709,39.666288],[67.270902,39.666291],[67.270929,39.666342],[67.27093,39.666343],[67.270952,39.666384],[67.270975,39.666426],[67.271014,39.666506],[67.271015,39.666507],[67.271043,39.666564],[67.271068,39.666607],[67.271081,39.666627],[67.271136,39.666725],[67.271181,39.666805],[67.271183,39.666808],[67.271264,39.666976],[67.271268,39.666984],[67.271284,39.667026],[67.271294,39.667052],[67.271304,39.667079],[67.271311,39.667108],[67.271335,39.667151],[67.271342,39.667196],[67.271343,39.667196],[67.271344,39.667199],[67.27136,39.667229],[67.27136,39.66723],[67.271275,39.667323],[67.27113,39.667487],[67.270977,39.667646],[67.270925,39.6677],[67.270847,39.667781],[67.270725,39.667905],[67.270629,39.668007],[67.270585,39.668053],[67.270521,39.668117],[67.270387,39.668251],[67.270196,39.668448],[67.270167,39.668479],[67.270072,39.668575],[67.26992,39.66873],[67.269916,39.668734],[67.26974,39.668913],[67.269717,39.668936],[67.269464,39.669186],[67.269266,39.669383],[67.269129,39.669519],[67.268909,39.669737],[67.268797,39.669848],[67.268786,39.669859]]]}},{"type":"Feature","id":30,"properties":{},"geometry":{"type":"Polygon","coordinates":[[[67.266951,39.67607],[67.266956,39.676081],[67.26698,39.676429],[67.266994,39.676833],[67.267139,39.677169],[67.267289,39.677463],[67.267348,39.677805],[67.267387,39.678416],[67.266941,39.678722],[67.266367,39.679129],[67.266135,39.679275],[67.265547,39.678593],[67.265231,39.678208],[67.265166,39.678084],[67.265188,39.67784],[67.265253,39.677734],[67.265253,39.677727],[67.265255,39.677724],[67.265294,39.677631],[67.26531,39.677543],[67.265272,39.677292],[67.265229,39.677155],[67.266951,39.67607]]]}},{"type":"Feature","id":31,"properties":{},"geometry":{"type":"Polygon","coordinates":[[[67.255703,39.679816],[67.255347,39.680264],[67.254867,39.680893],[67.254822,39.680953],[67.254661,39.681119],[67.254035,39.680858],[67.252952,39.680409],[67.252269,39.680123],[67.252502,39.679788],[67.252521,39.679764],[67.252988,39.679188],[67.253134,39.678997],[67.253293,39.678828],[67.253416,39.678874],[67.253715,39.678985],[67.253829,39.679032],[67.25498,39.679515],[67.255645,39.679794],[67.255703,39.679816]]]}},{"type":"Feature","id":32,"properties":{},"geometry":{"type":"Polygon","coordinates":[[[67.257126,39.677527],[67.257064,39.677629],[67.257312,39.677699],[67.257258,39.677765],[67.256789,39.678361],[67.256453,39.678825],[67.255949,39.679505],[67.255703,39.679816],[67.255645,39.679794],[67.25498,39.679515],[67.253829,39.679032],[67.253715,39.678985],[67.254552,39.67772],[67.254759,39.677431],[67.254997,39.677444],[67.255023,39.677448],[67.255514,39.677526],[67.255611,39.677533],[67.255687,39.677483],[67.255687,39.677482],[67.255791,39.677488],[67.256243,39.677511],[67.257047,39.677528],[67.257126,39.677527]]]}},{"type":"Feature","id":33,"properties":{},"geometry":{"type":"Polygon","coordinates":[[[67.345003,39.718447],[67.345062,39.718492],[67.345064,39.718493],[67.34516,39.718566],[67.345321,39.718678],[67.345526,39.718819],[67.345753,39.718975],[67.345945,39.719105],[67.348315,39.720788],[67.348052,39.72098],[67.347806,39.721161],[67.347805,39.721162],[67.347759,39.7212],[67.347542,39.721372],[67.346583,39.720706],[67.344077,39.718966],[67.343827,39.718792],[67.344174,39.718475],[67.344203,39.718449],[67.344241,39.718414],[67.344345,39.718318],[67.344396,39.718356],[67.344396,39.718356],[67.344396,39.718356],[67.3444,39.718324],[67.344485,39.718256],[67.344534,39.718214],[67.34459,39.718166],[67.344647,39.718207],[67.344694,39.718235],[67.344762,39.718277],[67.344793,39.718301],[67.344842,39.718337],[67.345003,39.718447]]]}},{"type":"Feature","id":34,"properties":{},"geometry":{"type":"Polygon","coordinates":[[[67.342021,39.711488],[67.342203,39.71156],[67.342248,39.711578],[67.342273,39.711585],[67.342417,39.711629],[67.342607,39.711686],[67.342846,39.711752],[67.342854,39.711768],[67.342873,39.711786],[67.342963,39.711854],[67.342986,39.711868],[67.343077,39.711927],[67.343135,39.711965],[67.343376,39.712126],[67.343388,39.712133],[67.343447,39.712172],[67.343541,39.712225],[67.343562,39.712237],[67.343809,39.712376],[67.344007,39.712466],[67.344049,39.712489],[67.344031,39.712507],[67.343788,39.712707],[67.343511,39.712955],[67.343379,39.713068],[67.343348,39.713046],[67.3433,39.713012],[67.342903,39.712729],[67.341916,39.712026],[67.341565,39.711776],[67.341499,39.711729],[67.341559,39.711688],[67.341614,39.711652],[67.341674,39.711614],[67.341703,39.7116],[67.341931,39.711496],[67.341998,39.711485],[67.342021,39.711488]]]}},{"type":"Feature","id":35,"properties":{},"geometry":{"type":"Polygon","coordinates":[[[67.344112,39.711148],[67.344097,39.711184],[67.344076,39.711187],[67.342891,39.710619],[67.342457,39.710391],[67.342457,39.710391],[67.342302,39.710316],[67.342146,39.710241],[67.342099,39.710218],[67.342027,39.710183],[67.341933,39.710127],[67.342126,39.709752],[67.342189,39.709635],[67.342284,39.709457],[67.34232,39.709424],[67.342343,39.709403],[67.342379,39.709392],[67.342477,39.709366],[67.342486,39.709366],[67.34261,39.709358],[67.342761,39.709356],[67.343356,39.70938],[67.343507,39.709388],[67.343723,39.709402],[67.34353,39.709818],[67.343485,39.709915],[67.343485,39.709915],[67.343117,39.71071],[67.343117,39.71071],[67.343117,39.71071],[67.343215,39.710758],[67.343289,39.710794],[67.343426,39.71086],[67.343426,39.71086],[67.343714,39.710999],[67.343776,39.710863],[67.343992,39.710389],[67.344059,39.71024],[67.344418,39.709451],[67.344519,39.709457],[67.344775,39.709466],[67.344792,39.709457],[67.344819,39.7094],[67.344837,39.709398],[67.344357,39.710556],[67.344112,39.711148]]]}},{"type":"Feature","id":36,"properties":{},"geometry":{"type":"Polygon","coordinates":[[[67.231772,39.674699],[67.231755,39.674721],[67.231257,39.674549],[67.230955,39.674424],[67.230727,39.674325],[67.230746,39.674304],[67.231114,39.674046],[67.231123,39.673925],[67.231114,39.673913],[67.231163,39.67387],[67.230663,39.673362],[67.230632,39.673326],[67.230611,39.673336],[67.230377,39.673601],[67.23007,39.673968],[67.230022,39.674028],[67.22997,39.674011],[67.229051,39.673664],[67.22913,39.673619],[67.229299,39.673509],[67.229287,39.673265],[67.229767,39.673053],[67.229827,39.673018],[67.229978,39.672928],[67.230184,39.672805],[67.230331,39.672687],[67.230405,39.67264],[67.23159,39.672563],[67.232014,39.672588],[67.232581,39.673034],[67.232694,39.673123],[67.232916,39.673297],[67.232945,39.673319],[67.231772,39.674699]]]}},{"type":"Feature","id":37,"properties":{},"geometry":{"type":"Polygon","coordinates":[[[67.231648,39.671767],[67.231235,39.672052],[67.231021,39.6722],[67.230508,39.672558],[67.230479,39.672548],[67.230196,39.672431],[67.229934,39.672315],[67.229616,39.672163],[67.228269,39.671493],[67.228289,39.671473],[67.229306,39.670647],[67.230127,39.67103],[67.230933,39.671409],[67.231159,39.671511],[67.23159,39.671703],[67.231648,39.671767]]]}},{"type":"Feature","id":38,"properties":{},"geometry":{"type":"Polygon","coordinates":[[[67.238386,39.687268],[67.237702,39.688307],[67.237271,39.688961],[67.23716,39.688943],[67.23627,39.688631],[67.233425,39.68754],[67.233392,39.687507],[67.233638,39.687194],[67.234162,39.686531],[67.234249,39.686421],[67.234457,39.686148],[67.234575,39.685992],[67.234711,39.686071],[67.234984,39.68623],[67.235133,39.686316],[67.235459,39.686506],[67.236164,39.686792],[67.236397,39.686558],[67.236422,39.686526],[67.23645,39.686542],[67.237083,39.686734],[67.237085,39.686733],[67.237229,39.686685],[67.237588,39.686866],[67.238156,39.687152],[67.238386,39.687268]]]}},{"type":"Feature","id":39,"properties":{},"geometry":{"type":"Polygon","coordinates":[[[67.22544,39.692473],[67.226507,39.691746],[67.226551,39.691702],[67.226569,39.69169],[67.227106,39.69115],[67.227639,39.691444],[67.227729,39.691493],[67.228041,39.691635],[67.22755,39.692141],[67.227294,39.692416],[67.227212,39.692484],[67.227029,39.69265],[67.226617,39.693007],[67.226546,39.693066],[67.226181,39.692868],[67.225985,39.692764],[67.22544,39.692473]]]}},{"type":"Feature","id":40,"properties":{},"geometry":{"type":"Polygon","coordinates":[[[67.234367,39.6914],[67.234402,39.691404],[67.23494,39.691439],[67.235313,39.69145],[67.235347,39.691526],[67.235443,39.691795],[67.235477,39.69215],[67.235508,39.692622],[67.235587,39.692907],[67.235812,39.693416],[67.236083,39.693791],[67.236578,39.694388],[67.235522,39.694083],[67.235165,39.694015],[67.234218,39.693832],[67.234205,39.69383],[67.234173,39.693829],[67.234254,39.69287],[67.234277,39.692357],[67.234288,39.692174],[67.23434,39.691667],[67.234353,39.691538],[67.234366,39.691411],[67.234367,39.6914]]]}},{"type":"Feature","id":41,"properties":{},"geometry":{"type":"Polygon","coordinates":[[[67.212575,39.692748],[67.212575,39.692755],[67.212532,39.693065],[67.212396,39.693379],[67.211832,39.693825],[67.211226,39.694386],[67.210968,39.694638],[67.21071,39.694889],[67.210688,39.694911],[67.210687,39.694913],[67.210676,39.694923],[67.210672,39.694926],[67.209092,39.692588],[67.209661,39.692308],[67.210234,39.692088],[67.210552,39.691976],[67.211045,39.691835],[67.21137,39.691755],[67.211428,39.691742],[67.211831,39.691669],[67.212575,39.692748]]]}},{"type":"Feature","id":42,"properties":{},"geometry":{"type":"Polygon","coordinates":[[[67.219506,39.686124],[67.219306,39.686288],[67.218607,39.686369],[67.218395,39.685903],[67.218033,39.685901],[67.217679,39.686236],[67.216076,39.686002],[67.216031,39.685763],[67.215932,39.685576],[67.215546,39.685129],[67.215474,39.684814],[67.215883,39.684862],[67.216814,39.68501],[67.217282,39.685031],[67.217392,39.685036],[67.217454,39.685034],[67.218408,39.685001],[67.21985,39.68504],[67.220386,39.685078],[67.219506,39.686124]]]}},{"type":"Feature","id":43,"properties":{},"geometry":{"type":"Polygon","coordinates":[[[67.218002,39.677035],[67.217986,39.677055],[67.217457,39.677677],[67.216983,39.678234],[67.216978,39.678241],[67.216781,39.678202],[67.216656,39.678322],[67.216651,39.678325],[67.215841,39.679052],[67.215792,39.679059],[67.215727,39.679067],[67.215607,39.679037],[67.214903,39.678685],[67.214833,39.678754],[67.214722,39.678771],[67.214689,39.678804],[67.21421,39.678569],[67.2139,39.678434],[67.213918,39.678415],[67.214078,39.67785],[67.21434,39.677499],[67.215545,39.676776],[67.216297,39.676291],[67.216302,39.676288],[67.218002,39.677035]]]}},{"type":"Feature","id":44,"properties":{},"geometry":{"type":"Polygon","coordinates":[[[67.207884,39.711336],[67.206285,39.713294],[67.204342,39.712353],[67.204415,39.712266],[67.205191,39.711342],[67.205983,39.710382],[67.206043,39.710387],[67.206102,39.710419],[67.206151,39.710445],[67.207072,39.710937],[67.207863,39.711326],[67.207884,39.711336]]]}},{"type":"Feature","id":45,"properties":{},"geometry":{"type":"Polygon","coordinates":[[[67.222767,39.689276],[67.223193,39.689885],[67.223387,39.690162],[67.223508,39.690319],[67.223559,39.690386],[67.223735,39.69063],[67.223821,39.69075],[67.224005,39.691006],[67.224129,39.691177],[67.223552,39.691613],[67.223149,39.691724],[67.223025,39.691776],[67.221676,39.68971],[67.221716,39.689686],[67.222276,39.689268],[67.22236,39.689205],[67.222609,39.689041],[67.222767,39.689276]]]}},{"type":"Feature","id":46,"properties":{},"geometry":{"type":"Polygon","coordinates":[[[67.258014,39.665157],[67.252578,39.66726],[67.252367,39.667074],[67.252627,39.666971],[67.252682,39.666943],[67.252731,39.66691],[67.25269,39.666875],[67.252394,39.666423],[67.252267,39.666229],[67.252078,39.66594],[67.252037,39.665884],[67.25211,39.665853],[67.252119,39.665866],[67.252268,39.666094],[67.255571,39.664742],[67.257227,39.66502],[67.258014,39.665157]]]}},{"type":"Feature","id":47,"properties":{},"geometry":{"type":"Polygon","coordinates":[[[67.398072,39.667138],[67.39792,39.667169],[67.397329,39.667286],[67.396633,39.6674],[67.3966,39.667405],[67.396521,39.667418],[67.396097,39.667478],[67.395722,39.666808],[67.395224,39.665767],[67.397617,39.665311],[67.397691,39.665644],[67.397701,39.665691],[67.397875,39.666499],[67.397897,39.666598],[67.397942,39.66681],[67.398052,39.66709],[67.398072,39.667138]]]}},{"type":"Feature","id":48,"properties":{},"geometry":{"type":"Polygon","coordinates":[[[67.39547,39.676787],[67.39557,39.676761],[67.39571,39.676724],[67.395714,39.676838],[67.395733,39.677054],[67.395715,39.677056],[67.395645,39.677065],[67.395597,39.677071],[67.394443,39.677218],[67.394532,39.677633],[67.395733,39.677478],[67.395738,39.67749],[67.395769,39.677483],[67.395778,39.67759],[67.39581,39.67805],[67.395792,39.678158],[67.395783,39.678296],[67.395769,39.678421],[67.395765,39.678604],[67.395781,39.67877],[67.395787,39.678834],[67.395854,39.679198],[67.395857,39.679542],[67.395845,39.679802],[67.395835,39.680016],[67.39584,39.680519],[67.395745,39.68055],[67.395683,39.68057],[67.394382,39.680708],[67.394339,39.680715],[67.39384,39.680778],[67.393564,39.680807],[67.393272,39.68082],[67.393204,39.680809],[67.39319,39.680727],[67.393178,39.680668],[67.393163,39.680621],[67.393164,39.68062],[67.393108,39.680442],[67.393108,39.680442],[67.393047,39.680256],[67.392994,39.68013],[67.39293,39.679977],[67.393011,39.67994],[67.393004,39.679785],[67.392991,39.679676],[67.392983,39.679526],[67.392937,39.679353],[67.392854,39.679044],[67.392818,39.678938],[67.392574,39.678218],[67.392465,39.677661],[67.3924,39.677502],[67.392575,39.677427],[67.392609,39.677385],[67.392667,39.67733],[67.392959,39.677292],[67.393971,39.677077],[67.394351,39.676996],[67.394764,39.676918],[67.394983,39.676877],[67.39547,39.676787]]]}},{"type":"Feature","id":49,"properties":{},"geometry":{"type":"Polygon","coordinates":[[[67.424697,39.767081],[67.424669,39.767093],[67.424579,39.767149],[67.4243,39.767324],[67.424086,39.767442],[67.423924,39.767521],[67.423771,39.767596],[67.423381,39.767768],[67.423084,39.7679],[67.422835,39.76801],[67.422563,39.767877],[67.422373,39.767717],[67.422207,39.767576],[67.422119,39.767522],[67.421917,39.767359],[67.421832,39.76729],[67.421822,39.767282],[67.421782,39.767241],[67.421784,39.767241],[67.421651,39.767105],[67.42149,39.766889],[67.421886,39.76672],[67.422709,39.76646],[67.423205,39.766267],[67.423575,39.766171],[67.42405,39.766614],[67.424169,39.766721],[67.424697,39.767081]]]}},{"type":"Feature","id":50,"properties":{},"geometry":{"type":"Polygon","coordinates":[[[67.423575,39.766171],[67.423653,39.766076],[67.423651,39.766074],[67.423654,39.766072],[67.423581,39.765975],[67.424009,39.765684],[67.424311,39.765906],[67.424986,39.766399],[67.424937,39.766549],[67.424901,39.76666],[67.424718,39.767046],[67.424702,39.767079],[67.424697,39.767081],[67.424169,39.766721],[67.42405,39.766614],[67.423575,39.766171]]]}},{"type":"Feature","id":51,"properties":{},"geometry":{"type":"Polygon","coordinates":[[[67.233092,39.811538],[67.233169,39.811619],[67.233378,39.811861],[67.233614,39.812172],[67.233763,39.812383],[67.233847,39.812457],[67.233891,39.812556],[67.233963,39.812686],[67.234145,39.813023],[67.234165,39.813061],[67.234252,39.813242],[67.234505,39.813747],[67.234578,39.81385],[67.234589,39.813919],[67.234831,39.814413],[67.234988,39.814735],[67.23523,39.815295],[67.235235,39.815307],[67.235378,39.815666],[67.235079,39.815545],[67.234378,39.815243],[67.234088,39.815138],[67.23395,39.815112],[67.233883,39.815096],[67.233823,39.815087],[67.233714,39.815066],[67.233192,39.814947],[67.233035,39.814922],[67.232865,39.814888],[67.232727,39.814872],[67.232615,39.814854],[67.232205,39.814786],[67.231982,39.814728],[67.231828,39.814681],[67.231665,39.81463],[67.231525,39.814592],[67.231446,39.81457],[67.231375,39.814541],[67.231273,39.814495],[67.231198,39.814461],[67.231121,39.814426],[67.231045,39.814387],[67.230954,39.814331],[67.230877,39.814258],[67.230862,39.814205],[67.230849,39.814148],[67.230843,39.814083],[67.23086,39.813931],[67.230904,39.813813],[67.230913,39.813796],[67.230954,39.813743],[67.230965,39.813737],[67.230982,39.813734],[67.230993,39.813723],[67.231033,39.813702],[67.231102,39.813612],[67.231115,39.813599],[67.231183,39.813497],[67.231178,39.813497],[67.231187,39.813484],[67.231344,39.81321],[67.231556,39.81285],[67.23187,39.812412],[67.232237,39.811954],[67.23229,39.811884],[67.232723,39.811312],[67.232787,39.811239],[67.233092,39.811538]]]}},{"type":"Feature","id":52,"properties":{},"geometry":{"type":"Polygon","coordinates":[[[67.230761,39.811028],[67.230745,39.811237],[67.23076,39.811275],[67.230825,39.811288],[67.230944,39.811294],[67.23107,39.811309],[67.231195,39.811317],[67.231283,39.811324],[67.231392,39.811334],[67.231492,39.811341],[67.23157,39.811348],[67.23188,39.811386],[67.232221,39.811416],[67.231877,39.811924],[67.231713,39.812218],[67.23168,39.812262],[67.231644,39.81231],[67.231534,39.812457],[67.231385,39.812685],[67.231181,39.812999],[67.231032,39.813222],[67.230918,39.813356],[67.230824,39.813423],[67.230747,39.813452],[67.230743,39.813451],[67.230345,39.813435],[67.22991,39.813407],[67.229689,39.813344],[67.229556,39.813281],[67.229033,39.812701],[67.22881,39.812508],[67.228569,39.812312],[67.227951,39.811839],[67.227658,39.811611],[67.227478,39.811465],[67.227401,39.81141],[67.227285,39.81132],[67.227282,39.811319],[67.227312,39.811281],[67.227183,39.811139],[67.22695,39.81096],[67.226717,39.810739],[67.226641,39.81067],[67.226786,39.810684],[67.228601,39.810824],[67.229082,39.810873],[67.229405,39.810914],[67.230137,39.810977],[67.230761,39.811028]]]}},{"type":"Feature","id":53,"properties":{},"geometry":{"type":"Polygon","coordinates":[[[67.310446,39.57544],[67.310489,39.57553],[67.30927,39.576269],[67.307578,39.574467],[67.307696,39.574399],[67.307778,39.57436],[67.308246,39.574159],[67.308408,39.574127],[67.308928,39.574095],[67.309086,39.574193],[67.309668,39.574736],[67.310142,39.575172],[67.3102,39.575224],[67.310338,39.575351],[67.310446,39.57544]]]}},{"type":"Feature","id":54,"properties":{},"geometry":{"type":"Polygon","coordinates":[[[67.306212,39.580775],[67.306266,39.580827],[67.305118,39.581563],[67.305046,39.581523],[67.304892,39.581429],[67.30485,39.581383],[67.304655,39.581205],[67.30427,39.580836],[67.304077,39.580661],[67.303383,39.580034],[67.303359,39.580006],[67.304631,39.579218],[67.306212,39.580775]]]}},{"type":"Feature","id":55,"properties":{},"geometry":{"type":"Polygon","coordinates":[[[67.247373,39.605618],[67.247292,39.605666],[67.247096,39.605742],[67.245242,39.606466],[67.244996,39.606562],[67.244721,39.606105],[67.244587,39.605893],[67.244462,39.605682],[67.244461,39.60568],[67.244856,39.605491],[67.244918,39.605461],[67.245206,39.605322],[67.245382,39.605238],[67.245407,39.605274],[67.245482,39.605381],[67.245527,39.605444],[67.245533,39.605453],[67.246995,39.60487],[67.247037,39.604953],[67.247144,39.605164],[67.247189,39.605251],[67.247373,39.605618]]]}},{"type":"Feature","id":56,"properties":{},"geometry":{"type":"Polygon","coordinates":[[[67.241261,39.615936],[67.241266,39.615935],[67.241136,39.615544],[67.241317,39.61549],[67.241413,39.615461],[67.243141,39.614946],[67.243171,39.614938],[67.243195,39.61493],[67.243231,39.614919],[67.243224,39.614989],[67.243215,39.615131],[67.243242,39.615331],[67.243007,39.615457],[67.242832,39.615559],[67.242668,39.615649],[67.242531,39.615725],[67.242416,39.615765],[67.242286,39.615789],[67.242194,39.615812],[67.242113,39.615811],[67.242,39.615797],[67.241892,39.615795],[67.241762,39.61581],[67.24161,39.615862],[67.241441,39.615934],[67.241369,39.615983],[67.241364,39.615992],[67.241261,39.615936]]]}},{"type":"Feature","id":57,"properties":{},"geometry":{"type":"Polygon","coordinates":[[[67.243004,39.609379],[67.242944,39.609408],[67.242216,39.609808],[67.242162,39.609838],[67.241209,39.610362],[67.241339,39.61046],[67.240976,39.610654],[67.240924,39.610587],[67.240894,39.610553],[67.240892,39.610549],[67.240888,39.610546],[67.240855,39.610507],[67.240516,39.610136],[67.240277,39.609876],[67.242382,39.608666],[67.243004,39.609379]]]}},{"type":"Feature","id":58,"properties":{},"geometry":{"type":"Polygon","coordinates":[[[67.257882,39.782588],[67.258052,39.784356],[67.258056,39.784399],[67.258111,39.78499],[67.258147,39.785352],[67.258165,39.785538],[67.258165,39.785543],[67.257475,39.785373],[67.257454,39.784999],[67.25742,39.784813],[67.257392,39.78442],[67.257352,39.784292],[67.257326,39.783839],[67.257304,39.783621],[67.257262,39.783468],[67.257251,39.783387],[67.257113,39.783374],[67.257046,39.783263],[67.256987,39.78268],[67.256945,39.782309],[67.256921,39.782098],[67.256849,39.781521],[67.256793,39.781038],[67.256775,39.780804],[67.256748,39.780597],[67.256905,39.780569],[67.256912,39.780568],[67.256947,39.780564],[67.25714,39.780591],[67.257287,39.78068],[67.257451,39.780917],[67.257557,39.781123],[67.257584,39.781168],[67.257593,39.781284],[67.257666,39.78144],[67.257693,39.781498],[67.257811,39.781651],[67.257828,39.782076],[67.257882,39.782588]]]}},{"type":"Feature","id":59,"properties":{},"geometry":{"type":"Polygon","coordinates":[[[67.246603,39.702553],[67.246693,39.702601],[67.247415,39.702993],[67.247737,39.703167],[67.247765,39.703182],[67.247728,39.703225],[67.246907,39.70409],[67.246509,39.704406],[67.245222,39.703754],[67.243338,39.702799],[67.243372,39.702752],[67.244049,39.701766],[67.244204,39.70155],[67.244336,39.70138],[67.24471,39.70157],[67.245467,39.701965],[67.246372,39.702433],[67.246603,39.702553]]]}},{"type":"Feature","id":60,"properties":{},"geometry":{"type":"Polygon","coordinates":[[[67.286357,39.580318],[67.2861,39.580448],[67.28486,39.581051],[67.284762,39.581104],[67.284668,39.581031],[67.283996,39.580473],[67.283998,39.580471],[67.283998,39.580471],[67.283998,39.58047],[67.283998,39.58047],[67.283998,39.58047],[67.283998,39.580469],[67.283998,39.580469],[67.283998,39.580469],[67.283998,39.580469],[67.283998,39.580468],[67.283998,39.580468],[67.283998,39.580468],[67.283984,39.580404],[67.284409,39.580193],[67.284554,39.580122],[67.284589,39.580103],[67.286722,39.57904],[67.286722,39.57904],[67.286996,39.578879],[67.287164,39.578791],[67.287195,39.578775],[67.287277,39.578731],[67.287505,39.578596],[67.287782,39.578418],[67.287816,39.578398],[67.287816,39.578398],[67.287852,39.578376],[67.287915,39.578339],[67.287915,39.578339],[67.287933,39.578327],[67.287933,39.578327],[67.288002,39.578325],[67.288002,39.578325],[67.288003,39.578325],[67.288003,39.578325],[67.288089,39.57831],[67.288006,39.578407],[67.288006,39.578407],[67.288006,39.578407],[67.288006,39.578408],[67.288006,39.578408],[67.288006,39.578408],[67.288006,39.578408],[67.288004,39.578444],[67.288001,39.578505],[67.287996,39.578601],[67.287994,39.578641],[67.287935,39.578686],[67.28789,39.578721],[67.28789,39.578721],[67.28789,39.578721],[67.28789,39.578722],[67.28789,39.578722],[67.287889,39.578722],[67.287889,39.578722],[67.287889,39.578723],[67.287889,39.578723],[67.287889,39.578724],[67.287889,39.578724],[67.287889,39.578725],[67.28789,39.578725],[67.28789,39.578725],[67.28789,39.578725],[67.28789,39.578725],[67.28789,39.578725],[67.288452,39.579294],[67.287876,39.579585],[67.287732,39.579657],[67.287514,39.579767],[67.286357,39.580318]]]}},{"type":"Feature","id":61,"properties":{},"geometry":{"type":"Polygon","coordinates":[[[67.294488,39.577443],[67.29449,39.577444],[67.295305,39.578282],[67.295344,39.578359],[67.294541,39.578804],[67.293153,39.579573],[67.293074,39.579617],[67.293052,39.579613],[67.293022,39.579608],[67.293022,39.579608],[67.293009,39.579606],[67.292955,39.579584],[67.292942,39.579569],[67.292916,39.579541],[67.292916,39.579541],[67.29224,39.578864],[67.29224,39.578864],[67.292127,39.578743],[67.292127,39.578743],[67.292126,39.578743],[67.292126,39.578743],[67.292125,39.578742],[67.292125,39.578742],[67.292125,39.578742],[67.29312,39.578195],[67.294488,39.577443]]]}},{"type":"Feature","id":62,"properties":{},"geometry":{"type":"Polygon","coordinates":[[[67.222535,39.668344],[67.221451,39.668929],[67.221402,39.66887],[67.22131,39.668768],[67.220436,39.667798],[67.220444,39.667794],[67.220546,39.667749],[67.220605,39.667723],[67.220809,39.667633],[67.220959,39.667567],[67.221346,39.667396],[67.221438,39.667355],[67.221501,39.667318],[67.221691,39.667204],[67.221764,39.66716],[67.221846,39.667109],[67.22214,39.666932],[67.222239,39.666873],[67.222695,39.666599],[67.223194,39.666299],[67.223793,39.666878],[67.223971,39.667035],[67.224344,39.667364],[67.224189,39.667448],[67.223776,39.667672],[67.223544,39.667798],[67.223335,39.667912],[67.223052,39.668065],[67.222535,39.668344]]]}},{"type":"Feature","id":63,"properties":{},"geometry":{"type":"Polygon","coordinates":[[[67.225805,39.66653],[67.226096,39.666358],[67.228014,39.665263],[67.228483,39.665024],[67.229093,39.664693],[67.229226,39.66465],[67.229324,39.664746],[67.229732,39.665142],[67.230194,39.665642],[67.23023,39.665683],[67.230219,39.665687],[67.230214,39.665739],[67.228727,39.666777],[67.226996,39.667802],[67.225805,39.66653]]]}},{"type":"Feature","id":64,"properties":{},"geometry":{"type":"Polygon","coordinates":[[[67.298037,39.602097],[67.29789,39.602136],[67.297766,39.602139],[67.297331,39.602155],[67.296966,39.602169],[67.296702,39.602169],[67.296385,39.602127],[67.296141,39.602064],[67.296141,39.602062],[67.296161,39.602015],[67.296111,39.601692],[67.295952,39.600652],[67.295943,39.600589],[67.296529,39.600526],[67.297303,39.600473],[67.297392,39.600471],[67.297591,39.600466],[67.297872,39.600458],[67.298037,39.602097]]]}},{"type":"Feature","id":65,"properties":{},"geometry":{"type":"Polygon","coordinates":[[[67.290415,39.605382],[67.29041,39.60537],[67.290392,39.605326],[67.290391,39.605326],[67.290352,39.605228],[67.290264,39.605009],[67.289909,39.604098],[67.289475,39.603077],[67.290843,39.602759],[67.291526,39.602589],[67.292136,39.602437],[67.292985,39.602227],[67.29303,39.602249],[67.293072,39.602304],[67.293071,39.60237],[67.293056,39.60241],[67.293157,39.602947],[67.293217,39.603232],[67.293305,39.603584],[67.293371,39.603967],[67.293452,39.604438],[67.29348,39.604597],[67.293492,39.60464],[67.290415,39.605382]]]}},{"type":"Feature","id":66,"properties":{},"geometry":{"type":"Polygon","coordinates":[[[67.296239,39.608303],[67.296261,39.60832],[67.296299,39.608386],[67.296299,39.60844],[67.296299,39.60847],[67.296299,39.60851],[67.296298,39.608517],[67.296248,39.608587],[67.295784,39.608989],[67.295476,39.609248],[67.295404,39.609306],[67.295103,39.609555],[67.294876,39.609746],[67.294635,39.609963],[67.294428,39.610151],[67.293717,39.610779],[67.292912,39.611477],[67.292814,39.611513],[67.292304,39.611113],[67.292661,39.610901],[67.293174,39.610671],[67.293444,39.610519],[67.293826,39.610279],[67.294156,39.610034],[67.294283,39.609931],[67.294533,39.609626],[67.295041,39.60917],[67.295079,39.609131],[67.295522,39.608676],[67.295648,39.608599],[67.295883,39.608485],[67.296184,39.608323],[67.296236,39.608301],[67.296239,39.608303]]]}},{"type":"Feature","id":67,"properties":{},"geometry":{"type":"Polygon","coordinates":[[[67.297383,39.600405],[67.29594,39.600509],[67.29578,39.599697],[67.295602,39.59868],[67.296762,39.598515],[67.297823,39.59837],[67.297891,39.598364],[67.297989,39.60039],[67.297792,39.60039],[67.297383,39.600405]]]}},{"type":"Feature","id":68,"properties":{},"geometry":{"type":"Polygon","coordinates":[[[67.29507,39.608862],[67.294884,39.609027],[67.294474,39.609391],[67.294264,39.609593],[67.29418,39.609713],[67.294152,39.609767],[67.294112,39.609837],[67.294031,39.609852],[67.29397,39.609906],[67.293936,39.60996],[67.293821,39.610054],[67.293574,39.610217],[67.293372,39.610319],[67.29317,39.61042],[67.293111,39.610453],[67.293048,39.610494],[67.292994,39.610532],[67.292976,39.610518],[67.29292,39.610471],[67.292844,39.610411],[67.292722,39.610317],[67.292535,39.610171],[67.292504,39.610147],[67.292372,39.610043],[67.292308,39.609994],[67.292253,39.609952],[67.292146,39.609871],[67.292056,39.609802],[67.291844,39.609641],[67.291426,39.609325],[67.292938,39.608965],[67.292926,39.608924],[67.293399,39.608813],[67.293438,39.608804],[67.293453,39.608843],[67.295189,39.608431],[67.295192,39.608439],[67.29524,39.608576],[67.295246,39.608582],[67.295249,39.608591],[67.295302,39.60864],[67.29507,39.608862]]]}},{"type":"Feature","id":69,"properties":{},"geometry":{"type":"Polygon","coordinates":[[[67.326821,39.765876],[67.326775,39.765933],[67.326318,39.766421],[67.326025,39.766256],[67.325894,39.766182],[67.325865,39.766164],[67.325649,39.766032],[67.325301,39.765842],[67.325061,39.765711],[67.324822,39.76558],[67.324615,39.765463],[67.324517,39.765409],[67.324173,39.765212],[67.324281,39.765046],[67.324831,39.764198],[67.327184,39.765422],[67.326965,39.765696],[67.326961,39.765694],[67.326844,39.765832],[67.326843,39.765833],[67.326841,39.765836],[67.326821,39.765876]]]}},{"type":"Feature","id":70,"properties":{},"geometry":{"type":"Polygon","coordinates":[[[67.251081,39.615149],[67.251075,39.615152],[67.251075,39.615152],[67.250324,39.615546],[67.25002,39.615695],[67.249994,39.615663],[67.249761,39.615484],[67.249432,39.615282],[67.249037,39.615077],[67.247042,39.613593],[67.247424,39.613362],[67.248621,39.612714],[67.251081,39.615149]]]}},{"type":"Feature","id":71,"properties":{},"geometry":{"type":"Polygon","coordinates":[[[67.252273,39.6037],[67.252055,39.603818],[67.251558,39.604086],[67.251387,39.604178],[67.251332,39.604208],[67.250916,39.60446],[67.250878,39.604494],[67.250815,39.604434],[67.250652,39.604285],[67.250211,39.603839],[67.250714,39.603476],[67.251338,39.603087],[67.251564,39.602946],[67.251638,39.603023],[67.251774,39.603171],[67.251991,39.603401],[67.25204,39.603453],[67.252273,39.6037]]]}},{"type":"Feature","id":72,"properties":{},"geometry":{"type":"Polygon","coordinates":[[[67.251564,39.602946],[67.251979,39.602717],[67.252035,39.602686],[67.252554,39.602414],[67.252789,39.602288],[67.252814,39.60227],[67.253125,39.602563],[67.254035,39.60342],[67.252678,39.604161],[67.252614,39.604089],[67.252273,39.6037],[67.25204,39.603453],[67.251991,39.603401],[67.251774,39.603171],[67.251638,39.603023],[67.251564,39.602946]]]}},{"type":"Feature","id":73,"properties":{},"geometry":{"type":"Polygon","coordinates":[[[67.236983,39.612688],[67.237023,39.612736],[67.237096,39.612825],[67.237953,39.613857],[67.23802,39.613962],[67.238029,39.613969],[67.238068,39.614007],[67.237975,39.614058],[67.237816,39.614143],[67.237154,39.614501],[67.236147,39.615044],[67.235879,39.615178],[67.23543,39.615413],[67.2352,39.615577],[67.23515,39.615642],[67.235121,39.615593],[67.235054,39.615543],[67.234994,39.615495],[67.234895,39.615364],[67.234742,39.615092],[67.234611,39.614859],[67.234482,39.614622],[67.234361,39.614402],[67.234306,39.614308],[67.234237,39.61418],[67.234145,39.614027],[67.23408,39.613915],[67.233939,39.61368],[67.23383,39.613501],[67.23377,39.613403],[67.233725,39.613329],[67.233738,39.613305],[67.235672,39.612367],[67.236317,39.612055],[67.23641,39.612003],[67.236983,39.612688]]]}},{"type":"Feature","id":74,"properties":{},"geometry":{"type":"Polygon","coordinates":[[[67.251505,39.619017],[67.251505,39.619018],[67.25142,39.619037],[67.250967,39.619256],[67.250524,39.61947],[67.249915,39.619765],[67.249377,39.620025],[67.248986,39.620214],[67.248563,39.620418],[67.248482,39.620458],[67.248168,39.620119],[67.24803,39.620049],[67.247917,39.620007],[67.246933,39.618871],[67.24689,39.61889],[67.246873,39.618897],[67.246671,39.618616],[67.246605,39.618526],[67.246496,39.618374],[67.246461,39.618326],[67.246463,39.618325],[67.246836,39.618156],[67.246973,39.618094],[67.247012,39.618077],[67.246839,39.617842],[67.246613,39.617532],[67.246612,39.617531],[67.247461,39.617132],[67.249149,39.616306],[67.249226,39.616265],[67.249465,39.616154],[67.249663,39.616063],[67.249873,39.615944],[67.249895,39.615933],[67.250278,39.616072],[67.250492,39.616142],[67.250615,39.616182],[67.250719,39.616211],[67.250766,39.616237],[67.25084,39.616273],[67.251171,39.616407],[67.251833,39.616688],[67.251996,39.616854],[67.25228,39.617163],[67.252285,39.617168],[67.252194,39.617223],[67.25247,39.61751],[67.252842,39.617896],[67.252437,39.618077],[67.252377,39.618106],[67.251422,39.618567],[67.251377,39.618589],[67.251326,39.618613],[67.251227,39.61867],[67.251418,39.618908],[67.251505,39.619017]]]}},{"type":"Feature","id":75,"properties":{},"geometry":{"type":"Polygon","coordinates":[[[67.30918,39.579693],[67.308553,39.580068],[67.308553,39.580069],[67.308254,39.580247],[67.308186,39.580286],[67.307493,39.580689],[67.307244,39.580834],[67.30559,39.579099],[67.306259,39.578665],[67.306467,39.578813],[67.306832,39.579146],[67.307003,39.579269],[67.308274,39.57854],[67.308329,39.57855],[67.308419,39.578618],[67.30918,39.579693]]]}},{"type":"Feature","id":76,"properties":{},"geometry":{"type":"Polygon","coordinates":[[[67.316688,39.57944],[67.316513,39.579546],[67.316337,39.579653],[67.315593,39.580104],[67.315551,39.580142],[67.31555,39.580185],[67.315603,39.580286],[67.315597,39.580336],[67.314781,39.580815],[67.313937,39.581256],[67.313887,39.581283],[67.313816,39.58132],[67.313636,39.581403],[67.313142,39.58084],[67.312602,39.580247],[67.312608,39.580232],[67.312614,39.580218],[67.312648,39.58013],[67.312648,39.580128],[67.312664,39.580076],[67.312686,39.58008],[67.31273,39.58006],[67.313662,39.579628],[67.314089,39.57943],[67.314304,39.579331],[67.314407,39.579274],[67.315498,39.578682],[67.315828,39.578493],[67.316688,39.57944]]]}},{"type":"Feature","id":77,"properties":{},"geometry":{"type":"Polygon","coordinates":[[[67.2895,39.581696],[67.289492,39.5817],[67.28888,39.581122],[67.288862,39.581105],[67.288862,39.581105],[67.288626,39.580882],[67.288518,39.580774],[67.288547,39.580757],[67.289508,39.580222],[67.290367,39.579746],[67.292113,39.578813],[67.292575,39.579285],[67.292866,39.57957],[67.292982,39.579672],[67.293035,39.579682],[67.293044,39.579685],[67.293051,39.579692],[67.292419,39.580042],[67.292174,39.580178],[67.291911,39.580323],[67.29148,39.580561],[67.291393,39.580609],[67.290414,39.581179],[67.290051,39.581389],[67.2895,39.581696]]]}},{"type":"Feature","id":78,"properties":{},"geometry":{"type":"Polygon","coordinates":[[[67.291118,39.580795],[67.29129,39.580698],[67.291324,39.580679],[67.291519,39.580571],[67.291538,39.58056],[67.291544,39.580556],[67.291561,39.580544],[67.291926,39.580332],[67.292099,39.580228],[67.292127,39.580257],[67.292149,39.580281],[67.29218,39.580293],[67.29173,39.580545],[67.291651,39.580589],[67.291617,39.580608],[67.291895,39.5809],[67.292068,39.581081],[67.292047,39.581094],[67.291884,39.58119],[67.291802,39.581239],[67.291524,39.581403],[67.291053,39.581662],[67.291047,39.581666],[67.290926,39.581508],[67.290957,39.581421],[67.290979,39.58134],[67.291011,39.581218],[67.291019,39.581186],[67.29105,39.581063],[67.291082,39.58098],[67.291122,39.580916],[67.291151,39.58088],[67.291133,39.580834],[67.291118,39.580795]]]}},{"type":"Feature","id":79,"properties":{},"geometry":{"type":"Polygon","coordinates":[[[67.268404,39.593634],[67.268405,39.593635],[67.268405,39.593635],[67.268405,39.593636],[67.268405,39.593636],[67.268405,39.593637],[67.268406,39.593637],[67.268406,39.593637],[67.268407,39.593638],[67.268407,39.593638],[67.268408,39.593638],[67.268408,39.593638],[67.268409,39.593638],[67.268409,39.593638],[67.26841,39.593638],[67.26841,39.593638],[67.268524,39.593609],[67.269055,39.593475],[67.269153,39.59345],[67.270151,39.593229],[67.27031,39.593616],[67.27034,39.593688],[67.270381,39.593788],[67.270528,39.594142],[67.26942,39.594407],[67.269341,39.594426],[67.269341,39.594426],[67.269138,39.594474],[67.268195,39.594701],[67.268178,39.594705],[67.268178,39.594706],[67.268177,39.594706],[67.268177,39.594706],[67.268039,39.594285],[67.268003,39.594205],[67.267942,39.594194],[67.267926,39.594263],[67.267935,39.59435],[67.267949,39.594422],[67.267948,39.594488],[67.267908,39.59455],[67.267739,39.594619],[67.267528,39.59467],[67.267409,39.594672],[67.266751,39.594806],[67.266568,39.594843],[67.265878,39.595054],[67.265536,39.595129],[67.265445,39.595115],[67.26544,39.595073],[67.265388,39.594986],[67.265348,39.594879],[67.265253,39.59479],[67.265069,39.594829],[67.264349,39.595011],[67.264346,39.595011],[67.26434,39.595008],[67.264339,39.595008],[67.264339,39.595008],[67.264338,39.595008],[67.264306,39.595003],[67.264306,39.595003],[67.264305,39.595003],[67.264305,39.595003],[67.264278,39.595007],[67.264277,39.595007],[67.264276,39.595007],[67.264276,39.595007],[67.264275,39.595008],[67.264275,39.595008],[67.264209,39.595057],[67.264171,39.595075],[67.264112,39.594949],[67.264004,39.594717],[67.264004,39.594717],[67.264004,39.594717],[67.264003,39.594716],[67.264348,39.594645],[67.26555,39.594356],[67.266264,39.594175],[67.266475,39.594122],[67.266755,39.594051],[67.267738,39.593803],[67.26786,39.593772],[67.26795,39.593749],[67.268404,39.593634]]]}},{"type":"Feature","id":80,"properties":{},"geometry":{"type":"Polygon","coordinates":[[[67.297035,39.590799],[67.295299,39.591374],[67.29521,39.591319],[67.295181,39.591297],[67.294637,39.59088],[67.294223,39.590572],[67.294204,39.590557],[67.293808,39.589984],[67.293807,39.589984],[67.293807,39.589983],[67.293713,39.589824],[67.295329,39.589304],[67.296098,39.589056],[67.2961,39.589059],[67.296089,39.589062],[67.296173,39.589219],[67.296177,39.589229],[67.296182,39.589279],[67.296641,39.590097],[67.296746,39.590285],[67.297035,39.590799]]]}},{"type":"Feature","id":81,"properties":{},"geometry":{"type":"Polygon","coordinates":[[[67.393808,39.64797],[67.394612,39.647698],[67.394672,39.647686],[67.394741,39.647708],[67.394789,39.647742],[67.3949,39.647873],[67.395031,39.648025],[67.39526,39.648408],[67.395482,39.648799],[67.395908,39.649547],[67.395952,39.649624],[67.396094,39.649874],[67.395733,39.649765],[67.3955,39.649695],[67.395086,39.649606],[67.395011,39.649593],[67.39493,39.649579],[67.394876,39.64957],[67.394763,39.649543],[67.394753,39.649543],[67.394649,39.649522],[67.394648,39.64951],[67.394589,39.6494],[67.39456,39.64934],[67.394418,39.649064],[67.394294,39.648851],[67.394286,39.648837],[67.39402,39.648373],[67.393808,39.64797]]]}},{"type":"Feature","id":82,"properties":{},"geometry":{"type":"Polygon","coordinates":[[[67.284271,39.591518],[67.284464,39.591908],[67.284362,39.591942],[67.284219,39.591991],[67.283875,39.592089],[67.283805,39.592112],[67.283742,39.592132],[67.28372,39.592139],[67.283368,39.592251],[67.283349,39.592257],[67.283332,39.592262],[67.2832,39.592304],[67.282902,39.592404],[67.28276,39.592452],[67.282463,39.592551],[67.28243,39.592562],[67.282354,39.592588],[67.282267,39.592615],[67.281952,39.592722],[67.281804,39.592772],[67.281468,39.592885],[67.281181,39.592664],[67.280319,39.591968],[67.279923,39.591641],[67.279347,39.591145],[67.279749,39.590989],[67.279929,39.590919],[67.279978,39.5909],[67.280123,39.590844],[67.280135,39.59084],[67.280249,39.590799],[67.280365,39.590757],[67.280632,39.59067],[67.280681,39.590645],[67.280795,39.590607],[67.280778,39.59058],[67.280791,39.590568],[67.280808,39.590514],[67.280741,39.590384],[67.280532,39.590113],[67.281718,39.589688],[67.282207,39.589517],[67.282384,39.589458],[67.282851,39.589305],[67.283351,39.589132],[67.283471,39.589076],[67.28353,39.589106],[67.283594,39.589115],[67.283767,39.589114],[67.283955,39.589133],[67.283987,39.58913],[67.284013,39.589174],[67.284035,39.589211],[67.284183,39.589463],[67.284338,39.589761],[67.284377,39.589835],[67.28455,39.590147],[67.284564,39.590229],[67.282341,39.590972],[67.282605,39.591405],[67.284483,39.590768],[67.28481,39.590658],[67.284849,39.590682],[67.284926,39.590829],[67.285146,39.591245],[67.28506,39.591272],[67.285059,39.591272],[67.284271,39.591518]]]}},{"type":"Feature","id":83,"properties":{},"geometry":{"type":"Polygon","coordinates":[[[67.290827,39.74843],[67.290134,39.748678],[67.289986,39.748738],[67.288805,39.746794],[67.288927,39.746764],[67.289058,39.746733],[67.289218,39.746706],[67.289391,39.746677],[67.289899,39.746591],[67.290244,39.746475],[67.290223,39.746432],[67.290434,39.746383],[67.290859,39.74626],[67.291282,39.746951],[67.291597,39.747464],[67.291772,39.747764],[67.291851,39.747898],[67.290754,39.748303],[67.290827,39.74843]]]}},{"type":"Feature","id":84,"properties":{},"geometry":{"type":"Polygon","coordinates":[[[67.291555,39.74969],[67.291193,39.749779],[67.290721,39.749948],[67.289986,39.748738],[67.290134,39.748678],[67.290827,39.74843],[67.291056,39.748824],[67.291366,39.749355],[67.291517,39.749613],[67.291555,39.74969]]]}},{"type":"Feature","id":85,"properties":{},"geometry":{"type":"Polygon","coordinates":[[[67.237482,39.627947],[67.237412,39.627976],[67.236771,39.628219],[67.236225,39.628422],[67.235779,39.628592],[67.235441,39.628141],[67.235441,39.62814],[67.23528,39.627926],[67.235034,39.627607],[67.235034,39.627592],[67.234948,39.62748],[67.234783,39.62728],[67.234779,39.627274],[67.234674,39.627129],[67.234465,39.62685],[67.234332,39.626659],[67.2343,39.626613],[67.234277,39.626571],[67.234304,39.626559],[67.234428,39.626507],[67.234934,39.626306],[67.234952,39.626298],[67.235183,39.626209],[67.235495,39.626106],[67.235768,39.626005],[67.235964,39.625934],[67.235978,39.625957],[67.236156,39.62618],[67.236164,39.626191],[67.236212,39.62625],[67.236631,39.626815],[67.236848,39.627107],[67.237001,39.627312],[67.237052,39.62738],[67.237482,39.627947]]]}},{"type":"Feature","id":86,"properties":{},"geometry":{"type":"Polygon","coordinates":[[[67.242772,39.630612],[67.24176,39.630979],[67.241575,39.631046],[67.241262,39.63116],[67.241129,39.631208],[67.240601,39.631396],[67.240218,39.630878],[67.239993,39.630572],[67.239837,39.63036],[67.239744,39.630235],[67.239657,39.630117],[67.239663,39.630114],[67.239672,39.63011],[67.239683,39.630106],[67.239702,39.630099],[67.241906,39.629262],[67.242131,39.629623],[67.242265,39.629839],[67.242551,39.630282],[67.242737,39.630562],[67.242772,39.630612]]]}},{"type":"Feature","id":87,"properties":{},"geometry":{"type":"Polygon","coordinates":[[[67.357643,39.690701],[67.357712,39.690641],[67.357803,39.690475],[67.357844,39.690338],[67.357895,39.69023],[67.357912,39.690202],[67.358024,39.69002],[67.358086,39.689928],[67.358134,39.68984],[67.358137,39.689836],[67.358777,39.688853],[67.358821,39.688787],[67.359901,39.689425],[67.361319,39.690269],[67.361868,39.690597],[67.361966,39.690657],[67.36247,39.690959],[67.362758,39.691117],[67.362843,39.691168],[67.362206,39.691892],[67.362123,39.691982],[67.362111,39.692055],[67.362109,39.69206],[67.362125,39.692098],[67.362204,39.692178],[67.362245,39.692211],[67.361921,39.692518],[67.36188,39.692556],[67.36176,39.692664],[67.361719,39.692708],[67.361706,39.69272],[67.361492,39.692942],[67.360226,39.692196],[67.360147,39.692149],[67.359636,39.691846],[67.359485,39.691757],[67.359368,39.691687],[67.359131,39.691546],[67.358894,39.691405],[67.357643,39.690701]]]}},{"type":"Feature","id":88,"properties":{},"geometry":{"type":"Polygon","coordinates":[[[67.361492,39.692942],[67.361485,39.69295],[67.361334,39.693093],[67.361306,39.69312],[67.361269,39.693156],[67.361264,39.693162],[67.357427,39.690898],[67.357579,39.690677],[67.357581,39.690674],[67.357643,39.690701],[67.358894,39.691405],[67.359131,39.691546],[67.359368,39.691687],[67.359485,39.691757],[67.359636,39.691846],[67.360147,39.692149],[67.360226,39.692196],[67.361492,39.692942]]]}},{"type":"Feature","id":89,"properties":{},"geometry":{"type":"Polygon","coordinates":[[[67.242504,39.615946],[67.242529,39.616018],[67.242511,39.616088],[67.242482,39.616146],[67.242481,39.616192],[67.24255,39.61626],[67.242704,39.616354],[67.242914,39.616562],[67.243046,39.616693],[67.243111,39.616734],[67.242961,39.616842],[67.242527,39.617149],[67.242126,39.617431],[67.241995,39.617508],[67.241886,39.617515],[67.24176,39.617497],[67.241499,39.617368],[67.24093,39.617037],[67.240856,39.617012],[67.241105,39.616681],[67.241212,39.616452],[67.241441,39.616045],[67.241812,39.615881],[67.24214,39.615895],[67.242437,39.615841],[67.242451,39.615891],[67.242504,39.615946]]]}},{"type":"Feature","id":90,"properties":{},"geometry":{"type":"Polygon","coordinates":[[[67.241871,39.607001],[67.241878,39.607008],[67.24274,39.60807],[67.242777,39.608114],[67.242853,39.608203],[67.241719,39.608815],[67.241593,39.608883],[67.24064,39.609396],[67.240556,39.609441],[67.24043,39.60951],[67.240123,39.609674],[67.240099,39.609687],[67.240095,39.609688],[67.240109,39.609702],[67.240125,39.609718],[67.240172,39.609767],[67.240242,39.609838],[67.24024,39.609838],[67.239084,39.608662],[67.239086,39.608661],[67.239084,39.60866],[67.239241,39.608567],[67.239772,39.608254],[67.239875,39.608193],[67.240277,39.607956],[67.24071,39.607691],[67.241502,39.607221],[67.241871,39.607001]]]}},{"type":"Feature","id":91,"properties":{},"geometry":{"type":"Polygon","coordinates":[[[67.229045,39.626305],[67.227961,39.626611],[67.227586,39.626725],[67.227026,39.626895],[67.226672,39.626995],[67.225306,39.627397],[67.225086,39.627464],[67.224244,39.627711],[67.223955,39.627797],[67.223614,39.6279],[67.223322,39.627992],[67.223146,39.628042],[67.223124,39.628046],[67.223092,39.62805],[67.223016,39.62806],[67.223015,39.62806],[67.223014,39.62806],[67.223107,39.627941],[67.223673,39.627239],[67.223772,39.627116],[67.223859,39.627008],[67.224107,39.626714],[67.22431,39.626474],[67.224353,39.626422],[67.224458,39.626299],[67.224738,39.625966],[67.225411,39.62521],[67.225467,39.625147],[67.226161,39.624159],[67.226632,39.623481],[67.227254,39.622581],[67.227352,39.622444],[67.229045,39.626305]]]}},{"type":"Feature","id":92,"properties":{},"geometry":{"type":"Polygon","coordinates":[[[67.294455,39.597787],[67.294482,39.598089],[67.29449,39.598184],[67.294088,39.598256],[67.293528,39.598357],[67.292872,39.598475],[67.292423,39.598555],[67.292231,39.59859],[67.291591,39.596111],[67.294495,39.595358],[67.294455,39.597787]]]}},{"type":"Feature","id":93,"properties":{},"geometry":{"type":"Polygon","coordinates":[[[67.289783,39.610512],[67.289675,39.61054],[67.289366,39.610577],[67.28925,39.610597],[67.288661,39.610697],[67.288484,39.610728],[67.288174,39.610781],[67.287482,39.610895],[67.287472,39.610775],[67.287414,39.609987],[67.287417,39.609985],[67.287586,39.60994],[67.287597,39.609937],[67.287737,39.609915],[67.288289,39.609826],[67.288512,39.609788],[67.288536,39.609784],[67.28854,39.609784],[67.288571,39.609778],[67.288727,39.60976],[67.288782,39.609752],[67.288845,39.609814],[67.289296,39.610141],[67.289344,39.610176],[67.289783,39.610512]]]}},{"type":"Feature","id":94,"properties":{},"geometry":{"type":"Polygon","coordinates":[[[67.392167,39.647123],[67.386762,39.648496],[67.386758,39.648489],[67.386758,39.648489],[67.386672,39.648239],[67.386637,39.648142],[67.386638,39.648075],[67.3867,39.647997],[67.386736,39.647897],[67.386746,39.647895],[67.386767,39.647811],[67.386769,39.647806],[67.38676,39.647706],[67.386735,39.647625],[67.386733,39.647619],[67.38672,39.647578],[67.386633,39.647356],[67.386675,39.647328],[67.386683,39.647325],[67.387619,39.647083],[67.387753,39.647048],[67.388409,39.646879],[67.388733,39.646796],[67.389045,39.646717],[67.389275,39.646659],[67.389789,39.646529],[67.390686,39.646303],[67.391116,39.646978],[67.391223,39.647146],[67.391891,39.646975],[67.391969,39.646987],[67.392062,39.647045],[67.392167,39.647123]]]}},{"type":"Feature","id":95,"properties":{},"geometry":{"type":"Polygon","coordinates":[[[67.388314,39.640948],[67.388382,39.640994],[67.384166,39.641017],[67.383921,39.640744],[67.383802,39.640563],[67.3836,39.64026],[67.383515,39.640098],[67.38515,39.640127],[67.385425,39.640134],[67.385477,39.640135],[67.386105,39.640149],[67.38624,39.640151],[67.386285,39.640277],[67.386256,39.6405],[67.386213,39.640831],[67.386222,39.640894],[67.386433,39.640913],[67.387006,39.640919],[67.387604,39.640926],[67.388314,39.640948]]]}},{"type":"Feature","id":96,"properties":{},"geometry":{"type":"Polygon","coordinates":[[[67.219401,39.643219],[67.219381,39.643239],[67.219521,39.643374],[67.219703,39.643517],[67.219826,39.643634],[67.219919,39.643723],[67.220242,39.644031],[67.220486,39.644263],[67.220531,39.644306],[67.220589,39.644346],[67.220623,39.644369],[67.220436,39.644557],[67.220408,39.644585],[67.220323,39.644668],[67.220323,39.644668],[67.220323,39.644668],[67.220296,39.644694],[67.220168,39.64482],[67.21981,39.645169],[67.219765,39.645215],[67.219745,39.645235],[67.219631,39.645346],[67.21961,39.645329],[67.219567,39.64529],[67.219544,39.645268],[67.219526,39.645252],[67.21945,39.645182],[67.219402,39.645135],[67.219361,39.645095],[67.219346,39.64508],[67.219247,39.644984],[67.219243,39.64498],[67.219197,39.644937],[67.219132,39.644873],[67.219067,39.644808],[67.218995,39.644739],[67.218956,39.644695],[67.218934,39.64467],[67.218931,39.644667],[67.21892,39.644656],[67.218914,39.64465],[67.218833,39.644572],[67.218712,39.644446],[67.218708,39.644442],[67.218666,39.644398],[67.218642,39.644373],[67.218598,39.644326],[67.218594,39.644321],[67.21855,39.644275],[67.218447,39.644168],[67.218339,39.644051],[67.218337,39.644049],[67.218224,39.64393],[67.218223,39.643929],[67.218187,39.643891],[67.21813,39.643831],[67.218069,39.643767],[67.218053,39.643752],[67.218231,39.643569],[67.218943,39.642856],[67.219005,39.64283],[67.219003,39.642855],[67.219015,39.642879],[67.219074,39.642931],[67.219129,39.642979],[67.219186,39.64303],[67.219324,39.643151],[67.219401,39.643219]]]}},{"type":"Feature","id":97,"properties":{},"geometry":{"type":"Polygon","coordinates":[[[67.306065,39.577627],[67.305848,39.577765],[67.305159,39.578205],[67.305157,39.578206],[67.305074,39.578259],[67.305074,39.578259],[67.304997,39.57825],[67.304995,39.578245],[67.305005,39.578237],[67.304966,39.578123],[67.304924,39.577999],[67.304864,39.577925],[67.304815,39.577803],[67.304611,39.57761],[67.304443,39.577402],[67.304156,39.577004],[67.304202,39.576997],[67.30458,39.576762],[67.305079,39.576418],[67.305316,39.576205],[67.305593,39.575929],[67.30592,39.575583],[67.306209,39.575363],[67.306448,39.575182],[67.306486,39.575153],[67.306527,39.575176],[67.306927,39.57558],[67.307033,39.575696],[67.307314,39.575981],[67.307607,39.57628],[67.308181,39.576864],[67.308209,39.576898],[67.307573,39.577256],[67.306838,39.577698],[67.306558,39.577866],[67.306499,39.577798],[67.306484,39.577781],[67.30625,39.577509],[67.306065,39.577627]]]}},{"type":"Feature","id":98,"properties":{},"geometry":{"type":"Polygon","coordinates":[[[67.300171,39.59148],[67.300626,39.59247],[67.300805,39.593172],[67.300828,39.593275],[67.297875,39.59423],[67.297733,39.594019],[67.297655,39.593901],[67.297501,39.593803],[67.297341,39.593721],[67.297245,39.593649],[67.297046,39.593399],[67.296916,39.59323],[67.296823,39.593062],[67.296746,39.592992],[67.296724,39.592906],[67.296675,39.592684],[67.296623,39.592629],[67.296715,39.592618],[67.297786,39.592262],[67.299239,39.591786],[67.299331,39.591756],[67.300171,39.59148]]]}},{"type":"Feature","id":99,"properties":{},"geometry":{"type":"Polygon","coordinates":[[[67.330341,39.674551],[67.330143,39.674804],[67.32972,39.675385],[67.329278,39.675959],[67.329183,39.676081],[67.328843,39.676516],[67.328803,39.676568],[67.328647,39.676774],[67.327807,39.674163],[67.327859,39.674151],[67.328059,39.674121],[67.328193,39.674121],[67.328357,39.67412],[67.328384,39.67412],[67.328443,39.674119],[67.32859,39.674119],[67.328821,39.674119],[67.328906,39.674107],[67.328983,39.674095],[67.329097,39.674077],[67.329325,39.674004],[67.329358,39.673994],[67.329395,39.673981],[67.329544,39.673934],[67.32972,39.673859],[67.329747,39.673848],[67.329981,39.673759],[67.330091,39.67372],[67.330341,39.674551]]]}},{"type":"Feature","id":100,"properties":{},"geometry":{"type":"Polygon","coordinates":[[[67.334932,39.678056],[67.335781,39.678502],[67.336047,39.678643],[67.335065,39.680027],[67.334994,39.679997],[67.33498,39.679991],[67.334841,39.679932],[67.334542,39.679806],[67.334249,39.679682],[67.334113,39.679624],[67.333894,39.679517],[67.334758,39.677961],[67.334932,39.678056]]]}},{"type":"Feature","id":101,"properties":{},"geometry":{"type":"Polygon","coordinates":[[[67.319364,39.744065],[67.319244,39.744117],[67.318858,39.744302],[67.317358,39.745057],[67.31672,39.745373],[67.316058,39.745701],[67.3155,39.745989],[67.315409,39.745928],[67.314464,39.745238],[67.312614,39.743846],[67.312733,39.74378],[67.312779,39.743759],[67.313647,39.74336],[67.314824,39.744531],[67.314878,39.744532],[67.315073,39.744434],[67.315088,39.74445],[67.315142,39.74445],[67.315317,39.744363],[67.317004,39.743503],[67.317661,39.743164],[67.317781,39.74312],[67.317889,39.743062],[67.318111,39.742944],[67.318261,39.742861],[67.318507,39.743174],[67.318651,39.743336],[67.318691,39.743381],[67.318775,39.743474],[67.319085,39.74377],[67.319169,39.743849],[67.319364,39.744065]]]}},{"type":"Feature","id":102,"properties":{},"geometry":{"type":"Polygon","coordinates":[[[67.325141,39.743646],[67.325478,39.743968],[67.325821,39.74431],[67.326016,39.744491],[67.324862,39.745121],[67.324906,39.745159],[67.324089,39.745603],[67.323782,39.745738],[67.323602,39.745836],[67.322358,39.74508],[67.322792,39.744847],[67.323256,39.74461],[67.323386,39.744543],[67.325141,39.743646]]]}},{"type":"Feature","id":103,"properties":{},"geometry":{"type":"Polygon","coordinates":[[[67.333354,39.586459],[67.334578,39.586765],[67.33406,39.58704],[67.333835,39.587149],[67.333375,39.587371],[67.333071,39.587514],[67.332879,39.587298],[67.333792,39.586899],[67.33341,39.586755],[67.333134,39.586586],[67.333354,39.586459]]]}},{"type":"Feature","id":104,"properties":{},"geometry":{"type":"Polygon","coordinates":[[[67.329913,39.585489],[67.328738,39.586883],[67.328369,39.586579],[67.329024,39.585891],[67.329252,39.585636],[67.329471,39.585391],[67.329484,39.585376],[67.32962,39.585412],[67.329864,39.585476],[67.329913,39.585489]]]}},{"type":"Feature","id":105,"properties":{},"geometry":{"type":"Polygon","coordinates":[[[67.331594,39.588432],[67.331586,39.58851],[67.331575,39.588616],[67.331541,39.588771],[67.331415,39.588976],[67.331307,39.589079],[67.331166,39.589215],[67.330994,39.589348],[67.330888,39.58943],[67.330615,39.589676],[67.330605,39.589613],[67.330627,39.589582],[67.330627,39.589581],[67.330627,39.589581],[67.330564,39.589554],[67.330442,39.589418],[67.330437,39.589333],[67.330437,39.589333],[67.330379,39.589343],[67.330214,39.589129],[67.329462,39.588151],[67.329616,39.587995],[67.329656,39.587955],[67.329682,39.587928],[67.329698,39.587912],[67.329713,39.587897],[67.329734,39.587875],[67.329699,39.587846],[67.329793,39.587752],[67.330172,39.58737],[67.330461,39.587108],[67.330666,39.587355],[67.330829,39.587587],[67.331037,39.587882],[67.331304,39.588208],[67.331496,39.588421],[67.331594,39.588432]]]}},{"type":"Feature","id":106,"properties":{},"geometry":{"type":"Polygon","coordinates":[[[67.331746,39.585987],[67.331806,39.585986],[67.331829,39.585994],[67.331778,39.586037],[67.331819,39.586066],[67.332342,39.586754],[67.33242,39.586859],[67.332254,39.587178],[67.33213,39.5874],[67.331871,39.587732],[67.331647,39.588059],[67.331616,39.588223],[67.331594,39.588432],[67.331496,39.588421],[67.331304,39.588208],[67.331037,39.587882],[67.330829,39.587587],[67.330666,39.587355],[67.330461,39.587108],[67.330872,39.586871],[67.330771,39.586781],[67.331272,39.586378],[67.331746,39.585987]]]}},{"type":"Feature","id":107,"properties":{},"geometry":{"type":"Polygon","coordinates":[[[67.330379,39.589343],[67.330168,39.589412],[67.32843,39.58998],[67.327536,39.590272],[67.327536,39.590222],[67.328038,39.58964],[67.328339,39.589291],[67.329462,39.588151],[67.330214,39.589129],[67.330379,39.589343]]]}},{"type":"Feature","id":108,"properties":{},"geometry":{"type":"Polygon","coordinates":[[[67.329793,39.587752],[67.329699,39.587846],[67.32833,39.586711],[67.328282,39.58667],[67.328282,39.58667],[67.328306,39.586644],[67.328369,39.586579],[67.328738,39.586883],[67.329793,39.587752]]]}},{"type":"Feature","id":109,"properties":{},"geometry":{"type":"Polygon","coordinates":[[[67.333071,39.587514],[67.332524,39.587771],[67.332465,39.587783],[67.332393,39.587798],[67.332371,39.587826],[67.332339,39.587832],[67.332252,39.587946],[67.332126,39.588112],[67.332082,39.588162],[67.331955,39.588305],[67.331816,39.588462],[67.331815,39.58847],[67.33171,39.588531],[67.331645,39.588568],[67.331671,39.588334],[67.331744,39.588096],[67.332297,39.587206],[67.332455,39.586884],[67.332533,39.586906],[67.332879,39.587298],[67.333071,39.587514]]]}},{"type":"Feature","id":110,"properties":{},"geometry":{"type":"Polygon","coordinates":[[[67.333354,39.586459],[67.333134,39.586586],[67.33341,39.586755],[67.333792,39.586899],[67.332879,39.587298],[67.332533,39.586906],[67.332455,39.586884],[67.332459,39.586874],[67.331988,39.586248],[67.33195,39.586031],[67.333178,39.586415],[67.333354,39.586459]]]}},{"type":"Feature","id":111,"properties":{},"geometry":{"type":"Polygon","coordinates":[[[67.296934,39.738238],[67.297175,39.738559],[67.297248,39.738664],[67.297364,39.738787],[67.297448,39.738876],[67.297515,39.738941],[67.297978,39.739424],[67.298106,39.739557],[67.298608,39.74008],[67.298663,39.740138],[67.299012,39.740494],[67.299098,39.740582],[67.299426,39.74096],[67.299583,39.741146],[67.29974,39.741316],[67.299818,39.741415],[67.299876,39.741626],[67.299284,39.74185],[67.299042,39.741924],[67.299024,39.741922],[67.298991,39.741878],[67.298976,39.741858],[67.29892,39.741766],[67.298908,39.741742],[67.298826,39.741633],[67.298549,39.741282],[67.298228,39.740886],[67.297934,39.740538],[67.297587,39.740104],[67.297185,39.739607],[67.297162,39.739578],[67.296843,39.739174],[67.296523,39.738753],[67.296429,39.738651],[67.296157,39.738309],[67.29631,39.738253],[67.296331,39.738245],[67.296777,39.738088],[67.296934,39.738238]]]}},{"type":"Feature","id":112,"properties":{},"geometry":{"type":"Polygon","coordinates":[[[67.301838,39.734946],[67.301946,39.734939],[67.302021,39.735003],[67.302107,39.734953],[67.302215,39.735035],[67.302378,39.734923],[67.302462,39.734867],[67.302643,39.734748],[67.302757,39.734684],[67.302816,39.734648],[67.303462,39.735086],[67.30382,39.735335],[67.303935,39.735377],[67.303888,39.7354],[67.30382,39.735437],[67.303593,39.735579],[67.303146,39.735858],[67.30301,39.735944],[67.302388,39.736335],[67.302109,39.736482],[67.30203,39.736511],[67.301982,39.736507],[67.301945,39.736526],[67.30191,39.736543],[67.301896,39.736561],[67.30187,39.73657],[67.301805,39.736564],[67.301661,39.736516],[67.301459,39.736472],[67.301243,39.736437],[67.301097,39.736437],[67.301031,39.736462],[67.300946,39.736469],[67.300854,39.736497],[67.300412,39.736657],[67.299724,39.736948],[67.299483,39.737037],[67.299458,39.737043],[67.299439,39.737041],[67.299371,39.737023],[67.299382,39.737013],[67.300068,39.736415],[67.300052,39.736397],[67.299981,39.736332],[67.301139,39.735461],[67.301838,39.734946]]]}},{"type":"Feature","id":113,"properties":{},"geometry":{"type":"Polygon","coordinates":[[[67.237862,39.709986],[67.237912,39.709979],[67.238048,39.709961],[67.238454,39.70991],[67.23903,39.709838],[67.240219,39.709691],[67.238546,39.712944],[67.238402,39.71293],[67.237955,39.712901],[67.237505,39.712874],[67.237037,39.71285],[67.236412,39.712813],[67.236258,39.712825],[67.237862,39.709986]]]}},{"type":"Feature","id":114,"properties":{},"geometry":{"type":"Polygon","coordinates":[[[67.430853,39.633836],[67.430914,39.633821],[67.431537,39.635264],[67.431456,39.635361],[67.431319,39.635526],[67.431172,39.635711],[67.430895,39.636001],[67.43085,39.636044],[67.430643,39.636251],[67.430529,39.636331],[67.43045,39.636365],[67.430277,39.636434],[67.430053,39.63588],[67.429935,39.635615],[67.429843,39.635399],[67.429735,39.635142],[67.429654,39.634943],[67.429583,39.634726],[67.429562,39.63468],[67.429647,39.634634],[67.429716,39.634592],[67.42978,39.634558],[67.429832,39.634534],[67.429889,39.634508],[67.42995,39.634479],[67.430013,39.634447],[67.430078,39.634412],[67.430146,39.634373],[67.430215,39.63433],[67.430287,39.634284],[67.430358,39.634237],[67.430425,39.63419],[67.430487,39.634145],[67.430546,39.634101],[67.430601,39.634059],[67.430652,39.634017],[67.430697,39.633979],[67.430736,39.633945],[67.430779,39.633907],[67.430853,39.633836]]]}},{"type":"Feature","id":115,"properties":{},"geometry":{"type":"Polygon","coordinates":[[[67.270487,39.627521],[67.270181,39.627666],[67.269481,39.627971],[67.269395,39.628009],[67.268985,39.628187],[67.268825,39.627926],[67.268667,39.627694],[67.268636,39.627647],[67.268576,39.627558],[67.26809,39.626839],[67.268091,39.626839],[67.268578,39.627558],[67.268578,39.627558],[67.27004,39.626947],[67.270086,39.62701],[67.270152,39.627102],[67.270434,39.627462],[67.270487,39.627521]]]}},{"type":"Feature","id":116,"properties":{},"geometry":{"type":"Polygon","coordinates":[[[67.267653,39.628817],[67.267278,39.628991],[67.266801,39.629213],[67.266524,39.629334],[67.266524,39.629334],[67.266361,39.629413],[67.266358,39.629414],[67.266332,39.629375],[67.266243,39.629286],[67.266081,39.629078],[67.266039,39.629024],[67.265436,39.62828],[67.265363,39.628234],[67.265412,39.628167],[67.265452,39.628084],[67.265453,39.628082],[67.265454,39.628084],[67.265454,39.628084],[67.266669,39.627527],[67.267188,39.62819],[67.267412,39.628482],[67.267512,39.628612],[67.267638,39.628799],[67.267653,39.628817]]]}},{"type":"Feature","id":117,"properties":{},"geometry":{"type":"Polygon","coordinates":[[[67.266552,39.629861],[67.267058,39.630535],[67.267058,39.630535],[67.267099,39.630591],[67.267138,39.630643],[67.265135,39.63162],[67.264982,39.631468],[67.264432,39.630878],[67.264473,39.630847],[67.264485,39.630842],[67.265316,39.630445],[67.265962,39.630129],[67.266552,39.629861]]]}},{"type":"Feature","id":118,"properties":{},"geometry":{"type":"Polygon","coordinates":[[[67.27004,39.626947],[67.270042,39.626946],[67.270042,39.626946],[67.270009,39.626903],[67.269781,39.626583],[67.269634,39.6264],[67.269592,39.626348],[67.269525,39.626264],[67.269487,39.626217],[67.269373,39.626074],[67.269321,39.626006],[67.268899,39.625474],[67.268633,39.625137],[67.268576,39.625034],[67.268511,39.624911],[67.268495,39.624887],[67.268484,39.624867],[67.268871,39.62488],[67.268889,39.624925],[67.268936,39.62504],[67.268976,39.625134],[67.269014,39.625234],[67.26912,39.625371],[67.269309,39.625608],[67.269409,39.625701],[67.269474,39.625715],[67.269571,39.625712],[67.26964,39.625763],[67.269739,39.625911],[67.269925,39.626172],[67.270599,39.627117],[67.270787,39.627387],[67.270487,39.627521],[67.270434,39.627462],[67.270152,39.627102],[67.270086,39.62701],[67.27004,39.626947]]]}},{"type":"Feature","id":119,"properties":{},"geometry":{"type":"Polygon","coordinates":[[[67.266081,39.629078],[67.266007,39.629111],[67.265736,39.629253],[67.265544,39.629359],[67.26544,39.629445],[67.265154,39.629602],[67.265081,39.629642],[67.264593,39.629911],[67.264458,39.629985],[67.263962,39.630258],[67.263907,39.630278],[67.263139,39.629473],[67.263119,39.629446],[67.263197,39.629393],[67.263236,39.629374],[67.263236,39.629374],[67.263512,39.629228],[67.263534,39.629216],[67.263578,39.629193],[67.263578,39.629193],[67.263672,39.629142],[67.263675,39.62914],[67.264285,39.628816],[67.264404,39.628753],[67.264541,39.62868],[67.264985,39.628451],[67.265034,39.628426],[67.265086,39.628399],[67.265334,39.628275],[67.265363,39.628234],[67.265436,39.62828],[67.266039,39.629024],[67.266081,39.629078]]]}},{"type":"Feature","id":120,"properties":{},"geometry":{"type":"Polygon","coordinates":[[[67.220394,39.77911],[67.220292,39.779165],[67.220163,39.779226],[67.219805,39.779371],[67.219583,39.77947],[67.21925,39.779611],[67.219034,39.779701],[67.218614,39.779297],[67.218271,39.778968],[67.218203,39.778902],[67.217799,39.778514],[67.217697,39.778417],[67.217648,39.778369],[67.216538,39.777286],[67.21665,39.777243],[67.21682,39.777155],[67.216875,39.777127],[67.217128,39.776977],[67.217265,39.776892],[67.217285,39.776845],[67.21727,39.776795],[67.217207,39.776727],[67.217096,39.776644],[67.216871,39.776424],[67.216632,39.776167],[67.216437,39.775964],[67.216275,39.775836],[67.216238,39.775807],[67.21618,39.775758],[67.21613,39.775701],[67.216143,39.775693],[67.216586,39.775427],[67.216644,39.775392],[67.216699,39.775446],[67.216907,39.77565],[67.217456,39.776189],[67.218352,39.777108],[67.219044,39.777753],[67.219762,39.778445],[67.220157,39.778849],[67.220394,39.77911]]]}},{"type":"Feature","id":121,"properties":{},"geometry":{"type":"Polygon","coordinates":[[[67.224229,39.772639],[67.223886,39.772857],[67.223004,39.772008],[67.223008,39.772006],[67.223013,39.772003],[67.22305,39.77198],[67.22335,39.771797],[67.223742,39.771568],[67.223789,39.77154],[67.224091,39.771357],[67.224511,39.771119],[67.224538,39.771104],[67.22474,39.770986],[67.224746,39.770983],[67.224962,39.770857],[67.225244,39.770692],[67.225297,39.770659],[67.225551,39.770907],[67.225618,39.770973],[67.225726,39.771078],[67.2261,39.771443],[67.225664,39.771727],[67.225546,39.771803],[67.225496,39.771836],[67.225174,39.772045],[67.224602,39.772404],[67.223736,39.771571],[67.223585,39.771662],[67.223353,39.771801],[67.224229,39.772639]]]}},{"type":"Feature","id":122,"properties":{},"geometry":{"type":"Polygon","coordinates":[[[67.409112,39.645231],[67.409412,39.645282],[67.409364,39.645329],[67.409317,39.645377],[67.409261,39.645436],[67.409215,39.645487],[67.409183,39.645523],[67.409152,39.645561],[67.409121,39.6456],[67.409091,39.64564],[67.409062,39.645682],[67.409034,39.645725],[67.409006,39.645768],[67.408978,39.645811],[67.40895,39.645851],[67.408922,39.645891],[67.408893,39.64593],[67.408872,39.645958],[67.405802,39.645255],[67.407275,39.644487],[67.407276,39.644556],[67.407277,39.64462],[67.407278,39.644673],[67.407279,39.644717],[67.40728,39.644765],[67.40733,39.644814],[67.407405,39.644844],[67.407476,39.644869],[67.407563,39.644898],[67.407657,39.644929],[67.407751,39.644958],[67.407847,39.644988],[67.407937,39.645011],[67.408046,39.645036],[67.408121,39.645058],[67.408218,39.645081],[67.40833,39.645104],[67.408454,39.645127],[67.408591,39.645151],[67.408742,39.645176],[67.408906,39.645201],[67.409112,39.645231]]]}},{"type":"Feature","id":123,"properties":{},"geometry":{"type":"Polygon","coordinates":[[[67.407057,39.647381],[67.406694,39.647435],[67.406564,39.647454],[67.406413,39.647476],[67.406243,39.6475],[67.406054,39.647527],[67.405845,39.647557],[67.405616,39.647589],[67.405383,39.647622],[67.40516,39.647654],[67.404948,39.647684],[67.404746,39.647714],[67.404554,39.647742],[67.404373,39.647768],[67.404202,39.647794],[67.40404,39.647818],[67.403887,39.647841],[67.403744,39.647863],[67.40361,39.647884],[67.403486,39.647903],[67.40318,39.647959],[67.403174,39.647955],[67.403164,39.647948],[67.403153,39.647941],[67.403141,39.647935],[67.403127,39.647928],[67.403114,39.647921],[67.403103,39.647915],[67.403095,39.647907],[67.403089,39.6479],[67.403086,39.647892],[67.403085,39.647884],[67.403086,39.647874],[67.403091,39.647863],[67.403098,39.64785],[67.403109,39.647836],[67.403122,39.647819],[67.403138,39.647801],[67.403156,39.647782],[67.403176,39.647762],[67.403196,39.647743],[67.403218,39.647723],[67.403241,39.647703],[67.403265,39.647684],[67.403288,39.647664],[67.403309,39.647645],[67.403327,39.647627],[67.403342,39.647609],[67.403355,39.647591],[67.403365,39.647574],[67.403372,39.647558],[67.403379,39.64754],[67.403384,39.647523],[67.403388,39.647504],[67.40339,39.647486],[67.403391,39.647466],[67.403391,39.647448],[67.403387,39.647431],[67.403386,39.647428],[67.403382,39.647416],[67.403378,39.64741],[67.403374,39.647403],[67.403363,39.647392],[67.40335,39.647382],[67.403336,39.647374],[67.403322,39.647366],[67.403308,39.647358],[67.403294,39.64735],[67.403281,39.647342],[67.403268,39.647335],[67.403253,39.647328],[67.403235,39.647322],[67.403219,39.647318],[67.403214,39.647317],[67.40319,39.647313],[67.403164,39.647309],[67.403163,39.647309],[67.403133,39.647306],[67.403103,39.647304],[67.403073,39.647304],[67.403045,39.647306],[67.403033,39.647307],[67.403024,39.647306],[67.40295,39.647312],[67.402885,39.647328],[67.402868,39.64733],[67.402866,39.647328],[67.402862,39.647325],[67.402854,39.647312],[67.402845,39.647295],[67.402836,39.647273],[67.402827,39.647246],[67.402817,39.647212],[67.402807,39.647172],[67.402795,39.647123],[67.402783,39.647067],[67.402783,39.647065],[67.40277,39.647003],[67.40277,39.647003],[67.402756,39.646932],[67.402742,39.646862],[67.402732,39.646805],[67.402723,39.646759],[67.402717,39.646725],[67.402691,39.64672],[67.402675,39.646717],[67.402689,39.646684],[67.402755,39.646673],[67.402817,39.646664],[67.402895,39.64665],[67.40297,39.646636],[67.403051,39.646621],[67.403225,39.646589],[67.403502,39.646537],[67.403562,39.646527],[67.403658,39.646509],[67.403817,39.646481],[67.403986,39.646452],[67.404162,39.646423],[67.404267,39.646406],[67.404346,39.646394],[67.40444,39.646378],[67.404556,39.646361],[67.404728,39.646335],[67.40491,39.646307],[67.405082,39.646282],[67.405246,39.646258],[67.4054,39.646236],[67.405537,39.646215],[67.405569,39.646211],[67.40557,39.646218],[67.405582,39.646237],[67.406899,39.646034],[67.406978,39.645993],[67.406995,39.646001],[67.407104,39.646045],[67.407212,39.646087],[67.407264,39.646107],[67.407316,39.646126],[67.407395,39.646154],[67.40737,39.646227],[67.407351,39.646331],[67.407328,39.646394],[67.407308,39.646445],[67.407286,39.646504],[67.40726,39.64657],[67.407231,39.646643],[67.407202,39.64672],[67.407176,39.646799],[67.407155,39.64688],[67.407134,39.64696],[67.407117,39.647042],[67.407104,39.647125],[67.407092,39.647212],[67.40708,39.647302],[67.407057,39.647381]]]}},{"type":"Feature","id":124,"properties":{},"geometry":{"type":"Polygon","coordinates":[[[67.253449,39.764154],[67.253213,39.764234],[67.253091,39.764263],[67.252799,39.764309],[67.252301,39.764388],[67.251881,39.764441],[67.251489,39.764511],[67.250146,39.763702],[67.250152,39.763693],[67.248068,39.762459],[67.248342,39.762153],[67.250355,39.763384],[67.250485,39.763249],[67.250592,39.763137],[67.250956,39.762757],[67.251052,39.762668],[67.253449,39.764154]]]}},{"type":"Feature","id":125,"properties":{},"geometry":{"type":"Polygon","coordinates":[[[67.235931,39.767348],[67.237066,39.768045],[67.237128,39.768084],[67.237586,39.768371],[67.238166,39.768751],[67.238671,39.76907],[67.238731,39.769109],[67.239137,39.769376],[67.239531,39.769626],[67.239449,39.76968],[67.239265,39.769772],[67.239049,39.769853],[67.238756,39.769974],[67.238609,39.770018],[67.238544,39.770036],[67.238534,39.77004],[67.238391,39.770083],[67.238256,39.770089],[67.237241,39.769395],[67.237214,39.769376],[67.236582,39.76893],[67.23576,39.768368],[67.235345,39.768095],[67.235102,39.76793],[67.234864,39.767767],[67.234863,39.767767],[67.235077,39.767602],[67.235164,39.767526],[67.235359,39.767356],[67.235586,39.767143],[67.235931,39.767348]]]}},{"type":"Feature","id":126,"properties":{},"geometry":{"type":"Polygon","coordinates":[[[67.32612,39.703032],[67.326094,39.703034],[67.32604,39.703038],[67.325997,39.703041],[67.325843,39.703091],[67.325733,39.703127],[67.324867,39.703469],[67.324689,39.703559],[67.324628,39.70359],[67.324036,39.703892],[67.323784,39.704084],[67.323653,39.704138],[67.323641,39.704143],[67.323481,39.704208],[67.323367,39.704259],[67.323238,39.704318],[67.323225,39.704278],[67.322597,39.702307],[67.323323,39.702249],[67.324313,39.702215],[67.325565,39.702126],[67.325923,39.702689],[67.326039,39.702889],[67.326097,39.702988],[67.32612,39.703032]]]}},{"type":"Feature","id":127,"properties":{},"geometry":{"type":"Polygon","coordinates":[[[67.320859,39.7043],[67.321071,39.704531],[67.321203,39.704703],[67.321222,39.704771],[67.320805,39.704585],[67.320529,39.704498],[67.320263,39.704415],[67.319797,39.704241],[67.319605,39.704155],[67.319386,39.704051],[67.319327,39.704083],[67.319316,39.704078],[67.319078,39.703926],[67.318901,39.703812],[67.318789,39.70374],[67.318699,39.703636],[67.318696,39.703631],[67.318816,39.70368],[67.318916,39.703708],[67.319096,39.703756],[67.319211,39.70377],[67.319416,39.703744],[67.319488,39.703734],[67.31964,39.703777],[67.319644,39.703778],[67.319663,39.703783],[67.319769,39.703805],[67.319781,39.703807],[67.319792,39.703808],[67.319796,39.703808],[67.319893,39.703817],[67.319911,39.703818],[67.319915,39.703818],[67.319918,39.703818],[67.320076,39.703816],[67.320163,39.703819],[67.320191,39.703821],[67.320386,39.703829],[67.320859,39.7043]]]}},{"type":"Feature","id":128,"properties":{},"geometry":{"type":"Polygon","coordinates":[[[67.386896,39.71444],[67.384159,39.714848],[67.384301,39.71536],[67.383588,39.715469],[67.383549,39.715326],[67.383398,39.71498],[67.382953,39.715025],[67.382937,39.715002],[67.382944,39.714986],[67.382861,39.714626],[67.382717,39.714056],[67.382701,39.713933],[67.383001,39.713939],[67.383277,39.713934],[67.383698,39.713932],[67.384322,39.713853],[67.385054,39.713746],[67.385634,39.713655],[67.386279,39.713588],[67.386572,39.713529],[67.386626,39.71353],[67.386674,39.713593],[67.386709,39.713645],[67.386877,39.714316],[67.386878,39.714344],[67.386888,39.714362],[67.386904,39.714428],[67.386896,39.71444]]]}},{"type":"Feature","id":129,"properties":{},"geometry":{"type":"Polygon","coordinates":[[[67.386896,39.71444],[67.386875,39.714469],[67.386917,39.714624],[67.386935,39.714687],[67.387072,39.715052],[67.387153,39.715274],[67.387191,39.715448],[67.386779,39.715534],[67.386478,39.715583],[67.38644,39.71559],[67.386345,39.715605],[67.386053,39.715653],[67.385075,39.715813],[67.384127,39.715977],[67.384026,39.715994],[67.383907,39.716015],[67.383876,39.716003],[67.383817,39.715976],[67.383798,39.715955],[67.383761,39.715904],[67.383759,39.715903],[67.383736,39.715794],[67.383663,39.715655],[67.383617,39.71558],[67.383591,39.715483],[67.383588,39.715469],[67.384301,39.71536],[67.384159,39.714848],[67.386896,39.71444]]]}},{"type":"Feature","id":130,"properties":{},"geometry":{"type":"Polygon","coordinates":[[[67.334195,39.748051],[67.33428,39.74809],[67.334247,39.748143],[67.333795,39.748725],[67.333765,39.748764],[67.333094,39.749629],[67.33263,39.749413],[67.332488,39.749347],[67.332515,39.749312],[67.33297,39.748738],[67.333211,39.748433],[67.333658,39.747868],[67.333702,39.747832],[67.334195,39.748051]]]}},{"type":"Feature","id":131,"properties":{},"geometry":{"type":"Polygon","coordinates":[[[67.333739,39.752506],[67.333546,39.752744],[67.333035,39.75335],[67.332714,39.753168],[67.332527,39.753079],[67.331591,39.75263],[67.332166,39.751899],[67.333323,39.752338],[67.333597,39.75244],[67.333739,39.752506]]]}},{"type":"Feature","id":132,"properties":{},"geometry":{"type":"Polygon","coordinates":[[[67.333575,39.750239],[67.334708,39.750775],[67.33384,39.751769],[67.333512,39.75214],[67.333323,39.752338],[67.332166,39.751899],[67.332427,39.751578],[67.332609,39.751355],[67.33269,39.751256],[67.332732,39.751207],[67.333575,39.750239]]]}},{"type":"Feature","id":133,"properties":{},"geometry":{"type":"Polygon","coordinates":[[[67.333662,39.753758],[67.333419,39.754087],[67.333156,39.754444],[67.332914,39.754429],[67.332719,39.754415],[67.332531,39.754401],[67.332198,39.754377],[67.332027,39.754372],[67.3318,39.754364],[67.331632,39.754358],[67.331959,39.754001],[67.332534,39.753394],[67.332557,39.753404],[67.332861,39.753525],[67.332969,39.753568],[67.333178,39.753621],[67.333348,39.753664],[67.333362,39.753668],[67.333405,39.753679],[67.33358,39.753732],[67.333662,39.753758]]]}},{"type":"Feature","id":134,"properties":{},"geometry":{"type":"Polygon","coordinates":[[[67.395974,39.682402],[67.395997,39.682832],[67.396014,39.683041],[67.396061,39.683096],[67.396125,39.683113],[67.396137,39.683121],[67.396121,39.683177],[67.396005,39.683476],[67.395946,39.68363],[67.395622,39.684315],[67.395567,39.684329],[67.39427,39.684598],[67.394073,39.684639],[67.393208,39.684819],[67.392957,39.684406],[67.392887,39.684287],[67.392608,39.683752],[67.392357,39.683275],[67.392348,39.683252],[67.392164,39.682785],[67.395971,39.682148],[67.395974,39.682402]]]}},{"type":"Feature","id":135,"properties":{},"geometry":{"type":"Polygon","coordinates":[[[67.355663,39.681951],[67.356273,39.681195],[67.356394,39.681218],[67.35662,39.681025],[67.356965,39.681215],[67.357091,39.681285],[67.357945,39.681758],[67.359529,39.682637],[67.359023,39.683186],[67.358835,39.683128],[67.358378,39.683463],[67.358102,39.683309],[67.355663,39.681951]]]}},{"type":"Feature","id":136,"properties":{},"geometry":{"type":"Polygon","coordinates":[[[67.222454,39.712616],[67.222293,39.712628],[67.221453,39.711337],[67.221439,39.711262],[67.221425,39.711052],[67.221422,39.710982],[67.221272,39.710652],[67.221213,39.71052],[67.221233,39.710513],[67.222203,39.710168],[67.223192,39.709766],[67.223559,39.709989],[67.223779,39.710234],[67.22384,39.710385],[67.22387,39.710695],[67.223829,39.71083],[67.223805,39.710907],[67.223814,39.711],[67.223831,39.711187],[67.223886,39.711363],[67.22411,39.711876],[67.224136,39.711937],[67.222454,39.712616]]]}},{"type":"Feature","id":137,"properties":{},"geometry":{"type":"Polygon","coordinates":[[[67.217918,39.694318],[67.217875,39.694297],[67.217814,39.694269],[67.217263,39.694012],[67.217065,39.693931],[67.216998,39.693904],[67.216896,39.693863],[67.218671,39.690847],[67.21876,39.690678],[67.218788,39.690669],[67.219219,39.69053],[67.219597,39.690398],[67.219767,39.690341],[67.220313,39.690164],[67.22035,39.690153],[67.220396,39.690139],[67.217918,39.694318]]]}},{"type":"Feature","id":138,"properties":{},"geometry":{"type":"Polygon","coordinates":[[[67.326986,39.685442],[67.327172,39.68578],[67.327206,39.685833],[67.327402,39.686165],[67.327294,39.686314],[67.326987,39.68674],[67.326567,39.68732],[67.325895,39.688161],[67.325895,39.688161],[67.325522,39.688618],[67.325515,39.688628],[67.325471,39.688692],[67.325365,39.68864],[67.325332,39.688647],[67.325299,39.688653],[67.325273,39.688654],[67.32522,39.688641],[67.325203,39.688634],[67.325075,39.688557],[67.325013,39.688501],[67.324807,39.688321],[67.326986,39.685442]]]}},{"type":"Feature","id":139,"properties":{},"geometry":{"type":"Polygon","coordinates":[[[67.367268,39.721428],[67.367851,39.721687],[67.368265,39.721852],[67.368503,39.721947],[67.369298,39.722277],[67.369409,39.722327],[67.369458,39.722344],[67.369543,39.7224],[67.369612,39.722463],[67.369696,39.722561],[67.369767,39.722593],[67.369894,39.722651],[67.370296,39.722765],[67.370624,39.72287],[67.371245,39.723104],[67.371346,39.723147],[67.371309,39.723198],[67.371234,39.723316],[67.371223,39.72334],[67.371191,39.723411],[67.371176,39.723442],[67.37116,39.723478],[67.371159,39.723479],[67.371158,39.723482],[67.371147,39.723539],[67.371144,39.723554],[67.371144,39.723555],[67.371143,39.723563],[67.371141,39.723611],[67.370829,39.723629],[67.370618,39.723642],[67.370379,39.723656],[67.370147,39.723669],[67.36977,39.723687],[67.36921,39.723696],[67.368849,39.723702],[67.368686,39.723687],[67.368201,39.723638],[67.368176,39.723575],[67.367953,39.723175],[67.367714,39.722759],[67.367692,39.7227],[67.367652,39.722578],[67.367617,39.722497],[67.367601,39.722454],[67.367371,39.721928],[67.367247,39.721709],[67.367095,39.721377],[67.367268,39.721428]]]}},{"type":"Feature","id":140,"properties":{},"geometry":{"type":"Polygon","coordinates":[[[67.359099,39.725813],[67.359286,39.725916],[67.359328,39.725971],[67.359778,39.726274],[67.35994,39.726385],[67.359948,39.726391],[67.360041,39.726462],[67.360482,39.726798],[67.36041,39.726846],[67.360365,39.726929],[67.360324,39.727066],[67.360305,39.727183],[67.360309,39.727245],[67.360366,39.727313],[67.360414,39.727343],[67.360314,39.72747],[67.360079,39.727768],[67.360009,39.727859],[67.35998,39.727898],[67.359979,39.727898],[67.359052,39.728076],[67.35803,39.728329],[67.357875,39.728268],[67.357873,39.728271],[67.357836,39.728229],[67.357773,39.728157],[67.357414,39.727776],[67.357266,39.727662],[67.35732,39.727637],[67.35756,39.727384],[67.357694,39.727242],[67.35771,39.727225],[67.357849,39.727077],[67.358025,39.726892],[67.358307,39.7266],[67.358392,39.726512],[67.358419,39.726484],[67.358921,39.725966],[67.359043,39.725888],[67.359099,39.725813]]]}},{"type":"Feature","id":141,"properties":{},"geometry":{"type":"Polygon","coordinates":[[[67.196621,39.806987],[67.196543,39.806989],[67.196019,39.806989],[67.195857,39.806987],[67.195557,39.806984],[67.195091,39.806985],[67.194985,39.806984],[67.194967,39.806893],[67.194952,39.806765],[67.19488,39.806316],[67.194854,39.806186],[67.194808,39.806083],[67.194478,39.804406],[67.194471,39.804358],[67.194464,39.804307],[67.19461,39.80431],[67.194951,39.804319],[67.195138,39.804306],[67.195426,39.804289],[67.195827,39.804264],[67.196092,39.804266],[67.196249,39.804276],[67.196621,39.806987]]]}},{"type":"Feature","id":142,"properties":{},"geometry":{"type":"Polygon","coordinates":[[[67.203125,39.801028],[67.203216,39.800981],[67.203327,39.800953],[67.203417,39.800946],[67.203563,39.800945],[67.203696,39.800949],[67.203841,39.800974],[67.203962,39.801007],[67.204106,39.801093],[67.204674,39.801419],[67.205824,39.802125],[67.206791,39.802714],[67.207036,39.802866],[67.20713,39.802914],[67.207189,39.802923],[67.207235,39.802904],[67.207243,39.802902],[67.207114,39.803211],[67.206625,39.803139],[67.206488,39.803124],[67.206364,39.803112],[67.206254,39.8031],[67.206164,39.803091],[67.205992,39.803078],[67.205992,39.803078],[67.205991,39.803078],[67.205769,39.80306],[67.204985,39.803014],[67.204423,39.802985],[67.203977,39.802961],[67.20372,39.802927],[67.203538,39.802902],[67.203319,39.802861],[67.203206,39.802839],[67.20305,39.802799],[67.202841,39.80275],[67.202835,39.802748],[67.202885,39.802445],[67.202936,39.802183],[67.202991,39.801904],[67.203005,39.801838],[67.203031,39.801717],[67.203053,39.801613],[67.203104,39.801338],[67.203124,39.801176],[67.203125,39.801028]]]}},{"type":"Feature","id":143,"properties":{},"geometry":{"type":"Polygon","coordinates":[[[67.262268,39.700131],[67.263016,39.699921],[67.264402,39.699515],[67.264704,39.699426],[67.264763,39.699408],[67.265526,39.699175],[67.265605,39.699156],[67.265972,39.699069],[67.266002,39.699145],[67.265585,39.699602],[67.265013,39.700319],[67.264966,39.700378],[67.264851,39.700439],[67.264842,39.700359],[67.264679,39.700258],[67.264575,39.700242],[67.264498,39.700291],[67.264408,39.700424],[67.264411,39.700549],[67.264472,39.700671],[67.264628,39.700732],[67.2644,39.700994],[67.26372,39.701778],[67.263626,39.701869],[67.263584,39.701917],[67.262852,39.702768],[67.26073,39.701832],[67.260994,39.701687],[67.261161,39.701555],[67.261369,39.701392],[67.261641,39.701071],[67.26185,39.700736],[67.262069,39.700524],[67.262115,39.700433],[67.262268,39.700131]]]}},{"type":"Feature","id":144,"properties":{},"geometry":{"type":"Polygon","coordinates":[[[67.198393,39.803839],[67.198472,39.803879],[67.198536,39.803928],[67.19864,39.803995],[67.198755,39.804053],[67.198872,39.804103],[67.198969,39.804148],[67.199098,39.804188],[67.199227,39.804215],[67.199335,39.804225],[67.19951,39.804229],[67.199624,39.804229],[67.199678,39.804225],[67.199687,39.804318],[67.199722,39.804629],[67.199772,39.804947],[67.199761,39.805003],[67.199782,39.805334],[67.19982,39.805749],[67.199871,39.806082],[67.199912,39.806358],[67.199951,39.806721],[67.199831,39.806705],[67.199655,39.806698],[67.199607,39.806696],[67.199445,39.806708],[67.199415,39.806691],[67.199317,39.806631],[67.199293,39.806612],[67.199277,39.806576],[67.199237,39.806458],[67.1992,39.806352],[67.199192,39.806328],[67.199155,39.806275],[67.199094,39.806245],[67.199016,39.806225],[67.198895,39.806211],[67.198762,39.806209],[67.19872,39.805889],[67.198684,39.805841],[67.198589,39.805227],[67.198508,39.804786],[67.198372,39.803907],[67.198393,39.803839]]]}},{"type":"Feature","id":145,"properties":{},"geometry":{"type":"Polygon","coordinates":[[[67.289252,39.714569],[67.289493,39.714456],[67.290179,39.71415],[67.290525,39.714538],[67.290602,39.714625],[67.290897,39.714957],[67.291213,39.715312],[67.291539,39.715732],[67.290992,39.715983],[67.290815,39.716065],[67.290723,39.716107],[67.290829,39.716269],[67.290825,39.716269],[67.290814,39.716271],[67.290803,39.716273],[67.290788,39.716276],[67.290743,39.716285],[67.290487,39.716243],[67.290477,39.716227],[67.289608,39.71505],[67.289252,39.714569]]]}},{"type":"Feature","id":146,"properties":{},"geometry":{"type":"Polygon","coordinates":[[[67.297184,39.715732],[67.296765,39.715826],[67.296574,39.715891],[67.2965,39.715907],[67.29612,39.716036],[67.296073,39.716042],[67.295929,39.71596],[67.295729,39.71574],[67.295516,39.71544],[67.295394,39.715245],[67.29549,39.715225],[67.295826,39.715213],[67.296025,39.71522],[67.296171,39.715231],[67.29629,39.715216],[67.296373,39.715167],[67.296402,39.715148],[67.296436,39.71515],[67.296555,39.715135],[67.296637,39.715086],[67.296769,39.715],[67.296853,39.714921],[67.296952,39.714827],[67.297094,39.714742],[67.297278,39.714667],[67.297579,39.714683],[67.298059,39.714732],[67.298243,39.714731],[67.298367,39.714724],[67.298626,39.714644],[67.298632,39.714643],[67.29922,39.71446],[67.300062,39.71413],[67.299895,39.714346],[67.29962,39.714705],[67.299264,39.714967],[67.299096,39.715202],[67.298962,39.715363],[67.298758,39.715536],[67.298563,39.715657],[67.298526,39.715664],[67.298206,39.715697],[67.297816,39.715717],[67.297481,39.715712],[67.297184,39.715732]]]}},{"type":"Feature","id":147,"properties":{},"geometry":{"type":"Polygon","coordinates":[[[67.321111,39.715028],[67.321211,39.715007],[67.322005,39.714899],[67.322468,39.714839],[67.322994,39.715401],[67.323168,39.715588],[67.323228,39.71566],[67.323197,39.71571],[67.323197,39.71571],[67.322773,39.716103],[67.322726,39.716145],[67.322726,39.716145],[67.322816,39.716214],[67.32478,39.717635],[67.32478,39.717635],[67.324875,39.717712],[67.324897,39.717834],[67.324893,39.717839],[67.324892,39.717841],[67.32488,39.717853],[67.324874,39.717862],[67.324879,39.717869],[67.324885,39.717878],[67.324888,39.717897],[67.324888,39.717914],[67.324894,39.717945],[67.324904,39.717989],[67.324908,39.718022],[67.32491,39.718055],[67.324924,39.718086],[67.324935,39.718107],[67.324988,39.718143],[67.324997,39.718152],[67.325029,39.718191],[67.325038,39.718216],[67.325047,39.71824],[67.325136,39.718332],[67.325149,39.718349],[67.325149,39.71835],[67.325187,39.718401],[67.325184,39.718412],[67.325185,39.718418],[67.325143,39.718452],[67.325077,39.718505],[67.325041,39.718515],[67.324995,39.718519],[67.324979,39.718535],[67.324961,39.718577],[67.324955,39.718593],[67.324952,39.718624],[67.324945,39.718636],[67.324906,39.71867],[67.324897,39.718675],[67.324874,39.718687],[67.324856,39.718695],[67.324841,39.718701],[67.324822,39.718705],[67.32479,39.718709],[67.324774,39.718712],[67.324754,39.71872],[67.324746,39.718732],[67.324732,39.718747],[67.324694,39.718804],[67.324679,39.718827],[67.324653,39.718852],[67.324626,39.718865],[67.324588,39.718882],[67.324563,39.718895],[67.32452,39.718949],[67.324496,39.718996],[67.324467,39.719051],[67.324463,39.71907],[67.324456,39.7191],[67.324464,39.719119],[67.324468,39.719137],[67.324458,39.719172],[67.324442,39.719196],[67.324414,39.719213],[67.324384,39.71923],[67.324374,39.719247],[67.324363,39.71927],[67.32435,39.719291],[67.324338,39.719306],[67.324317,39.719312],[67.324291,39.71932],[67.32427,39.719332],[67.324267,39.71936],[67.324277,39.719372],[67.324285,39.719394],[67.324286,39.719395],[67.324296,39.71941],[67.324301,39.719428],[67.324293,39.719441],[67.324277,39.719465],[67.324203,39.719528],[67.324155,39.719569],[67.324155,39.71957],[67.324142,39.719591],[67.324133,39.719618],[67.324052,39.719735],[67.324042,39.719749],[67.323946,39.719887],[67.323932,39.719906],[67.323933,39.719918],[67.323946,39.719923],[67.323961,39.719936],[67.323954,39.71999],[67.323954,39.72],[67.323945,39.720015],[67.323365,39.719601],[67.322308,39.718847],[67.321076,39.717976],[67.320644,39.71767],[67.320657,39.71766],[67.320657,39.71766],[67.321123,39.717277],[67.321305,39.717127],[67.321305,39.717127],[67.321532,39.716962],[67.321618,39.716898],[67.321743,39.716792],[67.321872,39.716682],[67.321884,39.716672],[67.321895,39.716662],[67.321979,39.716592],[67.321979,39.716592],[67.3219,39.716532],[67.321922,39.716515],[67.32207,39.716401],[67.322193,39.716311],[67.322231,39.716266],[67.322256,39.716215],[67.322287,39.716158],[67.32232,39.716118],[67.32246,39.715987],[67.322409,39.715951],[67.322244,39.71584],[67.32195,39.715639],[67.321746,39.715495],[67.321583,39.715383],[67.32132,39.715198],[67.321136,39.715069],[67.321116,39.715057],[67.321111,39.715028]]]}},{"type":"Feature","id":148,"properties":{},"geometry":{"type":"Polygon","coordinates":[[[67.326114,39.724738],[67.326085,39.724762],[67.32591,39.724906],[67.325764,39.725025],[67.325172,39.725501],[67.325171,39.725501],[67.325171,39.725502],[67.325171,39.725502],[67.325171,39.725502],[67.32517,39.725502],[67.32517,39.725502],[67.325169,39.725502],[67.325169,39.725502],[67.325169,39.725502],[67.325168,39.725502],[67.325168,39.725502],[67.325168,39.725502],[67.325168,39.725502],[67.325167,39.725502],[67.325167,39.725502],[67.325167,39.725502],[67.325166,39.725502],[67.325166,39.725502],[67.325166,39.725501],[67.325166,39.725501],[67.324307,39.724905],[67.323076,39.724051],[67.322647,39.723755],[67.322647,39.723755],[67.322647,39.723755],[67.322647,39.723755],[67.322647,39.723754],[67.322646,39.723754],[67.322646,39.723754],[67.322646,39.723754],[67.322646,39.723753],[67.322646,39.723753],[67.322646,39.723753],[67.322646,39.723753],[67.322646,39.723752],[67.322646,39.723752],[67.322646,39.723752],[67.322646,39.723752],[67.322646,39.723751],[67.322646,39.723751],[67.322646,39.723751],[67.322646,39.723751],[67.322646,39.72375],[67.322647,39.72375],[67.322647,39.72375],[67.322647,39.72375],[67.323065,39.723379],[67.323065,39.723379],[67.323065,39.723379],[67.323311,39.723175],[67.323714,39.72284],[67.323842,39.722733],[67.323842,39.722733],[67.323843,39.722733],[67.323843,39.722733],[67.323843,39.722733],[67.323844,39.722732],[67.323844,39.722732],[67.323844,39.722732],[67.323845,39.722732],[67.323845,39.722732],[67.323845,39.722732],[67.323846,39.722732],[67.323846,39.722732],[67.323847,39.722732],[67.323847,39.722732],[67.323847,39.722732],[67.323847,39.722732],[67.323848,39.722732],[67.323848,39.722733],[67.323848,39.722733],[67.323849,39.722733],[67.323849,39.722733],[67.323978,39.722825],[67.324203,39.722987],[67.324204,39.722987],[67.324204,39.722987],[67.326366,39.724527],[67.326367,39.724527],[67.326367,39.724528],[67.326367,39.724528],[67.326367,39.724528],[67.326367,39.724528],[67.326368,39.724529],[67.326368,39.724529],[67.326368,39.724529],[67.326368,39.724529],[67.326368,39.72453],[67.326368,39.72453],[67.326368,39.72453],[67.326368,39.72453],[67.326368,39.72453],[67.326368,39.724531],[67.326368,39.724531],[67.326367,39.724531],[67.326367,39.724532],[67.326367,39.724532],[67.326367,39.724532],[67.326367,39.724532],[67.326338,39.724556],[67.326244,39.724632],[67.326174,39.72469],[67.326174,39.72469],[67.326174,39.72469],[67.326174,39.72469],[67.326173,39.72469],[67.326173,39.72469],[67.326173,39.72469],[67.326114,39.724738]]]}},{"type":"Feature","id":149,"properties":{},"geometry":{"type":"Polygon","coordinates":[[[67.232888,39.682009],[67.233015,39.681893],[67.233995,39.680994],[67.234414,39.680604],[67.23452,39.680506],[67.235405,39.680918],[67.235774,39.68109],[67.235384,39.681683],[67.235207,39.681786],[67.234637,39.682417],[67.234205,39.682592],[67.234158,39.682664],[67.233931,39.682542],[67.233678,39.682405],[67.232888,39.682009]]]}},{"type":"Feature","id":150,"properties":{},"geometry":{"type":"Polygon","coordinates":[[[67.234158,39.682664],[67.233774,39.683252],[67.233364,39.683919],[67.232792,39.684423],[67.232611,39.68432],[67.232384,39.68419],[67.232328,39.68416],[67.231988,39.684003],[67.231966,39.682951],[67.231994,39.682875],[67.232191,39.682658],[67.232888,39.682009],[67.233678,39.682405],[67.233931,39.682542],[67.234158,39.682664]]]}},{"type":"Feature","id":151,"properties":{},"geometry":{"type":"Polygon","coordinates":[[[67.33379,39.72699],[67.333733,39.727062],[67.333396,39.727359],[67.332881,39.727811],[67.332337,39.727455],[67.332046,39.727259],[67.331845,39.727125],[67.331139,39.726653],[67.331043,39.726591],[67.331424,39.726264],[67.331509,39.726192],[67.332037,39.72575],[67.332439,39.726031],[67.333335,39.726661],[67.33367,39.726896],[67.33379,39.72699]]]}},{"type":"Feature","id":152,"properties":{},"geometry":{"type":"Polygon","coordinates":[[[67.332037,39.72575],[67.331509,39.726192],[67.331424,39.726264],[67.331043,39.726591],[67.32917,39.725393],[67.330228,39.724497],[67.330508,39.724696],[67.330875,39.724948],[67.332037,39.72575]]]}},{"type":"Feature","id":153,"properties":{},"geometry":{"type":"Polygon","coordinates":[[[67.335871,39.725223],[67.335784,39.725296],[67.334564,39.726328],[67.334495,39.726386],[67.334447,39.726407],[67.333955,39.726053],[67.333829,39.725963],[67.333316,39.725583],[67.332847,39.725235],[67.333537,39.724661],[67.334242,39.724095],[67.335871,39.725223]]]}},{"type":"Feature","id":154,"properties":{},"geometry":{"type":"Polygon","coordinates":[[[67.315706,39.76737],[67.315717,39.76737],[67.31633,39.767435],[67.316758,39.767494],[67.316898,39.767521],[67.317728,39.767629],[67.317573,39.768001],[67.317216,39.76886],[67.317209,39.768858],[67.317208,39.768863],[67.316702,39.768699],[67.315817,39.768386],[67.315519,39.768283],[67.315453,39.768261],[67.314972,39.768094],[67.314673,39.768069],[67.314384,39.768072],[67.314384,39.768068],[67.314676,39.768065],[67.314836,39.768078],[67.314976,39.76809],[67.315456,39.768257],[67.315706,39.76737]]]}},{"type":"Feature","id":155,"properties":{},"geometry":{"type":"Polygon","coordinates":[[[67.237884,39.680038],[67.237534,39.67986],[67.237481,39.679919],[67.237446,39.679905],[67.237394,39.679975],[67.235914,39.679324],[67.2362,39.679233],[67.236438,39.679032],[67.236625,39.678862],[67.236659,39.678831],[67.236865,39.678387],[67.237034,39.678093],[67.23719,39.67795],[67.237225,39.677918],[67.237829,39.677318],[67.237989,39.677172],[67.238508,39.67749],[67.238947,39.677668],[67.239092,39.677729],[67.239348,39.677837],[67.239388,39.67784],[67.237884,39.680038]]]}},{"type":"Feature","id":156,"properties":{},"geometry":{"type":"Polygon","coordinates":[[[67.246988,39.674053],[67.246273,39.674915],[67.245646,39.67559],[67.245557,39.675685],[67.245505,39.675741],[67.245437,39.675813],[67.245414,39.675786],[67.244904,39.675391],[67.244703,39.675238],[67.244015,39.674713],[67.243743,39.674505],[67.243076,39.674002],[67.242851,39.673832],[67.242723,39.673732],[67.242602,39.673635],[67.242526,39.673574],[67.242262,39.673362],[67.242283,39.673325],[67.242561,39.67311],[67.242822,39.672909],[67.243235,39.672584],[67.243472,39.672397],[67.243668,39.672221],[67.243842,39.672357],[67.244012,39.672189],[67.243854,39.672052],[67.244008,39.671913],[67.244059,39.671864],[67.244104,39.671914],[67.244141,39.671948],[67.244404,39.672168],[67.244613,39.672342],[67.244804,39.672501],[67.244883,39.672556],[67.245158,39.672745],[67.245725,39.673136],[67.246273,39.673583],[67.246565,39.673769],[67.24681,39.673925],[67.246988,39.674053]]]}},{"type":"Feature","id":157,"properties":{},"geometry":{"type":"Polygon","coordinates":[[[67.2235,39.691846],[67.223731,39.691679],[67.224243,39.691323],[67.225003,39.690759],[67.225152,39.690654],[67.225318,39.690549],[67.225562,39.690471],[67.226024,39.690256],[67.226334,39.690069],[67.226729,39.689846],[67.226899,39.689716],[67.226954,39.689674],[67.227133,39.689439],[67.227486,39.68896],[67.227801,39.688677],[67.228293,39.688259],[67.228314,39.688202],[67.228335,39.688184],[67.228348,39.68815],[67.228374,39.688256],[67.228583,39.688526],[67.228652,39.688638],[67.228439,39.688749],[67.228232,39.689018],[67.228201,39.689078],[67.228146,39.689145],[67.227969,39.689527],[67.227952,39.689744],[67.22795,39.689835],[67.22795,39.690052],[67.227921,39.690175],[67.227798,39.690327],[67.227777,39.690363],[67.227678,39.690479],[67.227651,39.69051],[67.227647,39.690515],[67.227644,39.690518],[67.227649,39.690521],[67.227661,39.690528],[67.227567,39.690644],[67.227493,39.690725],[67.227475,39.690716],[67.227429,39.690768],[67.227279,39.690931],[67.226549,39.691672],[67.225482,39.692398],[67.224802,39.692892],[67.224726,39.692956],[67.224693,39.692992],[67.224157,39.692557],[67.223693,39.692055],[67.2235,39.691846]]]}},{"type":"Feature","id":158,"properties":{},"geometry":{"type":"Polygon","coordinates":[[[67.240491,39.713007],[67.240497,39.71301],[67.239756,39.713613],[67.239695,39.713716],[67.239219,39.71407],[67.23844,39.714649],[67.238327,39.714732],[67.238057,39.714937],[67.237951,39.715008],[67.237754,39.715166],[67.236888,39.715813],[67.236691,39.715955],[67.236049,39.715297],[67.235792,39.715017],[67.235777,39.714995],[67.235744,39.71496],[67.235728,39.714926],[67.236265,39.714651],[67.23705,39.714186],[67.237676,39.713789],[67.238095,39.713628],[67.238746,39.713242],[67.238774,39.713225],[67.238878,39.712977],[67.239192,39.713005],[67.239312,39.713005],[67.23949,39.713006],[67.239604,39.713007],[67.239968,39.713009],[67.240404,39.713011],[67.240491,39.713007]]]}},{"type":"Feature","id":159,"properties":{},"geometry":{"type":"Polygon","coordinates":[[[67.240491,39.713007],[67.240404,39.713011],[67.239968,39.713009],[67.239604,39.713007],[67.23949,39.713006],[67.239312,39.713005],[67.239192,39.713005],[67.238878,39.712977],[67.238894,39.712939],[67.238683,39.712937],[67.239178,39.711935],[67.239423,39.711422],[67.239674,39.71107],[67.239732,39.710931],[67.239799,39.710785],[67.242429,39.710853],[67.24237,39.710992],[67.242116,39.711304],[67.241799,39.711675],[67.241611,39.711899],[67.241421,39.712125],[67.241241,39.712316],[67.240724,39.712825],[67.240578,39.712945],[67.240491,39.713007]]]}},{"type":"Feature","id":160,"properties":{},"geometry":{"type":"Polygon","coordinates":[[[67.361415,39.798769],[67.361342,39.798902],[67.361058,39.799372],[67.360997,39.799473],[67.360837,39.799761],[67.360742,39.799928],[67.360642,39.800105],[67.36058,39.800209],[67.360553,39.800256],[67.36055,39.800255],[67.359827,39.799985],[67.361765,39.79663],[67.362046,39.796726],[67.362465,39.796862],[67.362356,39.797087],[67.362363,39.797154],[67.362013,39.797759],[67.361942,39.79788],[67.361852,39.798031],[67.361675,39.798332],[67.361415,39.798769]]]}},{"type":"Feature","id":161,"properties":{},"geometry":{"type":"Polygon","coordinates":[[[67.366057,39.794144],[67.366006,39.79422],[67.365958,39.794291],[67.365808,39.794516],[67.365471,39.795019],[67.36537,39.795169],[67.365117,39.795545],[67.364859,39.795928],[67.36477,39.79606],[67.364673,39.796205],[67.364607,39.796302],[67.364238,39.796915],[67.364238,39.796916],[67.364235,39.79692],[67.364107,39.796857],[67.364035,39.79682],[67.363538,39.79657],[67.363468,39.796609],[67.363358,39.796398],[67.363317,39.796293],[67.363417,39.796069],[67.363443,39.796011],[67.363645,39.795701],[67.36372,39.795723],[67.364127,39.795896],[67.364226,39.795711],[67.364295,39.795613],[67.36453,39.795275],[67.364622,39.795144],[67.364685,39.795047],[67.36495,39.794634],[67.365047,39.794548],[67.365084,39.794436],[67.365154,39.794353],[67.365075,39.794269],[67.364909,39.794176],[67.364747,39.79441],[67.364567,39.794706],[67.364464,39.79483],[67.364329,39.794801],[67.364273,39.794789],[67.364332,39.794659],[67.364368,39.794626],[67.36437,39.794621],[67.364371,39.794621],[67.364413,39.794624],[67.364472,39.794447],[67.364598,39.794078],[67.364767,39.793569],[67.364776,39.793541],[67.364805,39.793543],[67.365511,39.793882],[67.366057,39.794144]]]}},{"type":"Feature","id":162,"properties":{},"geometry":{"type":"Polygon","coordinates":[[[67.29929,39.734994],[67.297275,39.736692],[67.297206,39.736579],[67.297091,39.736419],[67.297014,39.736338],[67.297598,39.73586],[67.297748,39.735736],[67.297789,39.735702],[67.298951,39.734736],[67.29929,39.734994]]]}},{"type":"Feature","id":163,"properties":{},"geometry":{"type":"Polygon","coordinates":[[[67.293876,39.735618],[67.293718,39.735774],[67.293651,39.735861],[67.293622,39.735914],[67.293616,39.73599],[67.293631,39.736036],[67.293796,39.736122],[67.29392,39.736175],[67.294057,39.736322],[67.293389,39.736854],[67.293335,39.736795],[67.293289,39.736745],[67.292752,39.73616],[67.292121,39.735442],[67.29199,39.735289],[67.291921,39.735201],[67.29192,39.7352],[67.292125,39.73505],[67.292082,39.735006],[67.292933,39.734294],[67.293201,39.734646],[67.29323,39.734684],[67.293562,39.73512],[67.293589,39.735161],[67.29367,39.735279],[67.293859,39.735555],[67.293876,39.735618]]]}},{"type":"Feature","id":164,"properties":{},"geometry":{"type":"Polygon","coordinates":[[[67.294531,39.732836],[67.294346,39.732992],[67.293762,39.733485],[67.293152,39.733226],[67.293007,39.733167],[67.291655,39.732589],[67.291545,39.732542],[67.291869,39.732274],[67.292148,39.732041],[67.292354,39.731879],[67.292389,39.731898],[67.2924,39.731888],[67.292428,39.731903],[67.292468,39.731865],[67.294531,39.732836]]]}},{"type":"Feature","id":165,"properties":{},"geometry":{"type":"Polygon","coordinates":[[[67.293389,39.736854],[67.293449,39.736924],[67.293794,39.737324],[67.294091,39.737668],[67.294142,39.737726],[67.294356,39.737975],[67.294792,39.738443],[67.294936,39.738597],[67.294928,39.738618],[67.294262,39.738868],[67.294196,39.738853],[67.294265,39.738829],[67.294207,39.738752],[67.29416,39.73869],[67.294066,39.738555],[67.293674,39.737994],[67.293475,39.737738],[67.293441,39.737694],[67.293287,39.737496],[67.292416,39.736345],[67.292509,39.736294],[67.292752,39.73616],[67.293289,39.736745],[67.293335,39.736795],[67.293389,39.736854]]]}},{"type":"Feature","id":166,"properties":{},"geometry":{"type":"Polygon","coordinates":[[[67.298761,39.737401],[67.298184,39.737605],[67.298046,39.737653],[67.2977,39.737762],[67.297302,39.737383],[67.297268,39.73735],[67.29727,39.737349],[67.297219,39.737304],[67.297429,39.73713],[67.297758,39.736858],[67.297777,39.736842],[67.29797,39.736682],[67.297977,39.736676],[67.298147,39.736534],[67.298269,39.736439],[67.298356,39.736371],[67.298873,39.735966],[67.299054,39.735824],[67.299276,39.736031],[67.299471,39.736205],[67.299778,39.736485],[67.299618,39.736608],[67.298897,39.737189],[67.29901,39.737184],[67.298761,39.737401]]]}},{"type":"Feature","id":167,"properties":{},"geometry":{"type":"Polygon","coordinates":[[[67.379908,39.79079],[67.378168,39.791623],[67.377026,39.790533],[67.376347,39.789886],[67.375965,39.78952],[67.375771,39.789335],[67.374225,39.787858],[67.373424,39.787081],[67.373491,39.786967],[67.373561,39.786825],[67.373682,39.78658],[67.373876,39.786081],[67.373984,39.785804],[67.374162,39.785372],[67.374229,39.785441],[67.374608,39.785837],[67.374926,39.786138],[67.37526,39.786435],[67.375551,39.78668],[67.375583,39.786711],[67.375879,39.786999],[67.376197,39.787308],[67.376524,39.787646],[67.37672,39.787841],[67.377138,39.788248],[67.377195,39.788298],[67.377647,39.788693],[67.377911,39.788947],[67.378446,39.789447],[67.379054,39.790045],[67.379442,39.790371],[67.379539,39.790455],[67.379908,39.79079]]]}},{"type":"Feature","id":168,"properties":{},"geometry":{"type":"Polygon","coordinates":[[[67.229048,39.826165],[67.229024,39.826163],[67.228889,39.82615],[67.228687,39.82612],[67.228541,39.826103],[67.228449,39.826103],[67.228407,39.82618],[67.22837,39.826562],[67.228296,39.827015],[67.22828,39.827114],[67.228231,39.827545],[67.22818,39.82784],[67.228135,39.828228],[67.228106,39.828489],[67.227373,39.828434],[67.22699,39.828366],[67.225999,39.828301],[67.226488,39.824907],[67.226488,39.824907],[67.226488,39.824907],[67.226488,39.824906],[67.226488,39.824905],[67.226488,39.824905],[67.226488,39.824904],[67.226487,39.824903],[67.226487,39.824903],[67.226486,39.824902],[67.226486,39.824902],[67.226485,39.824901],[67.226485,39.824901],[67.226484,39.824901],[67.226483,39.8249],[67.226483,39.8249],[67.226482,39.8249],[67.226481,39.8249],[67.22648,39.8249],[67.22648,39.8249],[67.226479,39.8249],[67.226479,39.8249],[67.226473,39.8249],[67.226486,39.824854],[67.228523,39.824612],[67.228574,39.824639],[67.228605,39.824642],[67.228611,39.824644],[67.228611,39.824645],[67.228612,39.824645],[67.228613,39.824645],[67.228613,39.824645],[67.228695,39.824655],[67.228778,39.8247],[67.228842,39.824779],[67.228842,39.82478],[67.228852,39.824792],[67.228867,39.82481],[67.228892,39.824838],[67.228905,39.824853],[67.228905,39.824853],[67.228918,39.824867],[67.22901,39.825721],[67.229078,39.82578],[67.229048,39.826165]]]}},{"type":"Feature","id":169,"properties":{},"geometry":{"type":"Polygon","coordinates":[[[67.245082,39.667621],[67.245197,39.667648],[67.245245,39.667696],[67.245281,39.667733],[67.245312,39.667806],[67.245317,39.668025],[67.245304,39.668188],[67.245301,39.668234],[67.245254,39.668403],[67.245229,39.668463],[67.245067,39.668598],[67.24494,39.668759],[67.244689,39.669045],[67.244675,39.669059],[67.244668,39.669069],[67.244601,39.669145],[67.244598,39.669166],[67.244535,39.669253],[67.24453,39.669347],[67.244525,39.669441],[67.24458,39.669637],[67.244628,39.669839],[67.244647,39.669969],[67.244631,39.670169],[67.24476,39.670409],[67.244814,39.670594],[67.244852,39.670721],[67.244744,39.670887],[67.244724,39.670888],[67.244711,39.670809],[67.244691,39.670722],[67.244655,39.670616],[67.244611,39.670507],[67.244425,39.670195],[67.244414,39.670046],[67.244054,39.669484],[67.243947,39.669317],[67.243728,39.668971],[67.243638,39.668831],[67.243966,39.668489],[67.244026,39.668437],[67.244335,39.668173],[67.244435,39.668087],[67.24481,39.667796],[67.244869,39.667758],[67.245082,39.667621]]]}},{"type":"Feature","id":170,"properties":{},"geometry":{"type":"Polygon","coordinates":[[[67.244724,39.670888],[67.244728,39.670912],[67.244716,39.67093],[67.24238,39.671129],[67.24238,39.67113],[67.24238,39.671097],[67.242384,39.670778],[67.242299,39.67076],[67.242306,39.670339],[67.242308,39.670189],[67.24231,39.67008],[67.242316,39.669894],[67.242342,39.669049],[67.242316,39.668942],[67.242336,39.668904],[67.24241,39.668781],[67.242459,39.668704],[67.242595,39.668506],[67.242711,39.668337],[67.242892,39.668092],[67.243019,39.668045],[67.243036,39.668074],[67.243278,39.668461],[67.24331,39.668512],[67.243358,39.668588],[67.243506,39.668808],[67.243541,39.66886],[67.243573,39.668908],[67.243853,39.669323],[67.244048,39.66962],[67.244425,39.670195],[67.244611,39.670507],[67.244655,39.670616],[67.244691,39.670722],[67.244711,39.670809],[67.244724,39.670888]]]}},{"type":"Feature","id":171,"properties":{},"geometry":{"type":"Polygon","coordinates":[[[67.339046,39.719545],[67.339225,39.719662],[67.33838,39.720356],[67.338274,39.720443],[67.338122,39.720569],[67.337764,39.720871],[67.33738,39.720606],[67.337287,39.720542],[67.338026,39.719912],[67.338098,39.719851],[67.338297,39.719681],[67.338538,39.719475],[67.338719,39.719321],[67.339046,39.719545]]]}},{"type":"Feature","id":172,"properties":{},"geometry":{"type":"Polygon","coordinates":[[[67.341715,39.718044],[67.339966,39.719659],[67.339956,39.719652],[67.33983,39.719566],[67.339786,39.719537],[67.33938,39.719263],[67.339797,39.718913],[67.340769,39.718095],[67.340853,39.718024],[67.33995,39.717372],[67.339371,39.716972],[67.33959,39.716789],[67.339793,39.716629],[67.340289,39.716993],[67.340389,39.71707],[67.341367,39.717797],[67.341715,39.718044]]]}},{"type":"Feature","id":173,"properties":{},"geometry":{"type":"Polygon","coordinates":[[[67.33938,39.719263],[67.339266,39.719358],[67.339046,39.719545],[67.338719,39.719321],[67.338092,39.718878],[67.338617,39.718422],[67.338759,39.718307],[67.339884,39.717396],[67.33995,39.717372],[67.340853,39.718024],[67.340769,39.718095],[67.339797,39.718913],[67.33938,39.719263]]]}},{"type":"Feature","id":174,"properties":{},"geometry":{"type":"Polygon","coordinates":[[[67.312411,39.769702],[67.311754,39.770272],[67.309069,39.769718],[67.309086,39.76968],[67.309099,39.769586],[67.309089,39.769538],[67.30878,39.769477],[67.308481,39.769419],[67.30842,39.769407],[67.30808,39.769344],[67.307973,39.769321],[67.30776,39.769277],[67.307458,39.769233],[67.307456,39.769218],[67.307454,39.769169],[67.307448,39.769149],[67.307442,39.769105],[67.307419,39.769064],[67.30741,39.769022],[67.307509,39.769031],[67.307882,39.769085],[67.30794,39.769093],[67.308134,39.769121],[67.308521,39.7692],[67.308836,39.769263],[67.309295,39.769332],[67.309486,39.769356],[67.310061,39.769417],[67.310484,39.769465],[67.310811,39.769492],[67.311393,39.769559],[67.311644,39.769602],[67.311725,39.769616],[67.312411,39.769702]]]}},{"type":"Feature","id":175,"properties":{},"geometry":{"type":"Polygon","coordinates":[[[67.369153,39.666933],[67.369216,39.666997],[67.370247,39.667955],[67.370892,39.668552],[67.371265,39.668865],[67.371264,39.668867],[67.370639,39.669236],[67.370574,39.66922],[67.370416,39.669259],[67.370346,39.669263],[67.370259,39.669261],[67.370148,39.66922],[67.369798,39.669019],[67.36971,39.668966],[67.369463,39.668803],[67.369385,39.668752],[67.368986,39.668492],[67.368149,39.668025],[67.368069,39.667987],[67.36795,39.667974],[67.367883,39.667941],[67.367856,39.667858],[67.367846,39.66778],[67.368302,39.667489],[67.368375,39.667441],[67.368672,39.667247],[67.369153,39.666933]]]}},{"type":"Feature","id":176,"properties":{},"geometry":{"type":"Polygon","coordinates":[[[67.369153,39.666933],[67.368672,39.667247],[67.368375,39.667441],[67.368302,39.667489],[67.367846,39.66778],[67.367756,39.667761],[67.367671,39.667685],[67.367499,39.667649],[67.367306,39.667617],[67.367125,39.667502],[67.367041,39.667379],[67.366871,39.667264],[67.36683,39.667168],[67.367537,39.666794],[67.367759,39.666713],[67.367858,39.666644],[67.367903,39.666552],[67.367977,39.666416],[67.368039,39.6663],[67.368091,39.666158],[67.368094,39.66608],[67.368094,39.666079],[67.368099,39.66598],[67.368155,39.665886],[67.368227,39.665885],[67.368786,39.665768],[67.368934,39.665891],[67.369204,39.666112],[67.369336,39.666243],[67.369483,39.666462],[67.369544,39.666605],[67.369526,39.666663],[67.369339,39.666806],[67.369243,39.666872],[67.369153,39.666933]]]}},{"type":"Feature","id":177,"properties":{},"geometry":{"type":"Polygon","coordinates":[[[67.373818,39.664043],[67.373801,39.664051],[67.373614,39.664148],[67.373381,39.664268],[67.373217,39.664353],[67.372614,39.663368],[67.372554,39.663276],[67.373151,39.663038],[67.373818,39.664043]]]}},{"type":"Feature","id":178,"properties":{},"geometry":{"type":"Polygon","coordinates":[[[67.373337,39.662964],[67.374769,39.662394],[67.375392,39.663195],[67.375135,39.66336],[67.374304,39.663791],[67.37423,39.663832],[67.374092,39.663903],[67.374091,39.663902],[67.374014,39.663942],[67.373962,39.663969],[67.373943,39.663978],[67.373894,39.664003],[67.373818,39.664043],[67.373151,39.663038],[67.373211,39.663014],[67.373297,39.66298],[67.373337,39.662964]]]}},{"type":"Feature","id":179,"properties":{},"geometry":{"type":"Polygon","coordinates":[[[67.298597,39.76989],[67.298759,39.769475],[67.298825,39.769311],[67.298872,39.769221],[67.29895,39.769073],[67.299036,39.768868],[67.299038,39.768858],[67.299056,39.768849],[67.299275,39.768782],[67.299484,39.76873],[67.299889,39.768678],[67.300741,39.768687],[67.301136,39.768663],[67.301201,39.768626],[67.301239,39.768613],[67.302137,39.768412],[67.302162,39.768412],[67.302593,39.76847],[67.302995,39.768533],[67.303012,39.768536],[67.303046,39.768541],[67.303122,39.768552],[67.303029,39.768924],[67.303029,39.768925],[67.303024,39.768945],[67.303015,39.768974],[67.303016,39.768977],[67.302995,39.769059],[67.303372,39.769124],[67.303661,39.769164],[67.304192,39.76922],[67.304951,39.769331],[67.305015,39.769341],[67.305073,39.769352],[67.305077,39.769354],[67.305166,39.769393],[67.305396,39.769435],[67.305697,39.76949],[67.30578,39.769493],[67.305787,39.76948],[67.305812,39.769436],[67.306001,39.769476],[67.306003,39.769476],[67.305913,39.769703],[67.305744,39.770087],[67.305624,39.770279],[67.305546,39.770349],[67.305379,39.770455],[67.305327,39.770479],[67.305302,39.770491],[67.305175,39.77055],[67.305095,39.770584],[67.305088,39.770593],[67.305078,39.770599],[67.305015,39.770633],[67.304899,39.770694],[67.30469,39.77079],[67.304634,39.770815],[67.304398,39.770835],[67.304313,39.770851],[67.304262,39.77086],[67.304243,39.770875],[67.304021,39.770877],[67.303831,39.770911],[67.303857,39.771025],[67.303857,39.771025],[67.303611,39.770968],[67.303568,39.770958],[67.302844,39.770812],[67.302671,39.770777],[67.302566,39.770755],[67.302566,39.770755],[67.302025,39.770638],[67.301929,39.770615],[67.301879,39.770604],[67.301784,39.770582],[67.301753,39.770575],[67.301729,39.770569],[67.30167,39.770555],[67.301668,39.77056],[67.301153,39.770441],[67.298743,39.769923],[67.298597,39.76989]]]}},{"type":"Feature","id":180,"properties":{},"geometry":{"type":"Polygon","coordinates":[[[67.372554,39.663276],[67.372511,39.663296],[67.372473,39.663254],[67.37247,39.66325],[67.371861,39.662517],[67.371811,39.662458],[67.371676,39.662298],[67.371603,39.662211],[67.373101,39.661663],[67.374027,39.662689],[67.373337,39.662964],[67.373297,39.66298],[67.373211,39.663014],[67.373151,39.663038],[67.372554,39.663276]]]}},{"type":"Feature","id":181,"properties":{},"geometry":{"type":"Polygon","coordinates":[[[67.373101,39.661663],[67.373711,39.66144],[67.373925,39.661376],[67.373995,39.661441],[67.374515,39.662094],[67.374518,39.662098],[67.374522,39.662103],[67.374624,39.662232],[67.374629,39.662238],[67.374738,39.662375],[67.374753,39.6624],[67.374027,39.662689],[67.373101,39.661663]]]}},{"type":"Feature","id":182,"properties":{},"geometry":{"type":"Polygon","coordinates":[[[67.36461,39.724129],[67.364412,39.724269],[67.364055,39.724493],[67.363737,39.724702],[67.363616,39.724796],[67.363566,39.724845],[67.363521,39.724916],[67.363265,39.725229],[67.363128,39.725302],[67.362922,39.725525],[67.362823,39.725632],[67.362581,39.726038],[67.362418,39.726286],[67.36239,39.72634],[67.362319,39.726505],[67.362184,39.726788],[67.362146,39.727025],[67.36204,39.72742],[67.36197,39.727632],[67.361849,39.72771],[67.36173,39.727725],[67.361696,39.727724],[67.361689,39.727711],[67.361565,39.727492],[67.361507,39.727449],[67.361296,39.727291],[67.361091,39.727138],[67.360653,39.726811],[67.36061,39.726778],[67.36052,39.726711],[67.360113,39.726407],[67.359329,39.72582],[67.359352,39.725591],[67.359379,39.725319],[67.359387,39.725243],[67.359396,39.725159],[67.359423,39.724888],[67.359427,39.724848],[67.359434,39.724782],[67.359453,39.724727],[67.359592,39.724338],[67.359663,39.724138],[67.359825,39.723684],[67.359947,39.723452],[67.360016,39.723286],[67.360288,39.722862],[67.36035,39.722763],[67.360808,39.722045],[67.361362,39.721182],[67.361552,39.720936],[67.362423,39.721339],[67.362491,39.721386],[67.362635,39.721472],[67.363064,39.721595],[67.36344,39.721721],[67.363616,39.721824],[67.363732,39.72193],[67.363983,39.722054],[67.364066,39.722076],[67.364134,39.722056],[67.364163,39.721982],[67.364127,39.72191],[67.363871,39.721786],[67.363522,39.721655],[67.363083,39.721503],[67.362861,39.72143],[67.36378,39.719857],[67.363932,39.719638],[67.362591,39.719055],[67.362673,39.718955],[67.362803,39.718749],[67.364103,39.719319],[67.364028,39.719475],[67.363974,39.719696],[67.364007,39.719909],[67.364093,39.720386],[67.364274,39.72095],[67.364329,39.721124],[67.364416,39.721372],[67.364695,39.721664],[67.365304,39.722206],[67.365453,39.722317],[67.365654,39.722499],[67.365674,39.722575],[67.365677,39.722654],[67.365631,39.722779],[67.36544,39.723089],[67.365176,39.723511],[67.364887,39.723816],[67.36461,39.724129]]]}},{"type":"Feature","id":183,"properties":{},"geometry":{"type":"Polygon","coordinates":[[[67.365045,39.728889],[67.364862,39.729133],[67.364632,39.72944],[67.364492,39.729628],[67.364363,39.7298],[67.364349,39.729846],[67.364304,39.729995],[67.364085,39.729903],[67.363948,39.729846],[67.363867,39.729812],[67.363554,39.729681],[67.363187,39.729528],[67.362945,39.729427],[67.362785,39.72936],[67.362686,39.729319],[67.362815,39.729147],[67.362923,39.72891],[67.36316,39.728492],[67.363218,39.728355],[67.363226,39.728238],[67.36375,39.728471],[67.364442,39.728727],[67.365045,39.728889]]]}},{"type":"Feature","id":184,"properties":{},"geometry":{"type":"Polygon","coordinates":[[[67.273065,39.672958],[67.272976,39.673057],[67.271935,39.673991],[67.271877,39.674043],[67.271291,39.6741],[67.270927,39.674135],[67.270761,39.674151],[67.269958,39.674221],[67.269889,39.674141],[67.269882,39.674133],[67.269662,39.673948],[67.269204,39.673517],[67.269138,39.673454],[67.268805,39.673137],[67.268826,39.673065],[67.270626,39.671252],[67.270934,39.67147],[67.271536,39.671896],[67.271674,39.671982],[67.273065,39.672958]]]}},{"type":"Feature","id":185,"properties":{},"geometry":{"type":"Polygon","coordinates":[[[67.272126,39.668382],[67.272019,39.668539],[67.271151,39.669369],[67.269897,39.670619],[67.269011,39.67002],[67.268836,39.669901],[67.268829,39.669896],[67.268811,39.669914],[67.268793,39.669902],[67.268871,39.669815],[67.269963,39.668688],[67.270025,39.668626],[67.270171,39.668481],[67.27034,39.668313],[67.270456,39.668196],[67.270576,39.668077],[67.270982,39.667672],[67.271271,39.667371],[67.271262,39.66735],[67.271361,39.667248],[67.271378,39.667279],[67.271503,39.667575],[67.271747,39.667975],[67.271979,39.668204],[67.272126,39.668382]]]}},{"type":"Feature","id":186,"properties":{},"geometry":{"type":"Polygon","coordinates":[[[67.273203,39.669161],[67.272972,39.669421],[67.27215,39.670248],[67.271003,39.671412],[67.270797,39.671273],[67.270682,39.671195],[67.270686,39.671192],[67.27071,39.671169],[67.269897,39.670619],[67.271151,39.669369],[67.272019,39.668539],[67.272126,39.668382],[67.272426,39.668695],[67.272537,39.668789],[67.272594,39.668824],[67.270459,39.670941],[67.270497,39.670967],[67.270838,39.671198],[67.271044,39.671338],[67.272191,39.670174],[67.272398,39.669966],[67.272467,39.669896],[67.272662,39.6697],[67.273013,39.669347],[67.273193,39.669155],[67.273203,39.669161]]]}},{"type":"Feature","id":187,"properties":{},"geometry":{"type":"Polygon","coordinates":[[[67.273203,39.669161],[67.273246,39.669192],[67.273299,39.66923],[67.273394,39.669302],[67.273639,39.669648],[67.273859,39.669967],[67.273889,39.670011],[67.274187,39.670429],[67.274483,39.670892],[67.274686,39.671217],[67.274715,39.671365],[67.273689,39.672324],[67.273666,39.67239],[67.273602,39.672449],[67.27317,39.672864],[67.273065,39.672958],[67.271674,39.671982],[67.271536,39.671896],[67.270934,39.67147],[67.271003,39.671412],[67.27215,39.670248],[67.272972,39.669421],[67.273203,39.669161]]]}},{"type":"Feature","id":188,"properties":{},"geometry":{"type":"Polygon","coordinates":[[[67.436257,39.787037],[67.435997,39.786912],[67.435996,39.786912],[67.435141,39.786493],[67.434792,39.786317],[67.434722,39.786288],[67.43469,39.786271],[67.43464,39.786253],[67.434532,39.786208],[67.434193,39.786084],[67.433957,39.785997],[67.433748,39.78592],[67.435363,39.783723],[67.436134,39.783881],[67.436317,39.783918],[67.436349,39.784023],[67.438209,39.784397],[67.438286,39.784437],[67.438288,39.784438],[67.438289,39.784439],[67.436257,39.787037]]]}},{"type":"Feature","id":189,"properties":{},"geometry":{"type":"Polygon","coordinates":[[[67.361593,39.704081],[67.362575,39.702691],[67.365353,39.702803],[67.365399,39.702807],[67.365381,39.702834],[67.36521,39.70307],[67.36504,39.703314],[67.364337,39.704322],[67.361593,39.704081]]]}},{"type":"Feature","id":190,"properties":{},"geometry":{"type":"Polygon","coordinates":[[[67.363453,39.705591],[67.363451,39.705594],[67.363332,39.705727],[67.363005,39.706137],[67.362889,39.706305],[67.362769,39.706476],[67.362768,39.706477],[67.362725,39.706476],[67.362698,39.706474],[67.362637,39.706475],[67.361854,39.706462],[67.360781,39.706436],[67.36068,39.706429],[67.360262,39.70639],[67.360009,39.706383],[67.359968,39.706379],[67.360601,39.705484],[67.361095,39.705492],[67.36141,39.705503],[67.3628,39.705553],[67.363157,39.705566],[67.363372,39.705577],[67.363453,39.705591]]]}},{"type":"Feature","id":191,"properties":{},"geometry":{"type":"Polygon","coordinates":[[[67.3195,39.693789],[67.31913,39.694108],[67.318687,39.694506],[67.31863,39.694464],[67.318512,39.694408],[67.318232,39.694221],[67.318098,39.694131],[67.317294,39.693643],[67.317949,39.692906],[67.318194,39.693034],[67.318879,39.693417],[67.318937,39.693449],[67.319346,39.693677],[67.319437,39.693738],[67.319492,39.693775],[67.319486,39.693779],[67.3195,39.693789]]]}},{"type":"Feature","id":192,"properties":{},"geometry":{"type":"Polygon","coordinates":[[[67.317926,39.691194],[67.317928,39.691192],[67.31793,39.691189],[67.318004,39.691103],[67.318649,39.690197],[67.318688,39.690142],[67.318746,39.690084],[67.318968,39.690124],[67.319149,39.690206],[67.319503,39.690323],[67.320019,39.690439],[67.320126,39.690499],[67.320304,39.690498],[67.320621,39.690552],[67.32068,39.690553],[67.32063,39.690661],[67.320626,39.690675],[67.321664,39.690988],[67.321614,39.691069],[67.321581,39.691155],[67.321581,39.691155],[67.321539,39.69126],[67.321499,39.691361],[67.321371,39.691653],[67.321371,39.691653],[67.32133,39.691747],[67.321299,39.691815],[67.321265,39.691881],[67.320996,39.691819],[67.318588,39.691283],[67.3184,39.691255],[67.318309,39.691243],[67.317926,39.691194]]]}},{"type":"Feature","id":193,"properties":{},"geometry":{"type":"Polygon","coordinates":[[[67.247357,39.632402],[67.247335,39.632409],[67.247231,39.632441],[67.247182,39.632456],[67.246392,39.632724],[67.246327,39.632751],[67.245939,39.63291],[67.245818,39.632959],[67.24572,39.633],[67.24553,39.633078],[67.244826,39.633389],[67.244294,39.632638],[67.244203,39.63251],[67.244123,39.632397],[67.244018,39.632249],[67.24372,39.63184],[67.243648,39.631741],[67.242918,39.630739],[67.24292,39.630738],[67.242991,39.63071],[67.244161,39.630267],[67.244589,39.630105],[67.245461,39.62979],[67.247357,39.632402]]]}},{"type":"Feature","id":194,"properties":{},"geometry":{"type":"Polygon","coordinates":[[[67.396111,39.645582],[67.396306,39.645684],[67.396388,39.645869],[67.39648,39.646104],[67.396557,39.646259],[67.396616,39.646277],[67.396735,39.646245],[67.39679,39.646237],[67.396882,39.646235],[67.397127,39.64638],[67.397409,39.646522],[67.397538,39.646586],[67.397585,39.646641],[67.397625,39.646754],[67.397696,39.646972],[67.397897,39.647138],[67.398265,39.647339],[67.398487,39.647528],[67.398578,39.647606],[67.398842,39.647844],[67.398932,39.647928],[67.399047,39.648101],[67.399061,39.648181],[67.399036,39.64836],[67.398929,39.648521],[67.398758,39.648707],[67.398521,39.648916],[67.398394,39.649015],[67.398246,39.649092],[67.398228,39.649111],[67.397529,39.648498],[67.396082,39.647254],[67.395038,39.646385],[67.396111,39.645582]]]}},{"type":"Feature","id":195,"properties":{},"geometry":{"type":"Polygon","coordinates":[[[67.346911,39.783563],[67.346915,39.783559],[67.34725,39.783796],[67.347383,39.78389],[67.347771,39.784169],[67.347972,39.784309],[67.348013,39.784338],[67.348014,39.784338],[67.348065,39.784374],[67.348428,39.784025],[67.349231,39.783254],[67.349299,39.783189],[67.349368,39.783233],[67.349426,39.783269],[67.350042,39.783656],[67.350167,39.783734],[67.351073,39.784315],[67.351324,39.784476],[67.350965,39.784763],[67.350669,39.784996],[67.350435,39.78518],[67.350272,39.785315],[67.350182,39.785391],[67.349878,39.785533],[67.349865,39.785547],[67.349757,39.785499],[67.349591,39.78541],[67.349084,39.785017],[67.348761,39.784814],[67.348332,39.784562],[67.348172,39.784455],[67.347768,39.784174],[67.347161,39.783737],[67.346911,39.783563]]]}},{"type":"Feature","id":196,"properties":{},"geometry":{"type":"Polygon","coordinates":[[[67.266724,39.622058],[67.266775,39.622028],[67.26705,39.621914],[67.267443,39.621747],[67.267814,39.621594],[67.268335,39.621376],[67.268708,39.62122],[67.269285,39.620978],[67.269639,39.620831],[67.270128,39.620628],[67.270247,39.620577],[67.270293,39.620557],[67.270346,39.620593],[67.27062,39.620857],[67.270774,39.621005],[67.270884,39.621111],[67.270958,39.621178],[67.271026,39.62124],[67.271385,39.621569],[67.271507,39.621675],[67.271533,39.621717],[67.271102,39.621903],[67.270572,39.622133],[67.270392,39.622218],[67.269581,39.62259],[67.269166,39.622796],[67.268856,39.622978],[67.268733,39.623048],[67.268669,39.623085],[67.268446,39.623214],[67.268126,39.623396],[67.266724,39.622058]]]}},{"type":"Feature","id":197,"properties":{},"geometry":{"type":"Polygon","coordinates":[[[67.271134,39.620384],[67.271133,39.620384],[67.268335,39.617546],[67.270862,39.617838],[67.271541,39.617909],[67.27163,39.617919],[67.27265,39.61898],[67.273045,39.619392],[67.272336,39.619746],[67.272223,39.619803],[67.271184,39.620339],[67.271134,39.620384]]]}},{"type":"Feature","id":198,"properties":{},"geometry":{"type":"Polygon","coordinates":[[[67.220854,39.691625],[67.222246,39.693449],[67.222182,39.693526],[67.222001,39.693748],[67.221909,39.69386],[67.221794,39.694002],[67.221554,39.694296],[67.221395,39.694424],[67.221309,39.694493],[67.221295,39.694505],[67.221234,39.694525],[67.220188,39.693004],[67.220202,39.692981],[67.220406,39.692596],[67.220467,39.692465],[67.220597,39.692184],[67.220698,39.691966],[67.220727,39.691899],[67.220847,39.691617],[67.220854,39.691625]]]}},{"type":"Feature","id":199,"properties":{},"geometry":{"type":"Polygon","coordinates":[[[67.308509,39.583498],[67.308465,39.583461],[67.308452,39.583439],[67.307812,39.583761],[67.30765,39.583842],[67.307561,39.583903],[67.30755,39.583887],[67.307484,39.583799],[67.307189,39.583398],[67.307039,39.583197],[67.306852,39.582956],[67.306852,39.582956],[67.307115,39.582851],[67.307177,39.582832],[67.307195,39.582826],[67.307383,39.582758],[67.307541,39.5827],[67.307586,39.582687],[67.307588,39.582686],[67.307603,39.582675],[67.307618,39.58266],[67.307618,39.582651],[67.307921,39.582531],[67.307921,39.582531],[67.308034,39.582486],[67.308116,39.582457],[67.308116,39.582457],[67.308158,39.582442],[67.308204,39.582426],[67.308478,39.582345],[67.308566,39.58232],[67.308673,39.582288],[67.308762,39.58226],[67.308815,39.582245],[67.308938,39.582406],[67.308939,39.582408],[67.309133,39.582664],[67.309178,39.582717],[67.309242,39.582792],[67.309398,39.582975],[67.309428,39.58301],[67.309437,39.583018],[67.309325,39.583097],[67.30911,39.583217],[67.309043,39.583248],[67.308814,39.583357],[67.308804,39.583362],[67.308776,39.583376],[67.308516,39.583495],[67.308509,39.583498]]]}},{"type":"Feature","id":200,"properties":{},"geometry":{"type":"Polygon","coordinates":[[[67.311886,39.580593],[67.311896,39.58061],[67.31191,39.580652],[67.31184,39.580702],[67.311794,39.580734],[67.31242,39.581295],[67.312811,39.58173],[67.31283,39.581759],[67.312904,39.581848],[67.313096,39.582098],[67.313193,39.58221],[67.313329,39.582366],[67.313343,39.582382],[67.313357,39.582405],[67.313375,39.58244],[67.313383,39.582456],[67.313347,39.582497],[67.313241,39.582585],[67.313115,39.582674],[67.312985,39.582768],[67.31289,39.582841],[67.312772,39.582926],[67.312719,39.582963],[67.312606,39.583043],[67.312582,39.58306],[67.312568,39.583074],[67.31246,39.583151],[67.312357,39.583224],[67.312245,39.583306],[67.312142,39.583382],[67.312101,39.583409],[67.311956,39.583515],[67.311859,39.58358],[67.311796,39.583623],[67.311512,39.583354],[67.31147,39.583314],[67.31136,39.583208],[67.311266,39.583117],[67.311171,39.583025],[67.311138,39.582995],[67.310951,39.582822],[67.310793,39.582669],[67.310647,39.582537],[67.310568,39.582451],[67.310544,39.582425],[67.310529,39.5824],[67.310522,39.582388],[67.310518,39.582382],[67.310516,39.582372],[67.310482,39.582332],[67.310442,39.582286],[67.310416,39.582255],[67.310415,39.582254],[67.31041,39.582245],[67.310371,39.582177],[67.310331,39.582102],[67.310317,39.582075],[67.310286,39.58202],[67.310283,39.582014],[67.310229,39.581915],[67.310199,39.581858],[67.310172,39.58179],[67.310103,39.581651],[67.310103,39.58165],[67.310098,39.581633],[67.310105,39.58161],[67.31011,39.58141],[67.310113,39.581355],[67.310126,39.581262],[67.310133,39.581244],[67.310161,39.581158],[67.310165,39.581151],[67.310165,39.581151],[67.310204,39.581089],[67.310209,39.581088],[67.31021,39.581088],[67.310222,39.581084],[67.310222,39.581084],[67.310206,39.581062],[67.310207,39.581061],[67.310253,39.581051],[67.310307,39.581036],[67.310357,39.581015],[67.310451,39.580981],[67.310468,39.580975],[67.310646,39.580916],[67.310678,39.580907],[67.310881,39.58085],[67.311156,39.580774],[67.311395,39.580708],[67.311583,39.580662],[67.311637,39.580649],[67.311886,39.580593]]]}},{"type":"Feature","id":201,"properties":{},"geometry":{"type":"Polygon","coordinates":[[[67.217918,39.694318],[67.217875,39.694297],[67.217814,39.694269],[67.217263,39.694012],[67.217065,39.693931],[67.216998,39.693904],[67.216896,39.693863],[67.218671,39.690847],[67.21876,39.690678],[67.218788,39.690669],[67.219219,39.69053],[67.219597,39.690398],[67.219767,39.690341],[67.220313,39.690164],[67.22035,39.690153],[67.220396,39.690139],[67.217918,39.694318]]]}},{"type":"Feature","id":202,"properties":{},"geometry":{"type":"Polygon","coordinates":[[[67.369707,39.698479],[67.36941,39.698458],[67.368983,39.698456],[67.368735,39.698452],[67.368448,39.698469],[67.36838,39.698487],[67.368349,39.698559],[67.368356,39.698658],[67.368373,39.698947],[67.368376,39.69899],[67.36838,39.699049],[67.368392,39.699237],[67.3684,39.699311],[67.368399,39.699309],[67.36834,39.698924],[67.368332,39.698922],[67.368278,39.698593],[67.368258,39.698471],[67.366635,39.698618],[67.366632,39.698587],[67.366631,39.698587],[67.366621,39.698473],[67.36658,39.698147],[67.366576,39.69808],[67.366554,39.697875],[67.366516,39.697666],[67.366451,39.697525],[67.36645,39.697521],[67.366449,39.69752],[67.366423,39.697464],[67.366309,39.697291],[67.366046,39.696974],[67.365815,39.696584],[67.365813,39.696576],[67.365803,39.696544],[67.365748,39.696371],[67.365747,39.696316],[67.365745,39.696241],[67.365779,39.696152],[67.365868,39.696046],[67.365918,39.696002],[67.365953,39.695974],[67.36599,39.695949],[67.36602,39.695931],[67.366191,39.695976],[67.36631,39.696001],[67.366485,39.696055],[67.366623,39.696095],[67.366803,39.696153],[67.367383,39.696373],[67.367827,39.696502],[67.36807,39.696566],[67.36828,39.696625],[67.368359,39.69664],[67.368431,39.696655],[67.368777,39.696659],[67.369031,39.696649],[67.369489,39.696607],[67.369693,39.696577],[67.369718,39.696625],[67.369798,39.69693],[67.369878,39.697289],[67.369889,39.697436],[67.369901,39.697574],[67.369882,39.697725],[67.369825,39.697864],[67.369756,39.698009],[67.369756,39.698011],[67.369755,39.698012],[67.369697,39.69822],[67.369707,39.698479]]]}},{"type":"Feature","id":203,"properties":{},"geometry":{"type":"Polygon","coordinates":[[[67.306463,39.704611],[67.307099,39.704796],[67.307073,39.70483],[67.306264,39.705886],[67.305434,39.706972],[67.305365,39.707062],[67.305276,39.707178],[67.304653,39.70797],[67.302523,39.707599],[67.302399,39.707577],[67.302281,39.707556],[67.302171,39.707527],[67.30482,39.704135],[67.306463,39.704611]]]}},{"type":"Feature","id":204,"properties":{},"geometry":{"type":"Polygon","coordinates":[[[67.301834,39.704051],[67.30141,39.704592],[67.301283,39.704736],[67.300536,39.705632],[67.300419,39.705771],[67.300253,39.705965],[67.299478,39.706922],[67.29866,39.707958],[67.297668,39.70659],[67.297659,39.706518],[67.297209,39.706132],[67.298848,39.705329],[67.301214,39.704242],[67.301916,39.703948],[67.301834,39.704051]]]}},{"type":"Feature","id":205,"properties":{},"geometry":{"type":"Polygon","coordinates":[[[67.236747,39.662948],[67.237308,39.663445],[67.238605,39.662758],[67.238724,39.662823],[67.238868,39.662902],[67.239097,39.663118],[67.239555,39.663551],[67.238324,39.664203],[67.238763,39.664664],[67.238835,39.664739],[67.237855,39.665277],[67.237852,39.665279],[67.237837,39.665287],[67.235781,39.666512],[67.234789,39.665662],[67.234956,39.665624],[67.235369,39.665307],[67.23584,39.664972],[67.236426,39.664546],[67.236566,39.664445],[67.236514,39.664365],[67.235765,39.66366],[67.235746,39.66356],[67.235982,39.663392],[67.236057,39.663239],[67.236463,39.663068],[67.236747,39.662948]]]}},{"type":"Feature","id":206,"properties":{},"geometry":{"type":"Polygon","coordinates":[[[67.355987,39.696629],[67.355809,39.696859],[67.355725,39.696945],[67.355626,39.697019],[67.355297,39.697236],[67.354953,39.697099],[67.353613,39.696525],[67.353615,39.696522],[67.354572,39.695141],[67.354585,39.695122],[67.354748,39.69512],[67.354846,39.69508],[67.355003,39.694962],[67.35506,39.694918],[67.355398,39.694596],[67.355552,39.694451],[67.355568,39.694416],[67.355568,39.694416],[67.355633,39.694272],[67.355735,39.694104],[67.355756,39.694068],[67.355903,39.694134],[67.356372,39.694333],[67.357048,39.694642],[67.357361,39.69479],[67.3574,39.694811],[67.357398,39.694816],[67.357357,39.694922],[67.357325,39.694994],[67.357296,39.695041],[67.357286,39.695063],[67.356817,39.6956],[67.356639,39.695802],[67.356288,39.69624],[67.355987,39.696629]]]}},{"type":"Feature","id":207,"properties":{},"geometry":{"type":"Polygon","coordinates":[[[67.216514,39.709071],[67.215768,39.708866],[67.215755,39.708855],[67.215664,39.708941],[67.215073,39.708748],[67.215116,39.708673],[67.2151,39.707953],[67.215079,39.707379],[67.214997,39.706997],[67.215143,39.707035],[67.215145,39.707049],[67.217292,39.707619],[67.217609,39.707743],[67.217971,39.707897],[67.216514,39.709071]]]}},{"type":"Feature","id":208,"properties":{},"geometry":{"type":"Polygon","coordinates":[[[67.223372,39.699796],[67.222766,39.700378],[67.22166,39.701441],[67.221385,39.701706],[67.221133,39.701947],[67.221106,39.701933],[67.220568,39.701671],[67.22022,39.701502],[67.22016,39.701472],[67.22051,39.701138],[67.221611,39.700084],[67.221686,39.700013],[67.222114,39.699969],[67.222321,39.69991],[67.222449,39.699802],[67.222474,39.699794],[67.222551,39.699775],[67.222771,39.699781],[67.223372,39.699796]]]}},{"type":"Feature","id":209,"properties":{},"geometry":{"type":"Polygon","coordinates":[[[67.23471,39.733212],[67.236318,39.734548],[67.235972,39.734853],[67.235768,39.735032],[67.235318,39.735429],[67.23429,39.735455],[67.233669,39.735429],[67.233423,39.735427],[67.232983,39.735423],[67.232544,39.73542],[67.233306,39.734668],[67.233665,39.734314],[67.234648,39.733277],[67.23471,39.733212]]]}},{"type":"Feature","id":210,"properties":{},"geometry":{"type":"Polygon","coordinates":[[[67.232544,39.73542],[67.231917,39.735427],[67.23096,39.73538],[67.230955,39.735377],[67.231261,39.735035],[67.231495,39.734773],[67.231973,39.734238],[67.232272,39.733909],[67.232681,39.733474],[67.23304,39.733091],[67.233504,39.732597],[67.233548,39.73255],[67.23362,39.732474],[67.233751,39.732415],[67.234517,39.733051],[67.234254,39.733339],[67.234078,39.733264],[67.232984,39.734511],[67.233306,39.734668],[67.232544,39.73542]]]}},{"type":"Feature","id":211,"properties":{},"geometry":{"type":"Polygon","coordinates":[[[67.312383,39.73244],[67.312085,39.732801],[67.31204,39.73277],[67.311954,39.732709],[67.311917,39.732683],[67.311887,39.732662],[67.311852,39.732637],[67.311824,39.732624],[67.31179,39.732606],[67.311748,39.732585],[67.311699,39.732561],[67.311668,39.732545],[67.311634,39.732528],[67.311604,39.732513],[67.311576,39.732499],[67.311491,39.732456],[67.311394,39.732407],[67.311377,39.732433],[67.31129,39.73257],[67.309919,39.731881],[67.309937,39.731854],[67.310022,39.731737],[67.310146,39.731574],[67.310446,39.731177],[67.310536,39.731036],[67.310642,39.730892],[67.31076,39.730735],[67.311589,39.731119],[67.312837,39.731758],[67.312912,39.731805],[67.312383,39.73244]]]}},{"type":"Feature","id":212,"properties":{},"geometry":{"type":"Polygon","coordinates":[[[67.315351,39.732784],[67.315217,39.732958],[67.315057,39.733158],[67.314996,39.733357],[67.314994,39.733361],[67.314987,39.73337],[67.314957,39.733417],[67.314922,39.73347],[67.314901,39.733502],[67.31487,39.733566],[67.314849,39.733611],[67.314834,39.733642],[67.314785,39.733623],[67.314733,39.733593],[67.313366,39.732848],[67.313293,39.732808],[67.312652,39.732469],[67.312767,39.732334],[67.312767,39.732334],[67.313323,39.731652],[67.31345,39.731696],[67.313727,39.731845],[67.313888,39.731931],[67.313981,39.731981],[67.31447,39.732243],[67.314885,39.732466],[67.314868,39.732514],[67.315351,39.732784]]]}},{"type":"Feature","id":213,"properties":{},"geometry":{"type":"Polygon","coordinates":[[[67.313798,39.734901],[67.313787,39.734913],[67.313787,39.734913],[67.313744,39.734965],[67.313744,39.734966],[67.313743,39.734966],[67.31373,39.734979],[67.313705,39.735004],[67.31368,39.735037],[67.313669,39.735052],[67.313656,39.735069],[67.313623,39.735113],[67.313581,39.735167],[67.313513,39.735265],[67.313501,39.735284],[67.313471,39.735327],[67.313274,39.735572],[67.313034,39.735447],[67.311798,39.734774],[67.311591,39.734647],[67.311053,39.734337],[67.311159,39.734199],[67.311246,39.734196],[67.311246,39.734196],[67.311275,39.734159],[67.31132,39.734104],[67.311635,39.73371],[67.312621,39.734252],[67.312683,39.734285],[67.313713,39.734852],[67.313798,39.734901]]]}},{"type":"Feature","id":214,"properties":{},"geometry":{"type":"Polygon","coordinates":[[[67.272082,39.726506],[67.271908,39.726702],[67.272716,39.727194],[67.272376,39.727439],[67.272046,39.727643],[67.27159,39.727992],[67.269127,39.726312],[67.268918,39.726178],[67.268927,39.726167],[67.268935,39.726157],[67.268943,39.726148],[67.269054,39.726031],[67.269146,39.72598],[67.269147,39.72598],[67.269172,39.72597],[67.269289,39.725922],[67.269354,39.725908],[67.269454,39.725822],[67.269483,39.725768],[67.269485,39.725764],[67.269488,39.72576],[67.269522,39.725698],[67.269583,39.725654],[67.269623,39.725649],[67.269684,39.725586],[67.26975,39.725451],[67.269756,39.725449],[67.269765,39.725446],[67.269774,39.725444],[67.269858,39.725419],[67.270249,39.725366],[67.270375,39.72531],[67.270241,39.725445],[67.27114,39.725963],[67.272082,39.726506]]]}},{"type":"Feature","id":215,"properties":{},"geometry":{"type":"Polygon","coordinates":[[[67.342929,39.694693],[67.343284,39.694765],[67.343555,39.694828],[67.342771,39.696304],[67.342012,39.695863],[67.342019,39.695848],[67.342701,39.694648],[67.342929,39.694693]]]}},{"type":"Feature","id":216,"properties":{},"geometry":{"type":"Polygon","coordinates":[[[67.346821,39.688404],[67.346475,39.689264],[67.34661,39.689291],[67.347044,39.689423],[67.3475,39.689592],[67.347516,39.689599],[67.347514,39.689602],[67.347043,39.689425],[67.346608,39.689294],[67.346409,39.689253],[67.346275,39.689222],[67.346189,39.6892],[67.346201,39.689142],[67.346209,39.689042],[67.346123,39.689028],[67.345618,39.688908],[67.345538,39.688886],[67.345248,39.68879],[67.345117,39.688755],[67.3452,39.688539],[67.345393,39.688145],[67.345438,39.688062],[67.345487,39.688042],[67.34566,39.688065],[67.346292,39.688245],[67.346446,39.688289],[67.346663,39.688351],[67.346821,39.688404]]]}},{"type":"Feature","id":217,"properties":{},"geometry":{"type":"Polygon","coordinates":[[[67.347514,39.689602],[67.347427,39.689819],[67.347377,39.689918],[67.347097,39.690346],[67.345706,39.689961],[67.345529,39.689917],[67.345405,39.689898],[67.34533,39.689885],[67.345255,39.689871],[67.345191,39.689837],[67.345149,39.68979],[67.345063,39.689735],[67.344741,39.689651],[67.344632,39.689617],[67.344215,39.689493],[67.344466,39.688946],[67.344921,39.688021],[67.34509,39.687719],[67.34522,39.687479],[67.345232,39.687433],[67.346075,39.687654],[67.346051,39.687741],[67.346094,39.687763],[67.34655,39.687894],[67.346889,39.687976],[67.346953,39.687992],[67.347414,39.688132],[67.347827,39.688234],[67.347807,39.688277],[67.347958,39.688317],[67.347982,39.688263],[67.348013,39.68827],[67.348066,39.688353],[67.347911,39.688693],[67.347894,39.688688],[67.347808,39.688661],[67.347636,39.688626],[67.347518,39.688595],[67.347341,39.68855],[67.346992,39.688458],[67.346822,39.688401],[67.346821,39.688404],[67.346663,39.688351],[67.346446,39.688289],[67.346292,39.688245],[67.34566,39.688065],[67.345487,39.688042],[67.345438,39.688062],[67.345393,39.688145],[67.3452,39.688539],[67.345117,39.688755],[67.345248,39.68879],[67.345538,39.688886],[67.345618,39.688908],[67.346123,39.689028],[67.346209,39.689042],[67.346201,39.689142],[67.346189,39.6892],[67.346275,39.689222],[67.346409,39.689253],[67.346608,39.689294],[67.347043,39.689425],[67.347514,39.689602]]]}},{"type":"Feature","id":218,"properties":{},"geometry":{"type":"Polygon","coordinates":[[[67.345232,39.687433],[67.34522,39.687479],[67.34509,39.687719],[67.344921,39.688021],[67.344466,39.688946],[67.344215,39.689493],[67.343788,39.689381],[67.343354,39.689258],[67.343765,39.688456],[67.344389,39.687212],[67.345232,39.687433]]]}},{"type":"Feature","id":219,"properties":{},"geometry":{"type":"Polygon","coordinates":[[[67.258634,39.703629],[67.257667,39.706927],[67.257113,39.70686],[67.256523,39.706743],[67.25603,39.706646],[67.256278,39.705747],[67.256264,39.705738],[67.256258,39.705737],[67.256261,39.705728],[67.256486,39.704949],[67.256776,39.703949],[67.256809,39.703786],[67.256816,39.70378],[67.256917,39.703636],[67.257001,39.703564],[67.257126,39.703722],[67.257377,39.703847],[67.257635,39.703872],[67.258151,39.703784],[67.258201,39.703768],[67.258495,39.703674],[67.258634,39.703629]]]}},{"type":"Feature","id":220,"properties":{},"geometry":{"type":"Polygon","coordinates":[[[67.234982,39.645974],[67.234984,39.645973],[67.235877,39.645204],[67.238556,39.646855],[67.237779,39.647613],[67.237728,39.64766],[67.237577,39.647565],[67.236163,39.646682],[67.235584,39.646335],[67.235464,39.646263],[67.235304,39.646167],[67.234982,39.645974]]]}},{"type":"Feature","id":221,"properties":{},"geometry":{"type":"Polygon","coordinates":[[[67.235992,39.649253],[67.235768,39.649475],[67.235451,39.649733],[67.235219,39.649922],[67.235145,39.649977],[67.235061,39.649998],[67.234931,39.649996],[67.234813,39.649995],[67.234655,39.650013],[67.234549,39.650053],[67.234487,39.650069],[67.233647,39.649519],[67.233257,39.649263],[67.232717,39.648892],[67.232567,39.648788],[67.232176,39.64852],[67.232178,39.648518],[67.232379,39.648333],[67.232542,39.648184],[67.23265,39.648082],[67.232787,39.647955],[67.233191,39.647588],[67.233931,39.648017],[67.23418,39.648167],[67.235038,39.648685],[67.235992,39.649253]]]}},{"type":"Feature","id":222,"properties":{},"geometry":{"type":"Polygon","coordinates":[[[67.236947,39.648332],[67.236613,39.648645],[67.23651,39.648748],[67.236357,39.648901],[67.236297,39.648961],[67.235992,39.649253],[67.235038,39.648685],[67.23418,39.648167],[67.233931,39.648017],[67.233191,39.647588],[67.233193,39.647586],[67.233221,39.647561],[67.23336,39.647447],[67.233509,39.647314],[67.233645,39.647178],[67.23374,39.647088],[67.233834,39.647003],[67.234274,39.646606],[67.235187,39.647172],[67.236235,39.647867],[67.236644,39.648138],[67.236947,39.648332]]]}},{"type":"Feature","id":223,"properties":{},"geometry":{"type":"Polygon","coordinates":[[[67.33178,39.719964],[67.332144,39.719738],[67.332492,39.719508],[67.332685,39.719365],[67.332957,39.719137],[67.333134,39.718981],[67.333179,39.718938],[67.334973,39.720186],[67.334108,39.720916],[67.333705,39.721269],[67.333609,39.721209],[67.33312,39.720864],[67.332669,39.720561],[67.332312,39.720321],[67.33178,39.719964]]]}},{"type":"Feature","id":224,"properties":{},"geometry":{"type":"Polygon","coordinates":[[[67.337687,39.721141],[67.338436,39.721646],[67.338497,39.721688],[67.339181,39.722158],[67.339265,39.722246],[67.339285,39.722318],[67.33929,39.722334],[67.33812,39.723336],[67.336337,39.722106],[67.336717,39.721787],[67.3371,39.721464],[67.337564,39.721058],[67.337687,39.721141]]]}},{"type":"Feature","id":225,"properties":{},"geometry":{"type":"Polygon","coordinates":[[[67.331024,39.717548],[67.33048,39.718028],[67.330019,39.717736],[67.329562,39.717987],[67.329008,39.717178],[67.329011,39.717176],[67.329056,39.717118],[67.329101,39.71704],[67.32906,39.716951],[67.328995,39.716852],[67.328964,39.716804],[67.328752,39.716479],[67.328745,39.716467],[67.328675,39.71634],[67.328667,39.716228],[67.328684,39.716199],[67.32881,39.716125],[67.328839,39.716046],[67.328714,39.715823],[67.328587,39.715721],[67.328555,39.715688],[67.328687,39.715649],[67.328757,39.715603],[67.328988,39.715464],[67.329064,39.715424],[67.329423,39.715915],[67.329506,39.716024],[67.32993,39.716156],[67.330036,39.716287],[67.330178,39.716418],[67.33029,39.716486],[67.330413,39.716551],[67.330483,39.716579],[67.330495,39.716596],[67.330523,39.716595],[67.330542,39.716603],[67.330422,39.717094],[67.331024,39.717548]]]}},{"type":"Feature","id":226,"properties":{},"geometry":{"type":"Polygon","coordinates":[[[67.332907,39.718912],[67.332755,39.719058],[67.332424,39.719333],[67.332143,39.719565],[67.331994,39.719665],[67.331205,39.71909],[67.331172,39.719066],[67.330417,39.718515],[67.33048,39.718462],[67.330645,39.718327],[67.33078,39.718218],[67.331289,39.717751],[67.33129,39.717748],[67.331418,39.717845],[67.331462,39.717877],[67.331669,39.718028],[67.331852,39.718161],[67.332046,39.718302],[67.332907,39.718912]]]}},{"type":"Feature","id":227,"properties":{},"geometry":{"type":"Polygon","coordinates":[[[67.2353,39.714899],[67.234488,39.715433],[67.23364,39.715991],[67.233525,39.716066],[67.232457,39.716786],[67.232431,39.716762],[67.231992,39.716287],[67.231305,39.715544],[67.231794,39.715243],[67.232308,39.714898],[67.233169,39.714363],[67.234037,39.713886],[67.234127,39.713815],[67.234175,39.713777],[67.234313,39.713923],[67.23519,39.714782],[67.2353,39.714899]]]}},{"type":"Feature","id":228,"properties":{},"geometry":{"type":"Polygon","coordinates":[[[67.314911,39.764187],[67.314756,39.764549],[67.314723,39.764655],[67.314695,39.764807],[67.314691,39.764853],[67.314663,39.765117],[67.31464,39.765652],[67.31453,39.765691],[67.314098,39.765771],[67.313675,39.765848],[67.313324,39.765916],[67.313075,39.76595],[67.312779,39.765992],[67.312676,39.765978],[67.312256,39.765808],[67.312105,39.765748],[67.311841,39.765641],[67.311881,39.765612],[67.31202,39.765515],[67.312292,39.765316],[67.31248,39.765149],[67.312594,39.764961],[67.312598,39.764653],[67.312544,39.76457],[67.31266,39.764443],[67.312775,39.764316],[67.312899,39.76418],[67.313179,39.763873],[67.313605,39.763447],[67.313748,39.763299],[67.31392,39.763118],[67.314275,39.762734],[67.314314,39.762692],[67.314787,39.762174],[67.315024,39.7619],[67.315142,39.761764],[67.315279,39.761605],[67.315742,39.761034],[67.31603,39.760635],[67.316183,39.760402],[67.316184,39.760402],[67.316229,39.760364],[67.318628,39.761248],[67.318553,39.761281],[67.318284,39.761384],[67.318009,39.761572],[67.317718,39.761745],[67.317353,39.761973],[67.317106,39.762093],[67.31693,39.762134],[67.31677,39.762122],[67.316676,39.762124],[67.316532,39.762154],[67.316443,39.762223],[67.316291,39.762476],[67.316026,39.762714],[67.315858,39.762841],[67.315671,39.762947],[67.315595,39.76296],[67.31549,39.762959],[67.315306,39.76296],[67.315201,39.763036],[67.31507,39.763258],[67.314979,39.763481],[67.314914,39.763823],[67.314855,39.764156],[67.314911,39.764187]]]}},{"type":"Feature","id":229,"properties":{},"geometry":{"type":"Polygon","coordinates":[[[67.242447,39.683844],[67.242386,39.683894],[67.242218,39.683732],[67.242193,39.683714],[67.24226,39.683658],[67.242187,39.683604],[67.241504,39.683092],[67.241582,39.683025],[67.241749,39.682882],[67.241891,39.682759],[67.24195,39.682699],[67.24206,39.682598],[67.242064,39.682594],[67.2421,39.682558],[67.242123,39.682534],[67.242244,39.682414],[67.242247,39.68241],[67.242256,39.682402],[67.242361,39.682308],[67.242873,39.681908],[67.242936,39.681952],[67.243178,39.682118],[67.24357,39.682388],[67.243921,39.682627],[67.242493,39.683806],[67.242464,39.6838],[67.242447,39.683844]]]}},{"type":"Feature","id":230,"properties":{},"geometry":{"type":"Polygon","coordinates":[[[67.237777,39.685801],[67.238831,39.686284],[67.239927,39.684882],[67.240158,39.684996],[67.240565,39.685198],[67.241114,39.685559],[67.240578,39.686311],[67.240254,39.686766],[67.240012,39.687106],[67.239731,39.687499],[67.239716,39.68752],[67.239497,39.687828],[67.238992,39.687573],[67.238567,39.687359],[67.238386,39.687268],[67.238156,39.687152],[67.237588,39.686866],[67.237229,39.686685],[67.237085,39.686733],[67.237777,39.685801]]]}},{"type":"Feature","id":231,"properties":{},"geometry":{"type":"Polygon","coordinates":[[[67.276756,39.606907],[67.276679,39.60692],[67.275339,39.607113],[67.274955,39.60717],[67.274749,39.6072],[67.273793,39.60734],[67.273727,39.60735],[67.27359,39.60737],[67.27294,39.607466],[67.271675,39.607649],[67.27128,39.605023],[67.273906,39.604736],[67.274025,39.605069],[67.274066,39.605186],[67.274094,39.605266],[67.274467,39.606326],[67.274592,39.606645],[67.274611,39.606691],[67.274646,39.606782],[67.275248,39.606695],[67.275447,39.606667],[67.275871,39.606606],[67.275939,39.606597],[67.275995,39.606589],[67.27606,39.60658],[67.27606,39.60658],[67.276699,39.606491],[67.27672,39.606658],[67.276735,39.606771],[67.276756,39.606907]]]}},{"type":"Feature","id":232,"properties":{},"geometry":{"type":"Polygon","coordinates":[[[67.29674,39.694069],[67.297022,39.693796],[67.29778,39.693067],[67.298681,39.692215],[67.299281,39.69165],[67.301435,39.692562],[67.301788,39.692709],[67.301928,39.692761],[67.301716,39.693221],[67.300888,39.69371],[67.300505,39.693918],[67.30046,39.693942],[67.300225,39.694069],[67.300208,39.694078],[67.300099,39.694138],[67.298742,39.694872],[67.297619,39.695433],[67.297427,39.695141],[67.29674,39.694069]]]}},{"type":"Feature","id":233,"properties":{},"geometry":{"type":"Polygon","coordinates":[[[67.243595,39.610074],[67.24365,39.61014],[67.243664,39.610158],[67.241823,39.611091],[67.24168,39.61097],[67.241606,39.610894],[67.24156,39.610777],[67.241442,39.61057],[67.241395,39.610503],[67.241353,39.610471],[67.24312,39.609511],[67.243595,39.610074]]]}},{"type":"Feature","id":234,"properties":{},"geometry":{"type":"Polygon","coordinates":[[[67.273131,39.603431],[67.272831,39.603506],[67.272063,39.603663],[67.271527,39.603771],[67.271276,39.603821],[67.270819,39.60391],[67.27071,39.603925],[67.270696,39.603925],[67.270593,39.603927],[67.270289,39.60399],[67.269874,39.604072],[67.269814,39.603957],[67.269767,39.603864],[67.269646,39.603625],[67.269478,39.603308],[67.269438,39.603226],[67.269312,39.602968],[67.269275,39.602892],[67.269234,39.60281],[67.269242,39.602803],[67.268899,39.602071],[67.269567,39.601889],[67.26957,39.601777],[67.271028,39.601302],[67.271028,39.601301],[67.271121,39.60124],[67.271122,39.601226],[67.271163,39.601212],[67.271469,39.601173],[67.271523,39.601168],[67.271544,39.60118],[67.271584,39.601252],[67.271704,39.601415],[67.271846,39.601642],[67.271989,39.601855],[67.27204,39.601925],[67.272044,39.60193],[67.272078,39.601977],[67.272242,39.602177],[67.272264,39.602203],[67.272462,39.602469],[67.272596,39.602653],[67.272688,39.602781],[67.272782,39.602909],[67.272928,39.603119],[67.272935,39.60313],[67.273031,39.603278],[67.273131,39.603431]]]}},{"type":"Feature","id":235,"properties":{},"geometry":{"type":"Polygon","coordinates":[[[67.30055,39.697602],[67.300517,39.697608],[67.300168,39.697748],[67.299669,39.69805],[67.299469,39.698196],[67.299208,39.698388],[67.298931,39.69859],[67.298738,39.698765],[67.298852,39.698409],[67.298898,39.698197],[67.298907,39.698157],[67.298944,39.697984],[67.298963,39.697876],[67.298953,39.697826],[67.298943,39.697796],[67.298697,39.697222],[67.298651,39.697116],[67.298508,39.69678],[67.298128,39.695893],[67.298458,39.695845],[67.299571,39.695636],[67.300824,39.695441],[67.301074,39.695407],[67.30142,39.695392],[67.301621,39.695391],[67.301663,39.695391],[67.301895,39.695415],[67.30212,39.695473],[67.302432,39.695532],[67.302529,39.695551],[67.302687,39.695583],[67.301972,39.697398],[67.301958,39.697396],[67.301797,39.69739],[67.301568,39.697381],[67.301475,39.697385],[67.301005,39.697447],[67.300713,39.697512],[67.30055,39.697602]]]}},{"type":"Feature","id":236,"properties":{},"geometry":{"type":"Polygon","coordinates":[[[67.358108,39.76931],[67.358041,39.76934],[67.357645,39.769574],[67.357227,39.769867],[67.356861,39.770133],[67.356539,39.770466],[67.356511,39.770495],[67.354084,39.769226],[67.355199,39.768],[67.3552,39.768],[67.355323,39.767983],[67.355357,39.767986],[67.35542,39.767996],[67.356391,39.768442],[67.356798,39.768657],[67.357029,39.768773],[67.357358,39.768946],[67.357706,39.76911],[67.358108,39.76931]]]}},{"type":"Feature","id":237,"properties":{},"geometry":{"type":"Polygon","coordinates":[[[67.344633,39.71354],[67.344844,39.713656],[67.345488,39.71407],[67.346552,39.714778],[67.346644,39.714836],[67.347048,39.715092],[67.347463,39.715355],[67.347537,39.715414],[67.347371,39.715571],[67.346354,39.716444],[67.343788,39.714699],[67.344108,39.714393],[67.344339,39.714192],[67.344458,39.714065],[67.344489,39.714031],[67.344592,39.713778],[67.344633,39.71354]]]}},{"type":"Feature","id":238,"properties":{},"geometry":{"type":"Polygon","coordinates":[[[67.355945,39.713402],[67.355796,39.713678],[67.35608,39.713781],[67.356106,39.713827],[67.356054,39.71396],[67.356069,39.714018],[67.356165,39.71407],[67.356462,39.71419],[67.356303,39.71432],[67.356244,39.71429],[67.355902,39.714151],[67.355806,39.7141],[67.355791,39.714041],[67.355843,39.713908],[67.355817,39.713862],[67.355337,39.713688],[67.354836,39.713502],[67.354664,39.713458],[67.354566,39.713494],[67.354499,39.713606],[67.354344,39.713958],[67.354218,39.714155],[67.354091,39.714172],[67.353962,39.714141],[67.353709,39.71407],[67.353205,39.713917],[67.353145,39.713916],[67.353096,39.713953],[67.352982,39.714162],[67.352916,39.714283],[67.350257,39.713385],[67.351719,39.712103],[67.355945,39.713402]]]}},{"type":"Feature","id":239,"properties":{},"geometry":{"type":"Polygon","coordinates":[[[67.34372,39.694867],[67.344096,39.695006],[67.344158,39.69502],[67.344081,39.695287],[67.343898,39.695897],[67.343837,39.6961],[67.343706,39.696441],[67.343599,39.696716],[67.343569,39.696759],[67.343546,39.696743],[67.343402,39.696687],[67.343254,39.696596],[67.343099,39.6965],[67.342969,39.69642],[67.34279,39.69631],[67.343251,39.69547],[67.343416,39.69513],[67.343545,39.694923],[67.34358,39.694834],[67.34372,39.694867]]]}},{"type":"Feature","id":240,"properties":{},"geometry":{"type":"Polygon","coordinates":[[[67.293909,39.692475],[67.293726,39.692693],[67.2937,39.692685],[67.293555,39.692633],[67.293337,39.692569],[67.293247,39.692542],[67.293175,39.692521],[67.292954,39.692457],[67.292801,39.692415],[67.292654,39.692376],[67.292653,39.692375],[67.292549,39.692344],[67.292474,39.692323],[67.293937,39.68753],[67.293956,39.687475],[67.294065,39.687484],[67.29407,39.687469],[67.295113,39.687809],[67.293909,39.692475]]]}},{"type":"Feature","id":241,"properties":{},"geometry":{"type":"Polygon","coordinates":[[[67.296595,39.688292],[67.295991,39.690283],[67.295281,39.690988],[67.294361,39.691944],[67.294348,39.691959],[67.294313,39.691995],[67.294295,39.692018],[67.294284,39.69203],[67.293909,39.692475],[67.295113,39.687809],[67.296595,39.688292]]]}},{"type":"Feature","id":242,"properties":{},"geometry":{"type":"Polygon","coordinates":[[[67.269457,39.784744],[67.269471,39.784743],[67.26979,39.784843],[67.270539,39.785076],[67.271202,39.78526],[67.271566,39.785379],[67.271879,39.785458],[67.272126,39.785521],[67.27211,39.785561],[67.271942,39.786022],[67.27185,39.786276],[67.271812,39.786379],[67.271783,39.78646],[67.271669,39.786777],[67.271453,39.787371],[67.271431,39.787427],[67.271081,39.787353],[67.270626,39.787248],[67.269989,39.787101],[67.269344,39.78693],[67.268802,39.786772],[67.268729,39.78674],[67.268765,39.786602],[67.268782,39.786554],[67.268862,39.786329],[67.26896,39.786054],[67.269241,39.785318],[67.269457,39.784744]]]}},{"type":"Feature","id":243,"properties":{},"geometry":{"type":"Polygon","coordinates":[[[67.258739,39.681686],[67.258665,39.681739],[67.256112,39.679705],[67.256334,39.679425],[67.256473,39.679248],[67.256526,39.679182],[67.259193,39.681222],[67.259143,39.681261],[67.258944,39.681417],[67.258672,39.681631],[67.258739,39.681686]]]}},{"type":"Feature","id":244,"properties":{},"geometry":{"type":"Polygon","coordinates":[[[67.357485,39.772383],[67.35671,39.77319],[67.35675,39.773239],[67.356742,39.773248],[67.356612,39.773338],[67.356489,39.773413],[67.35653,39.773465],[67.35649,39.773506],[67.356591,39.773541],[67.356596,39.773548],[67.35698,39.773796],[67.357429,39.774114],[67.357539,39.774192],[67.357805,39.77436],[67.358045,39.77454],[67.358109,39.774614],[67.358064,39.774664],[67.358014,39.774683],[67.357835,39.774695],[67.357716,39.774687],[67.357555,39.774603],[67.357547,39.774599],[67.357327,39.774437],[67.356924,39.774186],[67.356885,39.774162],[67.356779,39.774101],[67.356373,39.773864],[67.356312,39.773842],[67.356289,39.773827],[67.356277,39.773841],[67.356056,39.774052],[67.355967,39.774137],[67.355852,39.774088],[67.35434,39.773128],[67.354303,39.7731],[67.354396,39.773029],[67.354403,39.773018],[67.354797,39.772525],[67.35487,39.772437],[67.354967,39.772336],[67.35519,39.772184],[67.355347,39.77204],[67.355392,39.771999],[67.355606,39.771848],[67.355659,39.771794],[67.356014,39.771879],[67.356632,39.772056],[67.356879,39.772135],[67.357348,39.772325],[67.357485,39.772383]]]}},{"type":"Feature","id":245,"properties":{},"geometry":{"type":"Polygon","coordinates":[[[67.357778,39.775629],[67.357965,39.775748],[67.359675,39.776809],[67.359675,39.776809],[67.359498,39.777115],[67.359217,39.777662],[67.35912,39.777797],[67.356961,39.776404],[67.357221,39.776174],[67.357313,39.776095],[67.357376,39.776041],[67.357597,39.77585],[67.357778,39.775629]]]}},{"type":"Feature","id":246,"properties":{},"geometry":{"type":"Polygon","coordinates":[[[67.277213,39.692032],[67.277167,39.692077],[67.276257,39.693023],[67.276194,39.69282],[67.275624,39.69098],[67.275512,39.690618],[67.275526,39.690606],[67.275462,39.690649],[67.275447,39.690599],[67.275517,39.690535],[67.275671,39.690393],[67.275873,39.690206],[67.276027,39.690064],[67.276387,39.689732],[67.276409,39.689694],[67.277213,39.692032]]]}},{"type":"Feature","id":247,"properties":{},"geometry":{"type":"Polygon","coordinates":[[[67.276916,39.689237],[67.27703,39.689069],[67.277503,39.688663],[67.277621,39.688552],[67.277643,39.688611],[67.277773,39.688969],[67.277954,39.689476],[67.278213,39.690204],[67.278537,39.69114],[67.277895,39.691862],[67.27778,39.69165],[67.277721,39.691532],[67.277482,39.690798],[67.276964,39.689339],[67.276916,39.689237]]]}},{"type":"Feature","id":248,"properties":{},"geometry":{"type":"Polygon","coordinates":[[[67.279121,39.687026],[67.279092,39.687109],[67.27852,39.687616],[67.27847,39.687504],[67.278403,39.687356],[67.278142,39.686667],[67.278137,39.686653],[67.278064,39.686471],[67.277999,39.6863],[67.277977,39.686252],[67.277966,39.686227],[67.278238,39.686082],[67.278724,39.685824],[67.278737,39.685823],[67.279121,39.687026]]]}},{"type":"Feature","id":249,"properties":{},"geometry":{"type":"Polygon","coordinates":[[[67.342856,39.77886],[67.342795,39.779006],[67.342779,39.779116],[67.342766,39.7792],[67.342743,39.779366],[67.342682,39.779762],[67.342605,39.779953],[67.342433,39.780232],[67.342247,39.780438],[67.342126,39.780528],[67.341945,39.780743],[67.341697,39.781013],[67.341463,39.781181],[67.341363,39.781247],[67.341235,39.781332],[67.340862,39.781538],[67.340657,39.781651],[67.34056,39.781716],[67.340204,39.781953],[67.340068,39.782044],[67.33992,39.782148],[67.339883,39.782118],[67.339816,39.78208],[67.339804,39.782069],[67.339712,39.781791],[67.339533,39.78169],[67.339418,39.781599],[67.33941,39.781593],[67.33942,39.781558],[67.339453,39.781482],[67.33961,39.781342],[67.339673,39.781259],[67.339674,39.781255],[67.339762,39.781181],[67.339919,39.781073],[67.340162,39.780957],[67.340454,39.780872],[67.340608,39.780774],[67.340723,39.780677],[67.340791,39.780624],[67.340972,39.780481],[67.341103,39.780338],[67.341244,39.780184],[67.341465,39.779859],[67.341496,39.779771],[67.341739,39.779449],[67.341789,39.77941],[67.341862,39.779297],[67.342128,39.779154],[67.342168,39.779143],[67.342329,39.779047],[67.342408,39.779005],[67.342507,39.778964],[67.34275,39.77887],[67.342856,39.77886]]]}},{"type":"Feature","id":250,"properties":{},"geometry":{"type":"Polygon","coordinates":[[[67.344033,39.777622],[67.3431,39.778264],[67.340949,39.776862],[67.341007,39.776816],[67.341838,39.77617],[67.342131,39.776367],[67.342407,39.776575],[67.342922,39.776879],[67.343526,39.777286],[67.344033,39.777622]]]}},{"type":"Feature","id":251,"properties":{},"geometry":{"type":"Polygon","coordinates":[[[67.361102,39.682813],[67.36098,39.68294],[67.360751,39.683164],[67.356622,39.680911],[67.356541,39.680867],[67.356477,39.680825],[67.357034,39.680318],[67.357296,39.680371],[67.357947,39.680735],[67.358038,39.68076],[67.358292,39.680899],[67.358927,39.681246],[67.359802,39.681722],[67.36074,39.682241],[67.36077,39.682258],[67.360933,39.682354],[67.361392,39.682631],[67.361415,39.682601],[67.361508,39.682509],[67.36158,39.682444],[67.361698,39.682309],[67.361797,39.682193],[67.36185,39.682137],[67.361931,39.682096],[67.361981,39.682116],[67.362051,39.682143],[67.362501,39.682353],[67.362517,39.682362],[67.362564,39.682387],[67.362585,39.682431],[67.362541,39.682559],[67.36242,39.682815],[67.36235,39.682897],[67.362292,39.682962],[67.362262,39.682989],[67.362204,39.683042],[67.362122,39.683095],[67.362039,39.683144],[67.361971,39.683119],[67.361958,39.683115],[67.361192,39.68272],[67.361102,39.682813]]]}},{"type":"Feature","id":252,"properties":{},"geometry":{"type":"Polygon","coordinates":[[[67.360237,39.685815],[67.359979,39.686221],[67.35996,39.686252],[67.359759,39.686568],[67.359712,39.686642],[67.359465,39.686656],[67.359431,39.686658],[67.359297,39.686628],[67.359207,39.686608],[67.358948,39.68652],[67.358587,39.686424],[67.358457,39.686372],[67.358614,39.685963],[67.358824,39.685615],[67.359033,39.685356],[67.359251,39.685414],[67.359447,39.685432],[67.359444,39.685449],[67.359527,39.685458],[67.359554,39.685422],[67.359595,39.685366],[67.359708,39.685254],[67.359821,39.685128],[67.359931,39.685027],[67.360005,39.684982],[67.360145,39.68491],[67.360321,39.684746],[67.360499,39.684669],[67.360681,39.684594],[67.360936,39.684422],[67.361118,39.684169],[67.361131,39.684159],[67.361186,39.684116],[67.361269,39.684066],[67.361341,39.684023],[67.361413,39.684011],[67.361478,39.68402],[67.361466,39.684091],[67.361419,39.684237],[67.361377,39.684308],[67.361311,39.684365],[67.361056,39.684777],[67.361032,39.684823],[67.360791,39.685126],[67.360589,39.685364],[67.360237,39.685815]]]}},{"type":"Feature","id":253,"properties":{},"geometry":{"type":"Polygon","coordinates":[[[67.248483,39.708607],[67.247978,39.708656],[67.248249,39.70823],[67.247937,39.708261],[67.245591,39.708495],[67.24571,39.708314],[67.245781,39.708204],[67.247871,39.705002],[67.248097,39.705],[67.248448,39.704992],[67.248521,39.704994],[67.248924,39.705],[67.24923,39.704958],[67.249605,39.704668],[67.249755,39.704702],[67.250122,39.704998],[67.250473,39.705281],[67.250539,39.705335],[67.250584,39.705371],[67.249222,39.707416],[67.249107,39.707595],[67.248941,39.707851],[67.248544,39.70847],[67.248483,39.708607]]]}},{"type":"Feature","id":254,"properties":{},"geometry":{"type":"Polygon","coordinates":[[[67.264062,39.70273],[67.26412,39.702773],[67.264249,39.702868],[67.264684,39.703187],[67.264895,39.703342],[67.264989,39.703411],[67.264982,39.703417],[67.265339,39.703844],[67.26535,39.703858],[67.265,39.704179],[67.264754,39.704405],[67.264384,39.704411],[67.262635,39.704439],[67.262448,39.704442],[67.261972,39.70444],[67.26178,39.704426],[67.26179,39.704352],[67.263142,39.702774],[67.263153,39.702761],[67.263217,39.702686],[67.263218,39.702684],[67.263261,39.702635],[67.263477,39.70243],[67.263533,39.702342],[67.264062,39.70273]]]}},{"type":"Feature","id":255,"properties":{},"geometry":{"type":"Polygon","coordinates":[[[67.265013,39.707219],[67.261517,39.707267],[67.26124,39.707271],[67.261182,39.707109],[67.260943,39.706449],[67.263567,39.706405],[67.264913,39.706367],[67.265833,39.706322],[67.265645,39.706448],[67.265349,39.706645],[67.265122,39.706875],[67.265109,39.706925],[67.26508,39.707037],[67.265013,39.707219]]]}},{"type":"Feature","id":256,"properties":{},"geometry":{"type":"Polygon","coordinates":[[[67.267062,39.706439],[67.265645,39.706448],[67.265833,39.706322],[67.266085,39.706205],[67.266085,39.706205],[67.266088,39.706203],[67.266328,39.70591],[67.266491,39.70567],[67.266507,39.705646],[67.26664,39.705435],[67.266668,39.705474],[67.266737,39.705571],[67.267062,39.706439]]]}},{"type":"Feature","id":257,"properties":{},"geometry":{"type":"Polygon","coordinates":[[[67.267062,39.706439],[67.267115,39.706584],[67.267207,39.706831],[67.267277,39.70702],[67.267354,39.707188],[67.266703,39.707196],[67.265013,39.707219],[67.26508,39.707037],[67.265109,39.706925],[67.265122,39.706875],[67.265349,39.706645],[67.265645,39.706448],[67.267062,39.706439]]]}},{"type":"Feature","id":258,"properties":{},"geometry":{"type":"Polygon","coordinates":[[[67.269624,39.688448],[67.269634,39.688436],[67.269675,39.688385],[67.26986,39.688162],[67.270214,39.687735],[67.270149,39.68763],[67.270924,39.687182],[67.272372,39.688259],[67.272404,39.688355],[67.272611,39.688966],[67.272526,39.689057],[67.271621,39.690022],[67.270873,39.689433],[67.269624,39.688448]]]}},{"type":"Feature","id":259,"properties":{},"geometry":{"type":"Polygon","coordinates":[[[67.274307,39.68026],[67.274246,39.680481],[67.274214,39.680591],[67.274174,39.680709],[67.274136,39.680822],[67.274097,39.68094],[67.273904,39.681409],[67.273835,39.681578],[67.273811,39.681638],[67.273794,39.681679],[67.273778,39.681717],[67.27376,39.681764],[67.273712,39.681894],[67.273697,39.681936],[67.273695,39.68195],[67.273671,39.682011],[67.273419,39.682643],[67.273219,39.682708],[67.272346,39.682946],[67.27103,39.683285],[67.27039,39.681322],[67.274307,39.68026]]]}},{"type":"Feature","id":260,"properties":{},"geometry":{"type":"Polygon","coordinates":[[[67.291629,39.682201],[67.292427,39.682676],[67.292333,39.68301],[67.292302,39.683104],[67.292229,39.683326],[67.292024,39.683954],[67.291672,39.685052],[67.291593,39.685302],[67.29142,39.685836],[67.291193,39.686528],[67.291035,39.687018],[67.290217,39.686877],[67.290547,39.685745],[67.290611,39.685527],[67.290686,39.685271],[67.290747,39.685071],[67.291001,39.684225],[67.29125,39.683415],[67.291348,39.683095],[67.291629,39.682201]]]}},{"type":"Feature","id":261,"properties":{},"geometry":{"type":"Polygon","coordinates":[[[67.291629,39.682201],[67.291348,39.683095],[67.29125,39.683415],[67.291001,39.684225],[67.290747,39.685071],[67.290686,39.685271],[67.290611,39.685527],[67.290547,39.685745],[67.290217,39.686877],[67.289661,39.686776],[67.28957,39.686765],[67.289487,39.686752],[67.290276,39.684201],[67.290536,39.683295],[67.290833,39.682198],[67.290945,39.681794],[67.291629,39.682201]]]}},{"type":"Feature","id":262,"properties":{},"geometry":{"type":"Polygon","coordinates":[[[67.291035,39.687018],[67.291116,39.687035],[67.291097,39.687097],[67.29156,39.687185],[67.292057,39.687275],[67.291849,39.688025],[67.291661,39.688679],[67.290839,39.688556],[67.290535,39.688493],[67.290187,39.688456],[67.289817,39.688409],[67.289321,39.688384],[67.289216,39.688383],[67.289016,39.688364],[67.289483,39.686764],[67.289487,39.686752],[67.28957,39.686765],[67.289661,39.686776],[67.290217,39.686877],[67.291035,39.687018]]]}},{"type":"Feature","id":263,"properties":{},"geometry":{"type":"Polygon","coordinates":[[[67.233601,39.724581],[67.233574,39.724598],[67.232976,39.724912],[67.232686,39.725028],[67.232441,39.725091],[67.232034,39.725127],[67.231965,39.725109],[67.23206,39.724807],[67.232153,39.724513],[67.232405,39.723555],[67.233081,39.72364],[67.233353,39.723681],[67.233848,39.723756],[67.23369,39.724129],[67.233614,39.724514],[67.233601,39.724581]]]}},{"type":"Feature","id":264,"properties":{},"geometry":{"type":"Polygon","coordinates":[[[67.230337,39.725384],[67.23031,39.7254],[67.230184,39.725479],[67.230019,39.725583],[67.229975,39.725602],[67.22961,39.725763],[67.229128,39.725901],[67.228488,39.725991],[67.227973,39.726095],[67.227922,39.726105],[67.227857,39.726124],[67.227838,39.726128],[67.227855,39.72603],[67.228001,39.725345],[67.228289,39.724268],[67.228454,39.723724],[67.228651,39.723089],[67.228695,39.722947],[67.228753,39.722827],[67.228821,39.72269],[67.228844,39.722645],[67.228921,39.722491],[67.231035,39.72289],[67.231008,39.722978],[67.230923,39.723289],[67.230875,39.723427],[67.230793,39.723762],[67.230777,39.723825],[67.230762,39.723879],[67.230708,39.72409],[67.230521,39.724745],[67.230429,39.725064],[67.230337,39.725384]]]}},{"type":"Feature","id":265,"properties":{},"geometry":{"type":"Polygon","coordinates":[[[67.313372,39.761231],[67.313368,39.761236],[67.312925,39.761719],[67.312825,39.761836],[67.312737,39.761903],[67.312404,39.762117],[67.312041,39.761535],[67.31195,39.76139],[67.311849,39.761227],[67.311524,39.760773],[67.311173,39.760259],[67.310984,39.760004],[67.310928,39.75992],[67.310831,39.759811],[67.31081,39.759761],[67.310801,39.759749],[67.310756,39.759658],[67.310908,39.759442],[67.310952,39.759218],[67.310913,39.759021],[67.310818,39.758727],[67.31075,39.758461],[67.310841,39.758408],[67.311168,39.758235],[67.311182,39.758228],[67.313293,39.761114],[67.313372,39.761231]]]}},{"type":"Feature","id":266,"properties":{},"geometry":{"type":"Polygon","coordinates":[[[67.277004,39.679381],[67.276833,39.679549],[67.275854,39.680674],[67.275479,39.681186],[67.27525,39.681611],[67.27416,39.680954],[67.274139,39.680941],[67.274142,39.680924],[67.274153,39.68089],[67.274299,39.680458],[67.274322,39.680389],[67.274463,39.679971],[67.274463,39.679971],[67.274492,39.679887],[67.274889,39.678896],[67.275281,39.67793],[67.275317,39.677731],[67.275407,39.677783],[67.27589,39.678145],[67.275937,39.678187],[67.276688,39.678862],[67.276878,39.67902],[67.277138,39.679241],[67.277004,39.679381]]]}},{"type":"Feature","id":267,"properties":{},"geometry":{"type":"Polygon","coordinates":[[[67.276034,39.676803],[67.27604,39.676804],[67.276075,39.676832],[67.276338,39.677045],[67.276671,39.677315],[67.276842,39.677454],[67.276888,39.677491],[67.277065,39.677636],[67.277638,39.676549],[67.278216,39.676745],[67.278567,39.676812],[67.278897,39.677363],[67.278661,39.677715],[67.278346,39.678153],[67.27812,39.678468],[67.277952,39.678341],[67.27795,39.678343],[67.277949,39.678343],[67.27754,39.678036],[67.276979,39.677568],[67.276034,39.676803]]]}},{"type":"Feature","id":268,"properties":{},"geometry":{"type":"Polygon","coordinates":[[[67.339746,39.58489],[67.339095,39.585158],[67.339262,39.585407],[67.339381,39.585569],[67.339362,39.585582],[67.339245,39.585622],[67.339199,39.585558],[67.338939,39.585222],[67.338898,39.585169],[67.338696,39.584876],[67.338543,39.584654],[67.338584,39.584613],[67.33859,39.584609],[67.340403,39.583532],[67.340475,39.583489],[67.340516,39.583468],[67.342156,39.582594],[67.342281,39.582756],[67.34233,39.582819],[67.342331,39.582822],[67.342342,39.582827],[67.342394,39.582812],[67.342828,39.583446],[67.341513,39.584172],[67.341416,39.584089],[67.341343,39.584017],[67.339746,39.58489]]]}},{"type":"Feature","id":269,"properties":{},"geometry":{"type":"Polygon","coordinates":[[[67.350262,39.577896],[67.350343,39.577992],[67.350909,39.578666],[67.35135,39.579209],[67.351182,39.579334],[67.350435,39.57991],[67.349934,39.580315],[67.349476,39.580656],[67.34928,39.580384],[67.349137,39.580186],[67.348672,39.579539],[67.348551,39.579372],[67.348042,39.57868],[67.349016,39.578194],[67.35007,39.577667],[67.350262,39.577896]]]}},{"type":"Feature","id":270,"properties":{},"geometry":{"type":"Polygon","coordinates":[[[67.274888,39.695754],[67.274977,39.696016],[67.274866,39.69603],[67.272983,39.696179],[67.272864,39.696143],[67.272839,39.696071],[67.274888,39.695754]]]}},{"type":"Feature","id":271,"properties":{},"geometry":{"type":"Polygon","coordinates":[[[67.266886,39.692141],[67.267191,39.692229],[67.267486,39.692317],[67.267941,39.692503],[67.268266,39.692675],[67.268503,39.692783],[67.26872,39.692882],[67.268957,39.692932],[67.269656,39.693055],[67.269737,39.693073],[67.269363,39.69384],[67.269252,39.694067],[67.269235,39.694107],[67.268877,39.694921],[67.268771,39.69516],[67.268754,39.6952],[67.268648,39.695438],[67.268511,39.695748],[67.26841,39.695975],[67.268304,39.696169],[67.268208,39.696345],[67.264945,39.69605],[67.265544,39.694593],[67.265576,39.694528],[67.265798,39.694088],[67.265815,39.694056],[67.265861,39.693976],[67.265912,39.693888],[67.266015,39.693674],[67.26618,39.693332],[67.266237,39.69322],[67.266275,39.693141],[67.266826,39.692136],[67.266886,39.692141]]]}},{"type":"Feature","id":272,"properties":{},"geometry":{"type":"Polygon","coordinates":[[[67.356083,39.781395],[67.356085,39.781394],[67.356449,39.78111],[67.357446,39.780344],[67.357762,39.780109],[67.361883,39.782686],[67.361839,39.782695],[67.361609,39.782747],[67.361466,39.782779],[67.361192,39.782818],[67.36104,39.78284],[67.36061,39.782936],[67.360423,39.782989],[67.360265,39.783034],[67.359935,39.783118],[67.359634,39.783171],[67.359373,39.783186],[67.359076,39.783202],[67.35876,39.783229],[67.358752,39.78323],[67.356083,39.781395]]]}},{"type":"Feature","id":273,"properties":{},"geometry":{"type":"Polygon","coordinates":[[[67.295971,39.773752],[67.296045,39.77378],[67.29614,39.773774],[67.296216,39.773785],[67.296312,39.773825],[67.296585,39.773936],[67.296728,39.773998],[67.29705,39.774156],[67.29736,39.774313],[67.296722,39.77543],[67.296435,39.775316],[67.296144,39.775194],[67.296049,39.775154],[67.29566,39.775002],[67.295574,39.77496],[67.295413,39.774877],[67.295339,39.774841],[67.295389,39.774752],[67.295642,39.774344],[67.295698,39.77424],[67.295846,39.773963],[67.295971,39.773752]]]}},{"type":"Feature","id":274,"properties":{},"geometry":{"type":"Polygon","coordinates":[[[67.294888,39.775576],[67.294662,39.775986],[67.294262,39.775837],[67.293814,39.775684],[67.293286,39.775504],[67.292695,39.775318],[67.292439,39.775186],[67.292529,39.774922],[67.29262,39.774786],[67.292759,39.774865],[67.293194,39.775009],[67.293816,39.775222],[67.293898,39.775251],[67.294406,39.775432],[67.294888,39.775576]]]}},{"type":"Feature","id":275,"properties":{},"geometry":{"type":"Polygon","coordinates":[[[67.295339,39.774841],[67.295318,39.774878],[67.295282,39.774864],[67.294888,39.775576],[67.294406,39.775432],[67.293898,39.775251],[67.293816,39.775222],[67.293194,39.775009],[67.292759,39.774865],[67.29262,39.774786],[67.292623,39.774781],[67.292624,39.774775],[67.292708,39.774612],[67.292839,39.774331],[67.29286,39.774183],[67.292865,39.774174],[67.29288,39.774064],[67.292816,39.773392],[67.29286,39.773401],[67.293151,39.773462],[67.294009,39.773784],[67.294511,39.77395],[67.294666,39.774001],[67.294864,39.774067],[67.295025,39.774121],[67.295199,39.774181],[67.295642,39.774344],[67.295389,39.774752],[67.295339,39.774841]]]}},{"type":"Feature","id":276,"properties":{},"geometry":{"type":"Polygon","coordinates":[[[67.295846,39.773963],[67.295698,39.77424],[67.295642,39.774344],[67.295199,39.774181],[67.295025,39.774121],[67.294864,39.774067],[67.294666,39.774001],[67.294511,39.77395],[67.294009,39.773784],[67.293151,39.773462],[67.29286,39.773401],[67.292816,39.773392],[67.292805,39.773275],[67.292926,39.772988],[67.292952,39.772949],[67.293048,39.772986],[67.293345,39.773071],[67.293832,39.773264],[67.294558,39.773548],[67.294653,39.773578],[67.294748,39.773609],[67.295299,39.773786],[67.295715,39.773924],[67.295846,39.773963]]]}},{"type":"Feature","id":277,"properties":{},"geometry":{"type":"Polygon","coordinates":[[[67.297926,39.774632],[67.298162,39.774711],[67.298413,39.774809],[67.298717,39.774928],[67.298853,39.774982],[67.297593,39.777255],[67.297171,39.777066],[67.29675,39.776873],[67.296668,39.776835],[67.296617,39.77681],[67.297901,39.774616],[67.297926,39.774632]]]}},{"type":"Feature","id":278,"properties":{},"geometry":{"type":"Polygon","coordinates":[[[67.301879,39.776661],[67.301842,39.776721],[67.301595,39.77712],[67.301536,39.777215],[67.301156,39.777802],[67.300909,39.778181],[67.30081,39.778354],[67.300759,39.778337],[67.299918,39.778003],[67.29966,39.777931],[67.299573,39.777927],[67.299267,39.777984],[67.299259,39.777979],[67.299182,39.777958],[67.299164,39.777953],[67.298906,39.777842],[67.300272,39.775573],[67.300336,39.775617],[67.300493,39.775709],[67.300659,39.775806],[67.300807,39.775933],[67.30089,39.775989],[67.300962,39.776013],[67.301024,39.776009],[67.301074,39.775987],[67.301153,39.775951],[67.30121,39.775941],[67.301294,39.775947],[67.301393,39.775973],[67.301524,39.776023],[67.301824,39.776157],[67.302044,39.776229],[67.302088,39.776234],[67.302131,39.776252],[67.302071,39.77635],[67.301879,39.776661]]]}},{"type":"Feature","id":279,"properties":{},"geometry":{"type":"Polygon","coordinates":[[[67.301879,39.776661],[67.30188,39.776661],[67.30178,39.776823],[67.301775,39.776832],[67.30177,39.776838],[67.304542,39.778098],[67.304512,39.778141],[67.304447,39.778233],[67.30432,39.778415],[67.30413,39.778685],[67.304059,39.778787],[67.303997,39.77877],[67.303762,39.778759],[67.303587,39.778808],[67.303399,39.778902],[67.303221,39.778982],[67.303013,39.778969],[67.302776,39.778909],[67.302313,39.778731],[67.302088,39.778619],[67.301861,39.778512],[67.301571,39.77851],[67.301338,39.77854],[67.301209,39.778521],[67.300863,39.77838],[67.300779,39.77841],[67.30081,39.778354],[67.300909,39.778181],[67.301156,39.777802],[67.301536,39.777215],[67.301595,39.77712],[67.301842,39.776721],[67.301879,39.776661]]]}},{"type":"Feature","id":280,"properties":{},"geometry":{"type":"Polygon","coordinates":[[[67.373736,39.776858],[67.373777,39.776821],[67.373905,39.776709],[67.374109,39.776526],[67.37427,39.77638],[67.374436,39.77623],[67.374592,39.776097],[67.374835,39.775968],[67.374999,39.775891],[67.37532,39.775808],[67.375451,39.775755],[67.375774,39.775626],[67.37614,39.775448],[67.376294,39.775359],[67.377429,39.776037],[67.377123,39.776805],[67.37704,39.777014],[67.377025,39.777051],[67.376682,39.777913],[67.376619,39.778077],[67.376612,39.778096],[67.376351,39.77877],[67.376338,39.778803],[67.376181,39.779209],[67.376169,39.779209],[67.375944,39.779248],[67.375909,39.77925],[67.37595,39.779154],[67.376028,39.778959],[67.37615,39.778704],[67.376159,39.778564],[67.375933,39.778383],[67.375141,39.777782],[67.374991,39.777681],[67.374609,39.777426],[67.374228,39.777155],[67.37398,39.77701],[67.373736,39.776858]]]}},{"type":"Feature","id":281,"properties":{},"geometry":{"type":"Polygon","coordinates":[[[67.373723,39.778293],[67.374115,39.778573],[67.374242,39.778662],[67.375202,39.779349],[67.375159,39.779362],[67.374904,39.779502],[67.374693,39.779597],[67.37466,39.779622],[67.374542,39.779675],[67.374226,39.779823],[67.37405,39.780033],[67.373757,39.780377],[67.373655,39.780478],[67.373582,39.780555],[67.372207,39.779655],[67.373723,39.778293]]]}},{"type":"Feature","id":282,"properties":{},"geometry":{"type":"Polygon","coordinates":[[[67.333377,39.756897],[67.333384,39.756941],[67.333273,39.757299],[67.333181,39.757752],[67.333156,39.757873],[67.333145,39.757935],[67.333068,39.757931],[67.332181,39.757869],[67.331517,39.757816],[67.331531,39.757642],[67.331536,39.757537],[67.331548,39.757397],[67.331558,39.757175],[67.331582,39.756866],[67.331661,39.75686],[67.33187,39.756874],[67.331975,39.756881],[67.332282,39.756902],[67.332703,39.756917],[67.332788,39.75692],[67.333079,39.756933],[67.333377,39.756897]]]}},{"type":"Feature","id":283,"properties":{},"geometry":{"type":"Polygon","coordinates":[[[67.329338,39.756873],[67.329338,39.756872],[67.329317,39.756813],[67.329123,39.757024],[67.329101,39.757039],[67.328895,39.757184],[67.328587,39.757274],[67.328252,39.757294],[67.328118,39.757381],[67.328051,39.757363],[67.329049,39.755798],[67.329789,39.754618],[67.329875,39.754645],[67.330086,39.754673],[67.330264,39.754692],[67.330476,39.754703],[67.330589,39.754709],[67.33082,39.754721],[67.331587,39.754766],[67.331721,39.754769],[67.333024,39.754843],[67.331975,39.756881],[67.33187,39.756874],[67.331661,39.75686],[67.331582,39.756866],[67.331574,39.756866],[67.331574,39.756865],[67.331566,39.756865],[67.331385,39.75685],[67.331257,39.756846],[67.330689,39.756811],[67.330602,39.756805],[67.330562,39.756804],[67.330467,39.756798],[67.330466,39.756796],[67.330406,39.756794],[67.3304,39.756794],[67.330401,39.756798],[67.330232,39.756792],[67.329924,39.756781],[67.329584,39.756757],[67.329508,39.756771],[67.32935,39.756865],[67.329338,39.756873]]]}},{"type":"Feature","id":284,"properties":{},"geometry":{"type":"Polygon","coordinates":[[[67.284752,39.67968],[67.284889,39.679872],[67.285036,39.680535],[67.2851,39.680807],[67.285099,39.681066],[67.285059,39.681357],[67.284954,39.681661],[67.284927,39.681757],[67.281641,39.683327],[67.281624,39.683298],[67.281595,39.68324],[67.281523,39.683132],[67.281465,39.683047],[67.281421,39.682965],[67.281349,39.682818],[67.281028,39.682166],[67.280878,39.681863],[67.280734,39.681567],[67.280737,39.681564],[67.282332,39.680816],[67.284752,39.67968]]]}},{"type":"Feature","id":285,"properties":{},"geometry":{"type":"Polygon","coordinates":[[[67.274288,39.687819],[67.274295,39.687808],[67.274545,39.687471],[67.274627,39.687709],[67.274782,39.688155],[67.274887,39.688478],[67.274956,39.688674],[67.275175,39.689293],[67.275297,39.689674],[67.2754,39.689997],[67.27549,39.690191],[67.275544,39.690308],[67.275206,39.690654],[67.275182,39.690567],[67.275131,39.690386],[67.27501,39.689991],[67.274925,39.689716],[67.274836,39.689429],[67.274783,39.689243],[67.274288,39.687819]]]}},{"type":"Feature","id":286,"properties":{},"geometry":{"type":"Polygon","coordinates":[[[67.284254,39.682988],[67.284446,39.683419],[67.282975,39.68412],[67.282207,39.684486],[67.282119,39.684313],[67.282025,39.684121],[67.281981,39.684033],[67.284253,39.68298],[67.284254,39.682988]]]}},{"type":"Feature","id":287,"properties":{},"geometry":{"type":"Polygon","coordinates":[[[67.215134,39.694316],[67.215192,39.694217],[67.215305,39.694023],[67.2154,39.69386],[67.21562,39.693498],[67.217094,39.69409],[67.217863,39.694444],[67.217953,39.694512],[67.21801,39.694605],[67.217994,39.694647],[67.217898,39.694838],[67.217837,39.694936],[67.217836,39.694943],[67.217794,39.69501],[67.21779,39.695173],[67.217921,39.69533],[67.219019,39.696272],[67.218669,39.696513],[67.218316,39.696675],[67.218003,39.696514],[67.216059,39.695572],[67.215416,39.695248],[67.215198,39.695135],[67.215408,39.694692],[67.215381,39.694591],[67.215134,39.694316]]]}},{"type":"Feature","id":288,"properties":{},"geometry":{"type":"Polygon","coordinates":[[[67.299236,39.578049],[67.298945,39.578207],[67.298864,39.578252],[67.297994,39.578732],[67.297381,39.577992],[67.297219,39.577801],[67.296987,39.577522],[67.298158,39.576902],[67.298278,39.577041],[67.29882,39.577588],[67.29922,39.577998],[67.299236,39.578049]]]}},{"type":"Feature","id":289,"properties":{},"geometry":{"type":"Polygon","coordinates":[[[67.282068,39.690733],[67.281914,39.691047],[67.281876,39.691116],[67.281689,39.691392],[67.281232,39.691674],[67.281079,39.691785],[67.280264,39.692374],[67.279051,39.691848],[67.278259,39.691505],[67.278538,39.691142],[67.27876,39.690899],[67.279037,39.690588],[67.279493,39.6901],[67.279819,39.689751],[67.282068,39.690733]]]}},{"type":"Feature","id":290,"properties":{},"geometry":{"type":"Polygon","coordinates":[[[67.285197,39.670052],[67.285212,39.669951],[67.284673,39.669225],[67.28464,39.669177],[67.284551,39.669047],[67.284445,39.668893],[67.28435,39.668755],[67.284261,39.668626],[67.284163,39.668489],[67.284165,39.668487],[67.284042,39.66832],[67.283859,39.668065],[67.283693,39.667842],[67.283403,39.667454],[67.283118,39.667067],[67.283128,39.666998],[67.283133,39.666985],[67.282948,39.666802],[67.282681,39.666448],[67.282614,39.666326],[67.282222,39.665772],[67.281581,39.664842],[67.280962,39.663914],[67.280937,39.663858],[67.281086,39.663798],[67.281113,39.663787],[67.281115,39.663787],[67.281157,39.663835],[67.281156,39.663838],[67.281193,39.663878],[67.281809,39.664607],[67.281952,39.664782],[67.282074,39.664949],[67.282204,39.665131],[67.282674,39.665781],[67.282837,39.665934],[67.282993,39.665982],[67.283119,39.665976],[67.283399,39.665965],[67.283528,39.665961],[67.283759,39.665997],[67.283971,39.666021],[67.284109,39.666036],[67.284114,39.666036],[67.284196,39.666036],[67.284515,39.666038],[67.284831,39.666138],[67.284884,39.666165],[67.285338,39.666388],[67.285448,39.666437],[67.285824,39.666604],[67.28601,39.666806],[67.286124,39.66693],[67.286146,39.667036],[67.286175,39.667172],[67.286187,39.667227],[67.286185,39.667365],[67.286184,39.667549],[67.286146,39.667765],[67.286137,39.667932],[67.286117,39.668307],[67.286109,39.668629],[67.286118,39.668956],[67.28612,39.669038],[67.286163,39.669361],[67.286191,39.66957],[67.286237,39.669762],[67.286095,39.669563],[67.285966,39.669384],[67.285798,39.669162],[67.285306,39.669418],[67.285433,39.669598],[67.285522,39.669724],[67.285964,39.670351],[67.285966,39.670363],[67.285281,39.670013],[67.2852,39.670052],[67.285197,39.670052]]]}},{"type":"Feature","id":291,"properties":{},"geometry":{"type":"Polygon","coordinates":[[[67.282184,39.684643],[67.282285,39.684944],[67.282372,39.685196],[67.282551,39.685733],[67.282591,39.685836],[67.282859,39.686618],[67.282818,39.686685],[67.281551,39.687377],[67.27964,39.688345],[67.279455,39.687678],[67.279651,39.68723],[67.279739,39.68696],[67.279706,39.686845],[67.279646,39.686644],[67.279433,39.686204],[67.279434,39.686204],[67.279436,39.686203],[67.280465,39.685559],[67.281714,39.684859],[67.282125,39.684677],[67.282125,39.684677],[67.282137,39.684672],[67.282172,39.684607],[67.282184,39.684643]]]}},{"type":"Feature","id":292,"properties":{},"geometry":{"type":"Polygon","coordinates":[[[67.28625,39.674102],[67.286253,39.674101],[67.28794,39.673249],[67.288012,39.673216],[67.288302,39.673637],[67.288719,39.674269],[67.288863,39.674538],[67.28887,39.674706],[67.288801,39.674871],[67.288346,39.675583],[67.288313,39.675628],[67.28785,39.676239],[67.287832,39.676262],[67.287609,39.676381],[67.287348,39.676506],[67.287345,39.676507],[67.286525,39.674717],[67.286356,39.674381],[67.286323,39.674314],[67.286265,39.674198],[67.28625,39.674102]]]}},{"type":"Feature","id":293,"properties":{},"geometry":{"type":"Polygon","coordinates":[[[67.449358,39.776155],[67.449238,39.776194],[67.449032,39.776212],[67.44866,39.77619],[67.448068,39.776053],[67.44794,39.776038],[67.447674,39.776006],[67.447322,39.775941],[67.447016,39.775884],[67.446358,39.7758],[67.445694,39.775746],[67.445408,39.775721],[67.444784,39.775562],[67.44408,39.77534],[67.443367,39.775067],[67.442852,39.774852],[67.442429,39.774675],[67.442325,39.774686],[67.442359,39.774322],[67.442706,39.774386],[67.443191,39.77446],[67.443363,39.774505],[67.443447,39.774528],[67.443597,39.774567],[67.443647,39.77452],[67.443766,39.774551],[67.443825,39.774566],[67.443846,39.774574],[67.444005,39.77463],[67.444144,39.774661],[67.444331,39.774682],[67.444341,39.774682],[67.44437,39.774687],[67.44437,39.774687],[67.444371,39.774687],[67.444484,39.774699],[67.44449,39.774699],[67.444496,39.7747],[67.444543,39.774697],[67.444624,39.774693],[67.444841,39.774659],[67.445087,39.774626],[67.445301,39.774555],[67.445399,39.774513],[67.445454,39.774482],[67.445459,39.774476],[67.445465,39.774471],[67.445493,39.774407],[67.44552,39.774356],[67.445559,39.77432],[67.445658,39.774261],[67.445948,39.774073],[67.446184,39.773986],[67.446456,39.773894],[67.446506,39.773882],[67.446603,39.773869],[67.446805,39.77387],[67.447029,39.773899],[67.447314,39.77395],[67.44765,39.773978],[67.448042,39.773998],[67.448486,39.774037],[67.448898,39.774089],[67.449142,39.774112],[67.449144,39.774118],[67.449175,39.774214],[67.449242,39.775067],[67.449272,39.775639],[67.449327,39.776099],[67.449358,39.776155]]]}},{"type":"Feature","id":294,"properties":{},"geometry":{"type":"Polygon","coordinates":[[[67.251245,39.666257],[67.248381,39.668451],[67.246819,39.667136],[67.246846,39.66711],[67.246809,39.667075],[67.247004,39.666882],[67.247026,39.666828],[67.247046,39.666808],[67.247057,39.66678],[67.24713,39.666594],[67.247429,39.666315],[67.247717,39.666141],[67.248071,39.666032],[67.248344,39.6659],[67.248688,39.665645],[67.248909,39.665439],[67.249189,39.665258],[67.249526,39.664983],[67.249686,39.665044],[67.249811,39.665033],[67.250122,39.665289],[67.2507,39.665765],[67.250914,39.665958],[67.251015,39.666049],[67.251188,39.666205],[67.251245,39.666257]]]}},{"type":"Feature","id":295,"properties":{},"geometry":{"type":"Polygon","coordinates":[[[67.253091,39.668087],[67.252898,39.66819],[67.252691,39.668275],[67.25238,39.66844],[67.252247,39.66851],[67.251943,39.668781],[67.251913,39.668845],[67.251902,39.668855],[67.251806,39.66906],[67.251803,39.669065],[67.251683,39.669262],[67.251592,39.669409],[67.251581,39.669427],[67.251548,39.669465],[67.251325,39.669724],[67.251278,39.669778],[67.251236,39.669827],[67.251094,39.669924],[67.251089,39.669927],[67.251076,39.669936],[67.250961,39.670015],[67.250898,39.670059],[67.250878,39.670072],[67.250871,39.670078],[67.250849,39.670093],[67.25069,39.670204],[67.250605,39.670263],[67.250596,39.67027],[67.250566,39.670291],[67.248381,39.668451],[67.251245,39.666257],[67.251434,39.666427],[67.251939,39.666875],[67.251985,39.666906],[67.252101,39.666986],[67.252281,39.667108],[67.252723,39.6675],[67.252895,39.667652],[67.253275,39.667988],[67.253274,39.667989],[67.253091,39.668087]]]}},{"type":"Feature","id":296,"properties":{},"geometry":{"type":"Polygon","coordinates":[[[67.348232,39.778796],[67.348486,39.778976],[67.346644,39.780634],[67.346026,39.781175],[67.343699,39.779655],[67.343733,39.779612],[67.344004,39.779228],[67.344005,39.779222],[67.344034,39.779181],[67.344128,39.779054],[67.344471,39.778679],[67.344489,39.778661],[67.34476,39.778381],[67.344967,39.77821],[67.345113,39.778106],[67.345225,39.778022],[67.345477,39.777832],[67.345849,39.777598],[67.345917,39.777623],[67.346094,39.777469],[67.346139,39.777411],[67.34619,39.777412],[67.346412,39.777557],[67.348232,39.778796]]]}},{"type":"Feature","id":297,"properties":{},"geometry":{"type":"Polygon","coordinates":[[[67.369323,39.690368],[67.36932,39.690378],[67.369216,39.690849],[67.369163,39.691057],[67.369162,39.691107],[67.369163,39.69127],[67.369198,39.691396],[67.369213,39.691459],[67.369317,39.69161],[67.369353,39.691703],[67.369378,39.691778],[67.369393,39.691837],[67.369391,39.691912],[67.369346,39.692007],[67.369273,39.692094],[67.369076,39.692208],[67.369014,39.692249],[67.367403,39.691562],[67.367595,39.691332],[67.367808,39.691005],[67.367876,39.690855],[67.367884,39.690818],[67.367885,39.690816],[67.367885,39.690814],[67.3679,39.690739],[67.367889,39.690684],[67.367889,39.690678],[67.367884,39.690661],[67.367871,39.690601],[67.367855,39.690566],[67.367851,39.690553],[67.367843,39.69054],[67.367799,39.690445],[67.367678,39.690275],[67.367659,39.690245],[67.367557,39.689984],[67.367555,39.689979],[67.369323,39.690368]]]}},{"type":"Feature","id":298,"properties":{},"geometry":{"type":"Polygon","coordinates":[[[67.210916,39.713634],[67.2102,39.716347],[67.210074,39.716328],[67.208762,39.716099],[67.208301,39.716025],[67.207512,39.7159],[67.20684,39.715793],[67.205638,39.715519],[67.205507,39.715489],[67.20516,39.715394],[67.205099,39.715378],[67.204938,39.715334],[67.204923,39.715338],[67.204907,39.715335],[67.204726,39.715417],[67.204716,39.715393],[67.204193,39.715533],[67.20404,39.715574],[67.203613,39.715688],[67.203658,39.715656],[67.204326,39.715324],[67.204688,39.715121],[67.204793,39.715014],[67.204926,39.714786],[67.20495,39.714729],[67.204977,39.714683],[67.205006,39.714592],[67.20505,39.714346],[67.205063,39.714286],[67.205981,39.714186],[67.207407,39.714016],[67.207759,39.713946],[67.208436,39.713879],[67.208596,39.713864],[67.209544,39.713777],[67.209774,39.713755],[67.210916,39.713634]]]}},{"type":"Feature","id":299,"properties":{},"geometry":{"type":"Polygon","coordinates":[[[67.375746,39.680858],[67.375685,39.681116],[67.375613,39.681448],[67.37561,39.681484],[67.375591,39.681727],[67.37559,39.681734],[67.375542,39.682289],[67.375522,39.682685],[67.3754,39.682675],[67.37527,39.682681],[67.375066,39.682658],[67.374662,39.682614],[67.374431,39.682589],[67.374229,39.682564],[67.374058,39.682531],[67.373779,39.68249],[67.373786,39.682451],[67.373815,39.682294],[67.37385,39.682194],[67.37389,39.682124],[67.373923,39.682074],[67.373946,39.682028],[67.373982,39.68187],[67.374048,39.681579],[67.374123,39.681154],[67.374124,39.6811],[67.374112,39.681073],[67.374113,39.681071],[67.374111,39.68107],[67.374104,39.681054],[67.374056,39.681024],[67.373965,39.680985],[67.374087,39.680832],[67.374239,39.680704],[67.374267,39.680683],[67.375746,39.680858]]]}},{"type":"Feature","id":300,"properties":{},"geometry":{"type":"Polygon","coordinates":[[[67.371021,39.684429],[67.371001,39.68446],[67.370995,39.684467],[67.370816,39.684744],[67.370763,39.684826],[67.370725,39.684886],[67.370701,39.684924],[67.369746,39.684583],[67.369837,39.684442],[67.369921,39.684314],[67.369996,39.684106],[67.369997,39.684105],[67.369997,39.684104],[67.370097,39.683649],[67.370097,39.683647],[67.370163,39.683445],[67.370211,39.683272],[67.370214,39.683264],[67.370299,39.683066],[67.370346,39.683009],[67.370397,39.682943],[67.370423,39.682941],[67.37048,39.682942],[67.370729,39.683019],[67.370835,39.683052],[67.370923,39.68308],[67.37103,39.683105],[67.371149,39.683134],[67.371271,39.683163],[67.371406,39.683195],[67.37196,39.683318],[67.371888,39.683373],[67.3718,39.683451],[67.371657,39.683549],[67.371602,39.683598],[67.37148,39.683743],[67.371317,39.684008],[67.371278,39.684063],[67.37125,39.684103],[67.371021,39.684429]]]}},{"type":"Feature","id":301,"properties":{},"geometry":{"type":"Polygon","coordinates":[[[67.378152,39.67742],[67.378177,39.677488],[67.378198,39.677542],[67.378216,39.677589],[67.378235,39.677628],[67.378248,39.677646],[67.378297,39.677725],[67.378301,39.677726],[67.378322,39.677764],[67.37835,39.677804],[67.378416,39.677839],[67.378474,39.677862],[67.378532,39.677882],[67.378583,39.677901],[67.378655,39.677943],[67.378697,39.677967],[67.378708,39.678016],[67.378713,39.678069],[67.378714,39.678079],[67.378716,39.678117],[67.378717,39.67818],[67.378717,39.678237],[67.378724,39.678307],[67.378731,39.678356],[67.378734,39.678363],[67.378734,39.678364],[67.378692,39.67841],[67.376596,39.678655],[67.376549,39.678631],[67.376447,39.678383],[67.376434,39.67825],[67.376433,39.678245],[67.376435,39.67816],[67.376454,39.678073],[67.376511,39.677927],[67.376557,39.677799],[67.376537,39.677723],[67.376474,39.67766],[67.376369,39.677559],[67.376369,39.677558],[67.377072,39.677493],[67.377408,39.67746],[67.378074,39.677394],[67.378152,39.67742]]]}},{"type":"Feature","id":302,"properties":{},"geometry":{"type":"Polygon","coordinates":[[[67.230901,39.66316],[67.230506,39.663392],[67.230026,39.662947],[67.229491,39.662509],[67.229221,39.662317],[67.229105,39.662229],[67.22921,39.662144],[67.228701,39.661628],[67.230566,39.660497],[67.230771,39.660709],[67.231405,39.661365],[67.230753,39.661739],[67.230007,39.662216],[67.229999,39.662295],[67.230094,39.662386],[67.230178,39.662467],[67.230901,39.66316]]]}},{"type":"Feature","id":303,"properties":{},"geometry":{"type":"Polygon","coordinates":[[[67.233604,39.662439],[67.233363,39.662647],[67.233223,39.662536],[67.232698,39.662137],[67.231935,39.661582],[67.231793,39.661634],[67.231121,39.66094],[67.230645,39.660449],[67.232906,39.65908],[67.235335,39.661082],[67.233604,39.662439]]]}},{"type":"Feature","id":304,"properties":{},"geometry":{"type":"Polygon","coordinates":[[[67.23149,39.664271],[67.230674,39.66499],[67.230174,39.665437],[67.23008,39.66534],[67.229246,39.664475],[67.229125,39.664539],[67.228731,39.664105],[67.228145,39.663453],[67.228791,39.663019],[67.228886,39.662954],[67.229336,39.662669],[67.229491,39.662509],[67.230026,39.662947],[67.230506,39.663392],[67.231224,39.664017],[67.23149,39.664271]]]}},{"type":"Feature","id":305,"properties":{},"geometry":{"type":"Polygon","coordinates":[[[67.370816,39.677428],[67.370651,39.677378],[67.370568,39.677013],[67.370467,39.676325],[67.370454,39.676212],[67.370432,39.675926],[67.3704,39.675675],[67.37039,39.675622],[67.370343,39.675036],[67.370417,39.67503],[67.370755,39.675035],[67.372098,39.675159],[67.372276,39.675179],[67.372329,39.675185],[67.372341,39.675186],[67.372477,39.675211],[67.37253,39.675226],[67.372813,39.675411],[67.372879,39.675496],[67.373033,39.675566],[67.373077,39.675583],[67.373175,39.675648],[67.373414,39.675684],[67.374096,39.675702],[67.374185,39.675737],[67.374237,39.675744],[67.374288,39.675808],[67.374419,39.676537],[67.374421,39.676555],[67.374421,39.676612],[67.374421,39.676738],[67.374443,39.676972],[67.374487,39.67715],[67.374492,39.677168],[67.374503,39.677293],[67.37466,39.677853],[67.374754,39.678635],[67.372007,39.678267],[67.371961,39.678364],[67.371781,39.678308],[67.3717,39.678277],[67.371249,39.678171],[67.371072,39.678114],[67.371015,39.678001],[67.370968,39.677812],[67.371095,39.677814],[67.37152,39.677883],[67.372036,39.677929],[67.372183,39.677951],[67.372732,39.678033],[67.373072,39.67805],[67.373127,39.678034],[67.373176,39.678014],[67.373205,39.677919],[67.373202,39.677839],[67.373203,39.677764],[67.373199,39.677718],[67.373081,39.677687],[67.372925,39.677668],[67.372586,39.677614],[67.372229,39.677596],[67.371839,39.677524],[67.371718,39.677501],[67.371169,39.677418],[67.370816,39.677428]]]}},{"type":"Feature","id":306,"properties":{},"geometry":{"type":"Polygon","coordinates":[[[67.381131,39.711125],[67.381038,39.711193],[67.381021,39.711206],[67.380869,39.711318],[67.380781,39.711392],[67.380661,39.711494],[67.380513,39.71162],[67.380512,39.711621],[67.380439,39.711683],[67.380407,39.711716],[67.380406,39.711717],[67.380313,39.711814],[67.380278,39.71185],[67.380228,39.711902],[67.380152,39.71198],[67.380045,39.712091],[67.379997,39.712157],[67.379919,39.712265],[67.37985,39.71236],[67.379749,39.712529],[67.379691,39.712601],[67.379633,39.712665],[67.379556,39.712715],[67.37953,39.712707],[67.379311,39.712637],[67.379131,39.71258],[67.378913,39.71251],[67.378745,39.712457],[67.378614,39.712393],[67.378445,39.712309],[67.378344,39.712259],[67.378302,39.712196],[67.37829,39.712051],[67.37828,39.711932],[67.378269,39.711795],[67.378272,39.711664],[67.378275,39.711539],[67.378277,39.711432],[67.378279,39.711336],[67.378298,39.711248],[67.378298,39.71124],[67.37831,39.711147],[67.378306,39.711103],[67.378307,39.711094],[67.381131,39.711125]]]}},{"type":"Feature","id":307,"properties":{},"geometry":{"type":"Polygon","coordinates":[[[67.372444,39.713834],[67.370401,39.71431],[67.370318,39.714045],[67.370246,39.713877],[67.370238,39.713794],[67.370304,39.713749],[67.370437,39.713699],[67.370401,39.713495],[67.370404,39.713391],[67.370445,39.713254],[67.370484,39.713179],[67.371153,39.713042],[67.371606,39.712891],[67.371604,39.712894],[67.37181,39.712833],[67.371871,39.712823],[67.371993,39.712829],[67.372148,39.713006],[67.372374,39.713606],[67.372433,39.713788],[67.372444,39.713834]]]}},{"type":"Feature","id":308,"properties":{},"geometry":{"type":"Polygon","coordinates":[[[67.38053,39.787329],[67.379831,39.787716],[67.378125,39.78867],[67.378123,39.788668],[67.378558,39.788424],[67.376646,39.78656],[67.375256,39.785204],[67.37662,39.783766],[67.376763,39.783616],[67.376839,39.783694],[67.37714,39.784019],[67.377504,39.7844],[67.377639,39.784539],[67.378291,39.785212],[67.378636,39.785535],[67.379339,39.786208],[67.379895,39.786733],[67.380208,39.787011],[67.38053,39.787329]]]}},{"type":"Feature","id":309,"properties":{},"geometry":{"type":"Polygon","coordinates":[[[67.38053,39.787329],[67.380794,39.787577],[67.381764,39.788492],[67.382039,39.78875],[67.382322,39.788999],[67.383453,39.789995],[67.383158,39.790214],[67.38241,39.79075],[67.381599,39.791333],[67.381183,39.791621],[67.380712,39.791215],[67.380278,39.790783],[67.380002,39.790549],[67.379527,39.790071],[67.379113,39.789702],[67.378125,39.78867],[67.379831,39.787716],[67.38053,39.787329]]]}},{"type":"Feature","id":310,"properties":{},"geometry":{"type":"Polygon","coordinates":[[[67.235385,39.657903],[67.23558,39.65806],[67.234799,39.658639],[67.234847,39.658677],[67.234734,39.658756],[67.236302,39.659998],[67.236299,39.660001],[67.235906,39.660324],[67.235931,39.660343],[67.235864,39.660397],[67.23615,39.660619],[67.235706,39.660965],[67.233061,39.658908],[67.233447,39.658642],[67.233419,39.658612],[67.233632,39.658078],[67.233635,39.658073],[67.233804,39.657874],[67.233841,39.65786],[67.234853,39.657472],[67.235385,39.657903]]]}},{"type":"Feature","id":311,"properties":{},"geometry":{"type":"Polygon","coordinates":[[[67.238001,39.668445],[67.238081,39.668535],[67.234969,39.669738],[67.23299,39.667766],[67.233484,39.667554],[67.235144,39.666877],[67.235739,39.666586],[67.236185,39.666893],[67.236977,39.667607],[67.2375,39.668074],[67.237939,39.668423],[67.238001,39.668445]]]}},{"type":"Feature","id":312,"properties":{},"geometry":{"type":"Polygon","coordinates":[[[67.239899,39.666992],[67.239669,39.667105],[67.239047,39.667426],[67.238756,39.667575],[67.238426,39.667746],[67.238097,39.667714],[67.236977,39.667607],[67.236185,39.666893],[67.235739,39.666586],[67.235918,39.666478],[67.237269,39.665666],[67.237805,39.665356],[67.239452,39.666705],[67.239659,39.666871],[67.239899,39.666992]]]}},{"type":"Feature","id":313,"properties":{},"geometry":{"type":"Polygon","coordinates":[[[67.243032,39.661844],[67.243024,39.661826],[67.242841,39.661994],[67.241738,39.661208],[67.24087,39.661775],[67.240774,39.661774],[67.240129,39.661172],[67.240773,39.660746],[67.241424,39.660315],[67.24174,39.660111],[67.242197,39.659817],[67.242466,39.659644],[67.242677,39.659508],[67.243148,39.659206],[67.243587,39.658903],[67.244439,39.659632],[67.244898,39.660025],[67.24471,39.660204],[67.244586,39.660322],[67.244471,39.66043],[67.243892,39.660979],[67.243677,39.661169],[67.243401,39.661429],[67.243287,39.661557],[67.243183,39.661674],[67.243032,39.661844]]]}},{"type":"Feature","id":314,"properties":{},"geometry":{"type":"Polygon","coordinates":[[[67.39597,39.682116],[67.39597,39.682125],[67.392042,39.682772],[67.392016,39.682705],[67.391906,39.682422],[67.391814,39.682153],[67.391785,39.682066],[67.391769,39.682009],[67.391768,39.682009],[67.391759,39.681976],[67.389866,39.682334],[67.389856,39.682271],[67.389813,39.682037],[67.389783,39.681899],[67.389928,39.681866],[67.39096,39.681629],[67.391161,39.681583],[67.391587,39.681485],[67.391939,39.681393],[67.39218,39.681331],[67.392472,39.681293],[67.392546,39.681373],[67.392581,39.681491],[67.39266,39.681567],[67.392763,39.68156],[67.392965,39.681496],[67.393197,39.681483],[67.393328,39.681441],[67.393681,39.681368],[67.393769,39.68136],[67.393957,39.681343],[67.394082,39.68132],[67.39412,39.681288],[67.395912,39.681145],[67.395936,39.6812],[67.39597,39.682116]]]}},{"type":"Feature","id":315,"properties":{},"geometry":{"type":"Polygon","coordinates":[[[67.375801,39.702208],[67.375996,39.702211],[67.376053,39.702537],[67.376011,39.702942],[67.375907,39.703259],[67.3753,39.703242],[67.374744,39.703234],[67.374679,39.703233],[67.374616,39.703232],[67.374476,39.703218],[67.374475,39.703218],[67.374473,39.702837],[67.374497,39.702741],[67.374585,39.702454],[67.374635,39.702163],[67.375801,39.702208]]]}},{"type":"Feature","id":316,"properties":{},"geometry":{"type":"Polygon","coordinates":[[[67.395562,39.684463],[67.395552,39.684488],[67.395458,39.684717],[67.39541,39.684833],[67.395336,39.685001],[67.395058,39.685622],[67.394983,39.685791],[67.394892,39.685995],[67.394892,39.685997],[67.394892,39.685997],[67.394894,39.686007],[67.394894,39.686007],[67.394894,39.68601],[67.394894,39.68601],[67.394894,39.686011],[67.394895,39.686013],[67.394897,39.68602],[67.394921,39.686069],[67.394933,39.686097],[67.394933,39.686097],[67.394938,39.686107],[67.394807,39.686147],[67.394478,39.686235],[67.394397,39.686257],[67.394031,39.686353],[67.39403,39.68635],[67.394061,39.686342],[67.394022,39.686306],[67.393975,39.686248],[67.39361,39.685744],[67.393428,39.685449],[67.393248,39.684996],[67.393239,39.684973],[67.393237,39.684962],[67.39557,39.684442],[67.395562,39.684463]]]}},{"type":"Feature","id":317,"properties":{},"geometry":{"type":"Polygon","coordinates":[[[67.216896,39.812112],[67.216848,39.812925],[67.216843,39.813944],[67.216824,39.814595],[67.214993,39.814389],[67.214694,39.814355],[67.214203,39.8143],[67.214139,39.814291],[67.21407,39.814281],[67.21405,39.814166],[67.213887,39.813331],[67.213862,39.81324],[67.213834,39.813016],[67.21382,39.812906],[67.213724,39.811838],[67.213711,39.811692],[67.213789,39.811697],[67.213928,39.811651],[67.214075,39.811605],[67.214165,39.81159],[67.214274,39.811573],[67.214369,39.811539],[67.214457,39.811517],[67.214621,39.811447],[67.214809,39.811372],[67.214979,39.811285],[67.215089,39.811251],[67.215474,39.811109],[67.21555,39.811081],[67.215944,39.810935],[67.216111,39.810858],[67.216229,39.810809],[67.216318,39.810811],[67.216429,39.810819],[67.216585,39.810832],[67.216885,39.81086],[67.216893,39.810977],[67.216893,39.811054],[67.216895,39.81183],[67.216896,39.812112]]]}},{"type":"Feature","id":318,"properties":{},"geometry":{"type":"Polygon","coordinates":[[[67.246359,39.699031],[67.246407,39.698959],[67.24605,39.698828],[67.246372,39.698308],[67.246573,39.697983],[67.246798,39.698069],[67.247365,39.698287],[67.247794,39.698415],[67.247744,39.698706],[67.247646,39.698998],[67.247587,39.699114],[67.247513,39.699264],[67.247466,39.699357],[67.247469,39.699358],[67.247434,39.699428],[67.246845,39.69921],[67.246742,39.699172],[67.246359,39.699031]]]}},{"type":"Feature","id":319,"properties":{},"geometry":{"type":"Polygon","coordinates":[[[67.249788,39.701277],[67.249703,39.701365],[67.249626,39.701445],[67.249401,39.701651],[67.249379,39.701638],[67.249378,39.701638],[67.249376,39.701637],[67.249376,39.701637],[67.249355,39.701626],[67.247806,39.700823],[67.247619,39.700727],[67.247311,39.70057],[67.247154,39.700483],[67.247029,39.700417],[67.246909,39.700356],[67.246814,39.700305],[67.246803,39.700298],[67.247135,39.699903],[67.248071,39.70042],[67.248238,39.700513],[67.248912,39.700823],[67.249184,39.700961],[67.249788,39.701277]]]}},{"type":"Feature","id":320,"properties":{},"geometry":{"type":"Polygon","coordinates":[[[67.246675,39.700368],[67.246214,39.700955],[67.246113,39.701085],[67.245943,39.7013],[67.245491,39.701932],[67.245393,39.701881],[67.245321,39.701842],[67.245245,39.701803],[67.245176,39.701768],[67.245105,39.70173],[67.245039,39.701695],[67.244974,39.70166],[67.244907,39.701625],[67.244839,39.70159],[67.244758,39.701547],[67.244735,39.701536],[67.244927,39.701277],[67.244979,39.701207],[67.245376,39.700674],[67.245839,39.699916],[67.246009,39.700009],[67.246675,39.700368]]]}},{"type":"Feature","id":321,"properties":{},"geometry":{"type":"Polygon","coordinates":[[[67.250788,39.697418],[67.251175,39.697635],[67.251459,39.697744],[67.251445,39.697877],[67.251356,39.698176],[67.251339,39.698404],[67.251019,39.698998],[67.251,39.699035],[67.250834,39.699351],[67.250798,39.699425],[67.250789,39.699447],[67.248981,39.698471],[67.248935,39.698448],[67.248916,39.698292],[67.248917,39.698275],[67.249038,39.698183],[67.249189,39.698029],[67.249332,39.697874],[67.249891,39.697332],[67.250106,39.697172],[67.250262,39.6972],[67.250315,39.69721],[67.250511,39.697306],[67.250533,39.697274],[67.250788,39.697418]]]}},{"type":"Feature","id":322,"properties":{},"geometry":{"type":"Polygon","coordinates":[[[67.338605,39.760885],[67.338204,39.761433],[67.335775,39.760904],[67.335806,39.76081],[67.335928,39.760436],[67.335977,39.760309],[67.338605,39.760885]]]}},{"type":"Feature","id":323,"properties":{},"geometry":{"type":"Polygon","coordinates":[[[67.33821,39.764011],[67.338325,39.763898],[67.338632,39.76351],[67.338709,39.763325],[67.338807,39.763078],[67.338837,39.762949],[67.338858,39.762768],[67.338828,39.762663],[67.338751,39.762578],[67.338591,39.762488],[67.338482,39.76242],[67.338369,39.762291],[67.338315,39.762176],[67.33831,39.761936],[67.33835,39.761715],[67.33838,39.761623],[67.338456,39.761491],[67.338617,39.76133],[67.338802,39.761096],[67.338856,39.761027],[67.339277,39.761573],[67.339296,39.761594],[67.3393,39.761603],[67.339465,39.761816],[67.339672,39.762195],[67.339854,39.762515],[67.339892,39.762578],[67.339932,39.762645],[67.340134,39.762782],[67.340381,39.762852],[67.340837,39.763017],[67.341047,39.763132],[67.340108,39.764562],[67.339238,39.764184],[67.339072,39.764399],[67.33821,39.764011]]]}},{"type":"Feature","id":324,"properties":{},"geometry":{"type":"Polygon","coordinates":[[[67.334759,39.763356],[67.334519,39.764051],[67.334044,39.763886],[67.33315,39.763552],[67.332852,39.763496],[67.33324,39.762797],[67.333607,39.76293],[67.334152,39.76313],[67.334235,39.763161],[67.334573,39.76327],[67.334713,39.763297],[67.334755,39.763352],[67.334759,39.763356]]]}},{"type":"Feature","id":325,"properties":{},"geometry":{"type":"Polygon","coordinates":[[[67.3351,39.672014],[67.3351,39.672014],[67.335004,39.672154],[67.334955,39.672224],[67.334864,39.672354],[67.336562,39.673112],[67.336429,39.673325],[67.336285,39.673541],[67.336172,39.673711],[67.335522,39.674685],[67.335493,39.674729],[67.335465,39.674771],[67.335433,39.674826],[67.333831,39.674149],[67.333727,39.674103],[67.333761,39.673986],[67.333846,39.67382],[67.334003,39.673584],[67.334823,39.67241],[67.3351,39.672014]]]}},{"type":"Feature","id":326,"properties":{},"geometry":{"type":"Polygon","coordinates":[[[67.323351,39.679942],[67.32353,39.680004],[67.323495,39.680055],[67.323341,39.680265],[67.323221,39.680425],[67.323174,39.680488],[67.322359,39.681571],[67.322318,39.681556],[67.321801,39.681322],[67.322343,39.680627],[67.322872,39.679931],[67.322949,39.67983],[67.322967,39.679807],[67.323351,39.679942]]]}},{"type":"Feature","id":327,"properties":{},"geometry":{"type":"Polygon","coordinates":[[[67.219095,39.675739],[67.219027,39.675865],[67.218933,39.675983],[67.218468,39.67657],[67.218398,39.676557],[67.217806,39.676284],[67.21742,39.676085],[67.217302,39.676023],[67.216922,39.675828],[67.216999,39.675771],[67.217725,39.674973],[67.218254,39.674343],[67.218754,39.673739],[67.219011,39.673477],[67.219017,39.673487],[67.219053,39.673542],[67.219136,39.673667],[67.219236,39.673819],[67.219344,39.674025],[67.219402,39.674147],[67.219534,39.674424],[67.219562,39.674579],[67.219587,39.674871],[67.219408,39.67518],[67.219395,39.675203],[67.219242,39.675468],[67.219192,39.67556],[67.219095,39.675739]]]}},{"type":"Feature","id":328,"properties":{},"geometry":{"type":"Polygon","coordinates":[[[67.218002,39.677035],[67.217986,39.677055],[67.217457,39.677677],[67.216983,39.678234],[67.216978,39.678241],[67.216781,39.678202],[67.216656,39.678322],[67.216651,39.678325],[67.215841,39.679052],[67.215792,39.679059],[67.215727,39.679067],[67.215607,39.679037],[67.214903,39.678685],[67.214833,39.678754],[67.214722,39.678771],[67.214689,39.678804],[67.21421,39.678569],[67.2139,39.678434],[67.213918,39.678415],[67.214078,39.67785],[67.21434,39.677499],[67.215545,39.676776],[67.216297,39.676291],[67.216302,39.676288],[67.218002,39.677035]]]}},{"type":"Feature","id":329,"properties":{},"geometry":{"type":"Polygon","coordinates":[[[67.410868,39.766989],[67.411733,39.769206],[67.411983,39.769744],[67.412046,39.769882],[67.411905,39.769761],[67.41175,39.769612],[67.41166,39.769521],[67.41159,39.769451],[67.41143,39.769287],[67.411326,39.769185],[67.408887,39.766729],[67.409442,39.766613],[67.410246,39.766236],[67.410515,39.766085],[67.410868,39.766989]]]}},{"type":"Feature","id":330,"properties":{},"geometry":{"type":"Polygon","coordinates":[[[67.349811,39.760499],[67.349811,39.761151],[67.34981,39.761191],[67.348187,39.761179],[67.348222,39.761111],[67.34827,39.760928],[67.348244,39.760673],[67.348153,39.760515],[67.347929,39.760272],[67.347701,39.760164],[67.347447,39.760077],[67.347395,39.759982],[67.347373,39.759773],[67.347367,39.759607],[67.347367,39.759607],[67.347367,39.759607],[67.347444,39.759597],[67.347691,39.759597],[67.348499,39.759596],[67.348988,39.759601],[67.348999,39.759601],[67.349694,39.759609],[67.349748,39.759606],[67.349783,39.75986],[67.349811,39.760499]]]}},{"type":"Feature","id":331,"properties":{},"geometry":{"type":"Polygon","coordinates":[[[67.347367,39.759607],[67.347373,39.759773],[67.347395,39.759982],[67.347447,39.760077],[67.347701,39.760164],[67.347929,39.760272],[67.348153,39.760515],[67.348244,39.760673],[67.34827,39.760928],[67.348222,39.761111],[67.348187,39.761179],[67.34421,39.76115],[67.34431,39.760874],[67.344678,39.759605],[67.34471,39.759548],[67.344788,39.759556],[67.344835,39.75956],[67.345118,39.759619],[67.345426,39.759623],[67.346049,39.759607],[67.347315,39.759596],[67.347367,39.759607]]]}},{"type":"Feature","id":332,"properties":{},"geometry":{"type":"Polygon","coordinates":[[[67.308332,39.594437],[67.308118,39.594561],[67.307766,39.594765],[67.307465,39.594938],[67.307135,39.595128],[67.307008,39.595202],[67.30681,39.594031],[67.305994,39.594515],[67.305958,39.59433],[67.305955,39.594319],[67.305978,39.594311],[67.306016,39.594293],[67.306124,39.594251],[67.30656,39.594005],[67.30672,39.593915],[67.306727,39.593911],[67.306936,39.593793],[67.307458,39.593502],[67.307681,39.593373],[67.307857,39.593271],[67.30795,39.593345],[67.308013,39.593421],[67.308029,39.593439],[67.308065,39.593513],[67.308139,39.593739],[67.30822,39.593975],[67.308286,39.594154],[67.308316,39.594265],[67.308325,39.594302],[67.30833,39.594385],[67.308333,39.594406],[67.308332,39.594437]]]}},{"type":"Feature","id":333,"properties":{},"geometry":{"type":"Polygon","coordinates":[[[67.315746,39.591436],[67.315669,39.592023],[67.315669,39.592023],[67.315666,39.592032],[67.315412,39.592126],[67.314988,39.592281],[67.314507,39.592449],[67.31426,39.592532],[67.313913,39.592665],[67.313665,39.592752],[67.313286,39.592896],[67.312878,39.593034],[67.312821,39.593063],[67.312788,39.593074],[67.312735,39.592985],[67.312731,39.592979],[67.312712,39.592948],[67.312605,39.59277],[67.312513,39.592619],[67.312511,39.592615],[67.312359,39.592362],[67.31231,39.59231],[67.312307,39.592307],[67.31235,39.592294],[67.312377,39.59228],[67.312378,39.59228],[67.312558,39.592249],[67.31268,39.592159],[67.312784,39.592083],[67.312808,39.592065],[67.312808,39.592065],[67.312813,39.592025],[67.31282,39.591974],[67.31282,39.59197],[67.312826,39.591929],[67.312826,39.591929],[67.312841,39.591897],[67.312846,39.591886],[67.312876,39.59182],[67.312977,39.591784],[67.31304,39.591762],[67.31307,39.591751],[67.313098,39.591741],[67.313283,39.591675],[67.313342,39.591654],[67.313527,39.591588],[67.31366,39.591541],[67.313909,39.591452],[67.314108,39.591381],[67.314444,39.591262],[67.314881,39.591106],[67.315277,39.590948],[67.315277,39.590948],[67.315396,39.590912],[67.315674,39.590815],[67.315555,39.591395],[67.315515,39.591526],[67.315746,39.591436]]]}},{"type":"Feature","id":334,"properties":{},"geometry":{"type":"Polygon","coordinates":[[[67.199197,39.718501],[67.197055,39.718741],[67.197017,39.718332],[67.197049,39.717716],[67.197091,39.717025],[67.19805,39.717472],[67.198244,39.717494],[67.199042,39.717494],[67.199197,39.718501]]]}},{"type":"Feature","id":335,"properties":{},"geometry":{"type":"Polygon","coordinates":[[[67.205343,39.72025],[67.20606,39.721882],[67.206202,39.722206],[67.20497,39.722088],[67.203864,39.719673],[67.204138,39.719601],[67.204987,39.719389],[67.205343,39.72025]]]}},{"type":"Feature","id":336,"properties":{},"geometry":{"type":"Polygon","coordinates":[[[67.359072,39.749356],[67.359033,39.749317],[67.358964,39.749349],[67.358844,39.749231],[67.358807,39.749197],[67.357894,39.748349],[67.358297,39.748094],[67.359386,39.749184],[67.359072,39.749356]]]}},{"type":"Feature","id":337,"properties":{},"geometry":{"type":"Polygon","coordinates":[[[67.355377,39.749895],[67.356264,39.749362],[67.356552,39.74919],[67.356924,39.749499],[67.356968,39.749539],[67.357553,39.75016],[67.357738,39.750371],[67.357922,39.750581],[67.358254,39.750959],[67.35863,39.751294],[67.358357,39.751608],[67.35783,39.752181],[67.355377,39.749895]]]}},{"type":"Feature","id":338,"properties":{},"geometry":{"type":"Polygon","coordinates":[[[67.451664,39.795654],[67.451857,39.795719],[67.452083,39.795755],[67.454271,39.795442],[67.455733,39.795218],[67.458299,39.794839],[67.457709,39.795492],[67.455728,39.797615],[67.455264,39.798112],[67.454285,39.799162],[67.453451,39.798979],[67.452725,39.798736],[67.452237,39.798571],[67.451722,39.798343],[67.451236,39.798044],[67.45089,39.797797],[67.45069,39.797557],[67.45059,39.797418],[67.450486,39.797245],[67.450495,39.797074],[67.45075,39.79681],[67.45095,39.796583],[67.451123,39.796339],[67.451664,39.795654]]]}},{"type":"Feature","id":339,"properties":{},"geometry":{"type":"Polygon","coordinates":[[[67.357463,39.741009],[67.357111,39.741254],[67.357062,39.741286],[67.357055,39.74128],[67.356971,39.741262],[67.356002,39.740547],[67.354961,39.739759],[67.354652,39.739521],[67.3544,39.7393],[67.354382,39.739251],[67.354385,39.739249],[67.354445,39.739195],[67.354863,39.738818],[67.355157,39.738614],[67.35538,39.738474],[67.35652,39.737879],[67.356537,39.737873],[67.356793,39.737728],[67.356997,39.737613],[67.357875,39.737078],[67.357902,39.737072],[67.360195,39.738889],[67.360195,39.738889],[67.359033,39.739765],[67.35845,39.740205],[67.358073,39.740472],[67.357943,39.740564],[67.357846,39.740632],[67.357757,39.740696],[67.357677,39.740781],[67.357463,39.741009]]]}},{"type":"Feature","id":340,"properties":{},"geometry":{"type":"Polygon","coordinates":[[[67.357463,39.741009],[67.357919,39.740915],[67.359036,39.740079],[67.360348,39.73905],[67.360378,39.739034],[67.362894,39.741029],[67.362916,39.74105],[67.362171,39.741614],[67.361329,39.742262],[67.361127,39.742414],[67.360662,39.742049],[67.360662,39.742048],[67.360554,39.741964],[67.359369,39.74289],[67.359365,39.742892],[67.359278,39.742828],[67.359213,39.74278],[67.359155,39.742733],[67.359127,39.742711],[67.358937,39.742742],[67.357775,39.741806],[67.357413,39.741505],[67.357244,39.741377],[67.357144,39.741297],[67.357092,39.741308],[67.357062,39.741286],[67.357111,39.741254],[67.357463,39.741009]]]}},{"type":"Feature","id":341,"properties":{},"geometry":{"type":"Polygon","coordinates":[[[67.337324,39.751872],[67.337724,39.752128],[67.338224,39.752448],[67.338225,39.752453],[67.338205,39.752569],[67.337178,39.753579],[67.337135,39.753622],[67.336649,39.754095],[67.336496,39.754262],[67.336485,39.754273],[67.336275,39.754421],[67.3337,39.754103],[67.333866,39.753888],[67.334858,39.752825],[67.336357,39.751268],[67.337324,39.751872]]]}},{"type":"Feature","id":342,"properties":{},"geometry":{"type":"Polygon","coordinates":[[[67.343134,39.744587],[67.343465,39.744773],[67.343561,39.744827],[67.343936,39.745034],[67.344108,39.745129],[67.344586,39.745393],[67.34541,39.745858],[67.346085,39.74624],[67.346172,39.746318],[67.346058,39.74639],[67.345775,39.746562],[67.345366,39.746823],[67.345205,39.746924],[67.345181,39.746907],[67.345145,39.746874],[67.344689,39.746513],[67.343946,39.746044],[67.343935,39.746037],[67.343928,39.746033],[67.343673,39.745871],[67.343667,39.745867],[67.343581,39.745808],[67.343564,39.745797],[67.343561,39.745796],[67.343611,39.745749],[67.343646,39.745712],[67.343649,39.745709],[67.343652,39.745706],[67.343694,39.745662],[67.343728,39.745596],[67.34373,39.745517],[67.343678,39.745408],[67.34352,39.745234],[67.343341,39.74506],[67.343161,39.744895],[67.342961,39.744667],[67.342849,39.744553],[67.342898,39.744529],[67.342974,39.744526],[67.343134,39.744587]]]}},{"type":"Feature","id":343,"properties":{},"geometry":{"type":"Polygon","coordinates":[[[67.366288,39.577305],[67.366254,39.577338],[67.366128,39.577424],[67.365994,39.577503],[67.365905,39.577606],[67.365772,39.577744],[67.365337,39.578009],[67.365125,39.578096],[67.364775,39.578162],[67.364685,39.578198],[67.364556,39.578299],[67.364471,39.578379],[67.364385,39.578353],[67.364283,39.578218],[67.364083,39.578232],[67.36392,39.57829],[67.36379,39.578309],[67.363573,39.578284],[67.363455,39.578255],[67.363401,39.578193],[67.363228,39.577992],[67.363214,39.577976],[67.363379,39.577869],[67.363393,39.57786],[67.363616,39.577751],[67.363977,39.577507],[67.363983,39.577546],[67.364123,39.5778],[67.364279,39.578042],[67.364407,39.578011],[67.364587,39.577922],[67.364609,39.577792],[67.364626,39.57763],[67.364674,39.577541],[67.364826,39.577482],[67.365047,39.5774],[67.365174,39.577283],[67.365185,39.57716],[67.365162,39.576986],[67.365104,39.5769],[67.36506,39.576837],[67.364982,39.576791],[67.365113,39.576703],[67.36536,39.576536],[67.365838,39.576944],[67.366288,39.577305]]]}},{"type":"Feature","id":344,"properties":{},"geometry":{"type":"Polygon","coordinates":[[[67.363959,39.580551],[67.36395,39.580555],[67.363895,39.580581],[67.363762,39.580644],[67.363591,39.580727],[67.363474,39.580574],[67.363139,39.580169],[67.362894,39.579866],[67.362855,39.579815],[67.362625,39.579521],[67.364752,39.578865],[67.364935,39.578813],[67.365011,39.578788],[67.365212,39.578722],[67.365562,39.57922],[67.365778,39.579507],[67.365886,39.57965],[67.364864,39.580118],[67.363959,39.580551]]]}},{"type":"Feature","id":345,"properties":{},"geometry":{"type":"Polygon","coordinates":[[[67.273528,39.656423],[67.271348,39.657713],[67.270072,39.656275],[67.272176,39.655031],[67.272185,39.655025],[67.272187,39.655026],[67.272327,39.655162],[67.272983,39.655827],[67.273096,39.65595],[67.273494,39.656384],[67.273494,39.656384],[67.273523,39.656417],[67.273528,39.656423]]]}},{"type":"Feature","id":346,"properties":{},"geometry":{"type":"Polygon","coordinates":[[[67.350929,39.748599],[67.350549,39.748838],[67.349867,39.748095],[67.34995,39.748025],[67.349963,39.748016],[67.3513,39.747271],[67.351648,39.747578],[67.351821,39.747735],[67.351881,39.747789],[67.352056,39.747952],[67.352043,39.747959],[67.351933,39.748021],[67.351932,39.748022],[67.351931,39.748022],[67.351421,39.748311],[67.351366,39.748343],[67.35114,39.748471],[67.351046,39.748524],[67.350981,39.748564],[67.350964,39.748575],[67.350928,39.748598],[67.350929,39.748599]]]}},{"type":"Feature","id":347,"properties":{},"geometry":{"type":"Polygon","coordinates":[[[67.353466,39.752713],[67.352744,39.753155],[67.352141,39.753523],[67.352028,39.753592],[67.352027,39.753591],[67.352031,39.753588],[67.352884,39.753067],[67.349364,39.749591],[67.349592,39.749442],[67.349927,39.749221],[67.349984,39.749186],[67.350026,39.749227],[67.350989,39.750142],[67.351505,39.750678],[67.35166,39.750839],[67.351907,39.751095],[67.352544,39.751756],[67.353432,39.752678],[67.353466,39.752713]]]}},{"type":"Feature","id":348,"properties":{},"geometry":{"type":"Polygon","coordinates":[[[67.353881,39.753821],[67.353755,39.753897],[67.35358,39.754002],[67.353214,39.75422],[67.352756,39.754495],[67.352505,39.754645],[67.35139,39.755312],[67.351323,39.755352],[67.35132,39.755351],[67.351003,39.755302],[67.350339,39.754627],[67.350787,39.754352],[67.350924,39.754269],[67.352028,39.753592],[67.352141,39.753523],[67.352744,39.753155],[67.353466,39.752713],[67.353569,39.75265],[67.353749,39.75254],[67.354566,39.753412],[67.353881,39.753821]]]}},{"type":"Feature","id":349,"properties":{},"geometry":{"type":"Polygon","coordinates":[[[67.354993,39.755072],[67.354884,39.755148],[67.35488,39.755151],[67.354676,39.755275],[67.354612,39.755314],[67.354376,39.75545],[67.354002,39.755665],[67.353645,39.75587],[67.352883,39.755806],[67.352871,39.755805],[67.352282,39.755754],[67.352271,39.755754],[67.352189,39.755747],[67.352151,39.755694],[67.352023,39.755617],[67.351793,39.755501],[67.351477,39.755376],[67.351323,39.755352],[67.35139,39.755312],[67.352505,39.754645],[67.352756,39.754495],[67.353214,39.75422],[67.35358,39.754002],[67.353755,39.753897],[67.353881,39.753821],[67.354993,39.755072]]]}},{"type":"Feature","id":350,"properties":{},"geometry":{"type":"Polygon","coordinates":[[[67.350929,39.748599],[67.353222,39.751025],[67.353149,39.751067],[67.35287,39.751229],[67.352836,39.751249],[67.35277,39.751287],[67.352285,39.750755],[67.351733,39.750144],[67.351675,39.750079],[67.350549,39.748838],[67.350929,39.748599]]]}},{"type":"Feature","id":351,"properties":{},"geometry":{"type":"Polygon","coordinates":[[[67.3097,39.577035],[67.3097,39.577035],[67.308921,39.57744],[67.307969,39.577936],[67.307469,39.578196],[67.307114,39.57814],[67.306665,39.57805],[67.306793,39.577969],[67.306959,39.577866],[67.307774,39.577369],[67.308257,39.5771],[67.308258,39.577099],[67.308321,39.577088],[67.308429,39.577081],[67.309143,39.577012],[67.309608,39.576965],[67.3097,39.577035]]]}},{"type":"Feature","id":352,"properties":{},"geometry":{"type":"Polygon","coordinates":[[[67.302453,39.573788],[67.302453,39.573788],[67.303029,39.573542],[67.303647,39.573424],[67.304064,39.573392],[67.304436,39.573317],[67.304685,39.573302],[67.304736,39.573419],[67.304774,39.573501],[67.304676,39.573523],[67.304306,39.573606],[67.303866,39.573754],[67.303729,39.573807],[67.303022,39.574084],[67.302619,39.574224],[67.302568,39.57409],[67.302453,39.573788]]]}},{"type":"Feature","id":353,"properties":{},"geometry":{"type":"Polygon","coordinates":[[[67.302619,39.574224],[67.302586,39.574266],[67.302293,39.574429],[67.302232,39.574464],[67.30188,39.57466],[67.30175,39.574702],[67.301569,39.574597],[67.301376,39.574523],[67.301253,39.574497],[67.301172,39.574491],[67.3011,39.574394],[67.301152,39.574377],[67.300981,39.574159],[67.30168,39.573967],[67.302453,39.573788],[67.302568,39.57409],[67.302619,39.574224]]]}},{"type":"Feature","id":354,"properties":{},"geometry":{"type":"Polygon","coordinates":[[[67.30175,39.574702],[67.300933,39.57519],[67.300812,39.575259],[67.299616,39.575921],[67.299541,39.575943],[67.299477,39.575877],[67.298983,39.575361],[67.299135,39.575292],[67.299233,39.575256],[67.299604,39.575102],[67.300214,39.574849],[67.300388,39.574777],[67.300461,39.574746],[67.300846,39.574587],[67.301075,39.57449],[67.301172,39.574491],[67.301253,39.574497],[67.301376,39.574523],[67.301569,39.574597],[67.30175,39.574702]]]}},{"type":"Feature","id":355,"properties":{},"geometry":{"type":"Polygon","coordinates":[[[67.298983,39.575361],[67.298613,39.575493],[67.298503,39.575535],[67.298073,39.575698],[67.298012,39.575721],[67.297434,39.575374],[67.297244,39.57534],[67.296925,39.575415],[67.296566,39.575481],[67.296049,39.575613],[67.295665,39.575715],[67.295653,39.575671],[67.295679,39.575662],[67.295821,39.575626],[67.296416,39.575426],[67.297212,39.575223],[67.298614,39.574862],[67.298911,39.57503],[67.299036,39.575255],[67.299085,39.575225],[67.299135,39.575292],[67.298983,39.575361]]]}},{"type":"Feature","id":356,"properties":{},"geometry":{"type":"Polygon","coordinates":[[[67.307494,39.57459],[67.309158,39.576312],[67.309201,39.576358],[67.309136,39.576399],[67.308933,39.576527],[67.308307,39.576911],[67.308282,39.576936],[67.307472,39.576098],[67.306488,39.575105],[67.306613,39.575063],[67.306957,39.574826],[67.307449,39.574541],[67.307494,39.57459]]]}},{"type":"Feature","id":357,"properties":{},"geometry":{"type":"Polygon","coordinates":[[[67.312254,39.576815],[67.31172,39.577002],[67.310768,39.577382],[67.310618,39.577351],[67.310496,39.577253],[67.310456,39.577148],[67.310396,39.576989],[67.310349,39.576879],[67.310292,39.576803],[67.310098,39.576796],[67.309329,39.57691],[67.308401,39.577035],[67.308634,39.576884],[67.309831,39.576142],[67.310123,39.575962],[67.310222,39.575905],[67.310567,39.575695],[67.310988,39.57544],[67.311729,39.574988],[67.311887,39.574881],[67.312024,39.574791],[67.312075,39.574757],[67.312608,39.574412],[67.312648,39.574386],[67.312938,39.574202],[67.3131,39.574106],[67.313391,39.574023],[67.313894,39.573905],[67.313945,39.573893],[67.314628,39.573782],[67.314631,39.573782],[67.314776,39.573795],[67.314777,39.573795],[67.314818,39.573801],[67.314871,39.573901],[67.314914,39.574004],[67.315194,39.574566],[67.315306,39.574789],[67.315608,39.57532],[67.315669,39.57548],[67.315559,39.575591],[67.315456,39.575675],[67.315273,39.575752],[67.314821,39.57592],[67.313259,39.576465],[67.312964,39.576568],[67.312412,39.57676],[67.312254,39.576815]]]}},{"type":"Feature","id":358,"properties":{},"geometry":{"type":"Polygon","coordinates":[[[67.311827,39.609883],[67.31252,39.610734],[67.312597,39.610828],[67.312773,39.611039],[67.312862,39.611145],[67.312986,39.611293],[67.313043,39.611362],[67.311434,39.612183],[67.310234,39.610681],[67.311773,39.609844],[67.311827,39.609883]]]}},{"type":"Feature","id":359,"properties":{},"geometry":{"type":"Polygon","coordinates":[[[67.311101,39.615542],[67.310038,39.615951],[67.309297,39.614296],[67.309793,39.614197],[67.310167,39.614125],[67.310344,39.614089],[67.310558,39.614044],[67.310561,39.614044],[67.310803,39.614662],[67.31101,39.615239],[67.311101,39.615542]]]}},{"type":"Feature","id":360,"properties":{},"geometry":{"type":"Polygon","coordinates":[[[67.30173,39.608332],[67.301629,39.608419],[67.30135,39.60866],[67.301152,39.608831],[67.301103,39.608872],[67.30093,39.609016],[67.300913,39.609014],[67.300909,39.609011],[67.300649,39.609194],[67.300026,39.608712],[67.299592,39.608373],[67.298977,39.6079],[67.298396,39.60745],[67.29835,39.607415],[67.298177,39.607284],[67.29835,39.607106],[67.298824,39.606634],[67.298993,39.606452],[67.299107,39.60633],[67.29914,39.606297],[67.299153,39.606281],[67.299249,39.606357],[67.300138,39.607063],[67.300881,39.607662],[67.301636,39.608264],[67.30173,39.608332]]]}},{"type":"Feature","id":361,"properties":{},"geometry":{"type":"Polygon","coordinates":[[[67.300434,39.606182],[67.300424,39.606185],[67.301182,39.606798],[67.301199,39.606799],[67.301999,39.607448],[67.302229,39.607634],[67.30226,39.607705],[67.302261,39.607704],[67.302261,39.607705],[67.302262,39.607704],[67.30233,39.607623],[67.302334,39.607624],[67.302439,39.607697],[67.302379,39.607755],[67.302379,39.607755],[67.302376,39.607758],[67.302047,39.608051],[67.301819,39.608254],[67.30173,39.608332],[67.301636,39.608264],[67.300881,39.607662],[67.300138,39.607063],[67.299249,39.606357],[67.299153,39.606281],[67.299166,39.606267],[67.299337,39.606076],[67.299385,39.606019],[67.299568,39.605803],[67.299712,39.605638],[67.29977,39.605663],[67.300144,39.605946],[67.300264,39.606044],[67.300317,39.606087],[67.300434,39.606182]]]}},{"type":"Feature","id":362,"properties":{},"geometry":{"type":"Polygon","coordinates":[[[67.298717,39.610448],[67.29868,39.610473],[67.298666,39.610482],[67.298656,39.610489],[67.297684,39.609653],[67.297698,39.609644],[67.297711,39.609635],[67.29774,39.609615],[67.297754,39.609605],[67.297754,39.609604],[67.29809,39.609348],[67.298202,39.609439],[67.298347,39.609557],[67.298508,39.609687],[67.298668,39.609816],[67.298844,39.609957],[67.299127,39.610184],[67.298911,39.610321],[67.298751,39.610423],[67.298754,39.610425],[67.298717,39.610448]]]}},{"type":"Feature","id":363,"properties":{},"geometry":{"type":"Polygon","coordinates":[[[67.353354,39.701224],[67.353247,39.701177],[67.35246,39.700873],[67.351506,39.70053],[67.351439,39.700612],[67.351207,39.701081],[67.351166,39.701197],[67.351872,39.701495],[67.352475,39.70173],[67.352563,39.701764],[67.352884,39.70191],[67.352485,39.702531],[67.352353,39.702469],[67.352095,39.70235],[67.352032,39.702325],[67.3511,39.701961],[67.350698,39.701804],[67.35013,39.7016],[67.350034,39.701565],[67.35058,39.70083],[67.350642,39.700747],[67.351146,39.700047],[67.35135,39.699765],[67.35139,39.699709],[67.353868,39.700674],[67.355165,39.700087],[67.356693,39.700772],[67.356142,39.701081],[67.355627,39.701343],[67.355069,39.701642],[67.354969,39.701783],[67.354967,39.701785],[67.354855,39.701755],[67.354672,39.701693],[67.353354,39.701224]]]}},{"type":"Feature","id":364,"properties":{},"geometry":{"type":"Polygon","coordinates":[[[67.351331,39.703796],[67.351145,39.704119],[67.35107,39.704097],[67.350572,39.703902],[67.350336,39.703812],[67.350207,39.703762],[67.349785,39.703601],[67.348712,39.70319],[67.348708,39.703188],[67.348728,39.703139],[67.348773,39.703039],[67.348885,39.702899],[67.349003,39.702692],[67.349035,39.7025],[67.348942,39.702479],[67.349117,39.702353],[67.349349,39.702169],[67.349602,39.701989],[67.349773,39.701845],[67.349994,39.701619],[67.350034,39.701565],[67.35013,39.7016],[67.350698,39.701804],[67.3511,39.701961],[67.352032,39.702325],[67.352095,39.70235],[67.352353,39.702469],[67.352311,39.702524],[67.352023,39.7029],[67.351921,39.702852],[67.350915,39.702458],[67.350736,39.702677],[67.350703,39.702731],[67.350282,39.70338],[67.350885,39.703619],[67.351331,39.703796]]]}},{"type":"Feature","id":365,"properties":{},"geometry":{"type":"Polygon","coordinates":[[[67.348389,39.702416],[67.348431,39.70245],[67.348374,39.702476],[67.348365,39.702478],[67.348185,39.702529],[67.348059,39.702595],[67.347935,39.702614],[67.34769,39.702694],[67.347351,39.702847],[67.347124,39.703049],[67.347025,39.703156],[67.34692,39.703268],[67.346883,39.703245],[67.34687,39.703236],[67.346775,39.703179],[67.346534,39.703032],[67.346531,39.703034],[67.346208,39.702841],[67.346153,39.702809],[67.346044,39.702744],[67.346043,39.702743],[67.346046,39.702741],[67.345764,39.70257],[67.345342,39.702314],[67.344912,39.702032],[67.344642,39.701853],[67.34454,39.701785],[67.344935,39.701489],[67.345151,39.701327],[67.345455,39.701526],[67.345595,39.701617],[67.346186,39.702003],[67.346267,39.702021],[67.346354,39.701993],[67.346596,39.701812],[67.346898,39.701587],[67.34703,39.701526],[67.347073,39.701506],[67.347179,39.701612],[67.347349,39.701723],[67.347631,39.701906],[67.347887,39.702068],[67.348158,39.70224],[67.348293,39.70235],[67.348389,39.702416]]]}},{"type":"Feature","id":366,"properties":{},"geometry":{"type":"Polygon","coordinates":[[[67.345162,39.704887],[67.345137,39.704895],[67.345058,39.704881],[67.345027,39.704872],[67.344921,39.704816],[67.34467,39.704663],[67.344251,39.704382],[67.344524,39.704154],[67.344723,39.703974],[67.344814,39.703892],[67.344988,39.703735],[67.345409,39.703327],[67.345577,39.70317],[67.345753,39.703005],[67.346474,39.703522],[67.346559,39.703569],[67.346612,39.703598],[67.345915,39.704359],[67.345805,39.704449],[67.345573,39.704646],[67.345323,39.704886],[67.345228,39.704858],[67.345162,39.704887]]]}},{"type":"Feature","id":367,"properties":{},"geometry":{"type":"Polygon","coordinates":[[[67.22477,39.650349],[67.224606,39.650436],[67.224465,39.650513],[67.224379,39.65056],[67.224232,39.65061],[67.224157,39.650612],[67.224026,39.6505],[67.223819,39.65032],[67.223616,39.650141],[67.223543,39.65008],[67.223543,39.65008],[67.223509,39.65005],[67.223391,39.649953],[67.22339,39.649953],[67.223019,39.649643],[67.223062,39.649604],[67.223129,39.649543],[67.223284,39.649385],[67.223524,39.649145],[67.223698,39.648984],[67.224282,39.648454],[67.224365,39.648375],[67.224453,39.648294],[67.22453,39.648217],[67.224922,39.647843],[67.225003,39.647764],[67.225126,39.647649],[67.225303,39.64747],[67.225426,39.647351],[67.225723,39.647083],[67.225822,39.647138],[67.225937,39.647208],[67.226049,39.647274],[67.226549,39.647579],[67.226887,39.647788],[67.227001,39.647858],[67.227042,39.647883],[67.22726,39.648024],[67.227074,39.648228],[67.226504,39.648768],[67.226056,39.649183],[67.225696,39.649526],[67.225367,39.649828],[67.225216,39.649955],[67.224931,39.650197],[67.22477,39.650349]]]}},{"type":"Feature","id":368,"properties":{},"geometry":{"type":"Polygon","coordinates":[[[67.227356,39.650161],[67.227227,39.650265],[67.227019,39.650479],[67.226771,39.650671],[67.226478,39.650926],[67.226213,39.651151],[67.225981,39.651375],[67.22573,39.651549],[67.22552,39.651752],[67.225315,39.651943],[67.225066,39.65219],[67.22502,39.652224],[67.224911,39.652135],[67.224576,39.651865],[67.224159,39.651542],[67.22421,39.651497],[67.224535,39.651202],[67.224811,39.650966],[67.224954,39.650839],[67.22501,39.650793],[67.22503,39.650771],[67.225053,39.650751],[67.225053,39.650749],[67.225049,39.650746],[67.225052,39.6507],[67.225038,39.650644],[67.225099,39.650585],[67.225218,39.650489],[67.22536,39.650364],[67.225519,39.650224],[67.225721,39.650059],[67.225819,39.649979],[67.226129,39.649697],[67.226355,39.649511],[67.226836,39.649823],[67.227356,39.650161]]]}},{"type":"Feature","id":369,"properties":{},"geometry":{"type":"Polygon","coordinates":[[[67.368214,39.568944],[67.36806,39.568986],[67.366845,39.569376],[67.366182,39.569567],[67.365668,39.569743],[67.365584,39.569674],[67.365521,39.569623],[67.365229,39.569386],[67.365151,39.569323],[67.365014,39.569208],[67.365353,39.569095],[67.366291,39.568866],[67.366709,39.568738],[67.367106,39.568638],[67.367471,39.568557],[67.368003,39.568427],[67.36866,39.568261],[67.369246,39.568106],[67.369538,39.568509],[67.369541,39.568508],[67.369553,39.568533],[67.36926,39.568625],[67.368214,39.568944]]]}},{"type":"Feature","id":370,"properties":{},"geometry":{"type":"Polygon","coordinates":[[[67.351586,39.571117],[67.351678,39.571233],[67.352654,39.572471],[67.352684,39.572505],[67.351799,39.572893],[67.350526,39.573493],[67.349548,39.573949],[67.348468,39.572546],[67.351519,39.571037],[67.351586,39.571117]]]}},{"type":"Feature","id":371,"properties":{},"geometry":{"type":"Polygon","coordinates":[[[67.233336,39.631248],[67.234799,39.63329],[67.234898,39.633429],[67.234925,39.633471],[67.234954,39.633508],[67.234926,39.633526],[67.234912,39.633534],[67.234792,39.633586],[67.234397,39.633746],[67.23401,39.633924],[67.233957,39.633948],[67.233474,39.63417],[67.23323,39.634306],[67.233058,39.634402],[67.232872,39.634512],[67.232736,39.634593],[67.232606,39.63467],[67.232521,39.634721],[67.232365,39.634792],[67.232268,39.634737],[67.232082,39.634627],[67.231833,39.634481],[67.231684,39.634404],[67.231615,39.634344],[67.231406,39.634066],[67.231288,39.633857],[67.231075,39.633599],[67.230874,39.63335],[67.230629,39.633114],[67.230626,39.633112],[67.230333,39.632764],[67.230298,39.632717],[67.230106,39.632439],[67.229986,39.632299],[67.230149,39.632251],[67.230388,39.63218],[67.23096,39.631988],[67.231716,39.631758],[67.232446,39.631527],[67.233059,39.631334],[67.233335,39.631247],[67.233336,39.631248]]]}},{"type":"Feature","id":372,"properties":{},"geometry":{"type":"Polygon","coordinates":[[[67.32271,39.58794],[67.322432,39.588049],[67.321485,39.588411],[67.321174,39.588577],[67.320873,39.588738],[67.320471,39.588967],[67.320408,39.589003],[67.320318,39.589059],[67.320177,39.58914],[67.320118,39.589065],[67.319888,39.588853],[67.319888,39.588853],[67.3199,39.588846],[67.319973,39.588802],[67.320369,39.588579],[67.320458,39.588529],[67.320556,39.588474],[67.321135,39.588198],[67.321625,39.587963],[67.321804,39.587884],[67.321981,39.587804],[67.322144,39.587733],[67.322308,39.58766],[67.323206,39.587266],[67.323672,39.587105],[67.32486,39.586701],[67.325493,39.586487],[67.325662,39.586687],[67.325786,39.586846],[67.325799,39.586862],[67.324807,39.587193],[67.324838,39.587297],[67.323639,39.587623],[67.32284,39.587858],[67.322697,39.587921],[67.32271,39.58794]]]}},{"type":"Feature","id":373,"properties":{},"geometry":{"type":"Polygon","coordinates":[[[67.323851,39.589714],[67.324363,39.59051],[67.323806,39.590767],[67.323502,39.590866],[67.322556,39.591266],[67.322135,39.59146],[67.321922,39.591573],[67.321288,39.590715],[67.321333,39.590694],[67.322018,39.590433],[67.322705,39.59017],[67.323851,39.589714]]]}},{"type":"Feature","id":374,"properties":{},"geometry":{"type":"Polygon","coordinates":[[[67.321106,39.590406],[67.318206,39.591623],[67.318196,39.591601],[67.31806,39.59129],[67.318182,39.59134],[67.318215,39.591221],[67.318312,39.591119],[67.318473,39.590951],[67.318552,39.590867],[67.318651,39.590768],[67.319012,39.590414],[67.319215,39.590219],[67.31934,39.590068],[67.319413,39.58998],[67.319638,39.58961],[67.319822,39.589351],[67.320002,39.589234],[67.320126,39.589153],[67.320177,39.58914],[67.320455,39.589533],[67.321081,39.590373],[67.321106,39.590406]]]}},{"type":"Feature","id":375,"properties":{},"geometry":{"type":"Polygon","coordinates":[[[67.333688,39.611321],[67.333421,39.61146],[67.333421,39.61146],[67.33337,39.611485],[67.333278,39.611559],[67.333216,39.611609],[67.333138,39.611686],[67.333053,39.611769],[67.333053,39.611769],[67.333028,39.611793],[67.332927,39.611715],[67.332885,39.611677],[67.332441,39.611301],[67.332242,39.611116],[67.331905,39.610801],[67.331268,39.610226],[67.331137,39.610072],[67.331106,39.61003],[67.331167,39.609989],[67.331871,39.609559],[67.332963,39.608827],[67.333221,39.609046],[67.333332,39.60914],[67.33331,39.609187],[67.333366,39.609229],[67.33333,39.609258],[67.333041,39.609478],[67.33279,39.609686],[67.332899,39.609771],[67.333102,39.609986],[67.333265,39.610143],[67.333546,39.610337],[67.333676,39.610417],[67.333549,39.610547],[67.333471,39.610635],[67.33345,39.61069],[67.333416,39.610785],[67.333432,39.610942],[67.333518,39.611049],[67.333559,39.611129],[67.333593,39.611199],[67.333605,39.611213],[67.333688,39.611321]]]}},{"type":"Feature","id":376,"properties":{},"geometry":{"type":"Polygon","coordinates":[[[67.237647,39.832728],[67.237645,39.83273],[67.236137,39.832861],[67.236035,39.83223],[67.235691,39.83034],[67.236092,39.830288],[67.237257,39.830199],[67.237537,39.831798],[67.237653,39.832495],[67.237664,39.832561],[67.237661,39.832633],[67.237647,39.832728]]]}},{"type":"Feature","id":377,"properties":{},"geometry":{"type":"Polygon","coordinates":[[[67.238714,39.830029],[67.238787,39.830081],[67.239705,39.830859],[67.2398,39.830954],[67.239777,39.830962],[67.239552,39.830973],[67.239404,39.830984],[67.23925,39.830995],[67.239179,39.831024],[67.239167,39.831055],[67.239162,39.831061],[67.239152,39.831095],[67.239148,39.831105],[67.239148,39.831108],[67.239148,39.831109],[67.239143,39.831184],[67.239148,39.831283],[67.239122,39.831533],[67.239079,39.831572],[67.239027,39.831619],[67.238971,39.831655],[67.238874,39.831704],[67.238724,39.831749],[67.238584,39.831792],[67.238354,39.831862],[67.238246,39.831903],[67.238213,39.831916],[67.238152,39.831934],[67.238073,39.831966],[67.238067,39.831972],[67.238042,39.831982],[67.23803,39.832009],[67.238029,39.832009],[67.238028,39.832012],[67.238013,39.832045],[67.238001,39.832096],[67.237999,39.832104],[67.237995,39.832126],[67.237972,39.832229],[67.237953,39.832307],[67.237882,39.832403],[67.237828,39.832483],[67.237804,39.832513],[67.237792,39.832535],[67.237751,39.832597],[67.237729,39.832623],[67.237647,39.832728],[67.237661,39.832633],[67.237664,39.832561],[67.237653,39.832495],[67.237537,39.831798],[67.237257,39.830199],[67.238426,39.830049],[67.238629,39.830023],[67.238714,39.830029]]]}},{"type":"Feature","id":378,"properties":{},"geometry":{"type":"Polygon","coordinates":[[[67.237257,39.830199],[67.236092,39.830288],[67.236091,39.830284],[67.236098,39.830284],[67.236055,39.830012],[67.236053,39.830002],[67.235984,39.829574],[67.235971,39.829497],[67.235858,39.828798],[67.235852,39.828758],[67.23582,39.828562],[67.23582,39.828562],[67.235797,39.828377],[67.235891,39.828396],[67.236118,39.828444],[67.236363,39.828466],[67.236507,39.828481],[67.236569,39.828474],[67.236648,39.828448],[67.236706,39.828409],[67.236901,39.828566],[67.237148,39.828765],[67.238714,39.830029],[67.238629,39.830023],[67.238426,39.830049],[67.237257,39.830199]]]}},{"type":"Feature","id":379,"properties":{},"geometry":{"type":"Polygon","coordinates":[[[67.349434,39.713333],[67.349228,39.71323],[67.349151,39.713371],[67.349049,39.713315],[67.346407,39.712252],[67.345973,39.712077],[67.346982,39.710731],[67.347528,39.710537],[67.347895,39.710017],[67.347922,39.709978],[67.348093,39.710012],[67.348948,39.710183],[67.349164,39.710219],[67.349319,39.710272],[67.349881,39.710488],[67.351033,39.710935],[67.349988,39.712494],[67.349946,39.712556],[67.349755,39.712841],[67.349434,39.713333]]]}},{"type":"Feature","id":380,"properties":{},"geometry":{"type":"Polygon","coordinates":[[[67.35726,39.71225],[67.35732,39.712456],[67.357402,39.712879],[67.357449,39.713163],[67.357447,39.713272],[67.35744,39.713351],[67.357398,39.713394],[67.351961,39.711745],[67.350021,39.713477],[67.349967,39.713458],[67.35042,39.713059],[67.351695,39.711967],[67.351911,39.711749],[67.352281,39.711441],[67.352502,39.711527],[67.352549,39.711444],[67.352843,39.71122],[67.353108,39.711018],[67.353115,39.711012],[67.353251,39.711054],[67.354233,39.711352],[67.355404,39.71169],[67.357024,39.712176],[67.35726,39.71225]]]}},{"type":"Feature","id":381,"properties":{},"geometry":{"type":"Polygon","coordinates":[[[67.354233,39.711352],[67.354248,39.711256],[67.354335,39.711281],[67.354544,39.71134],[67.354622,39.711362],[67.35467,39.711381],[67.35496,39.709122],[67.355044,39.708228],[67.355421,39.708225],[67.355637,39.708237],[67.355842,39.708265],[67.356003,39.708313],[67.356126,39.708356],[67.356216,39.708441],[67.356247,39.708508],[67.356267,39.70855],[67.356366,39.708944],[67.356402,39.709262],[67.356397,39.709446],[67.356334,39.709854],[67.356296,39.710049],[67.356258,39.710299],[67.356222,39.710432],[67.356216,39.710491],[67.356223,39.710637],[67.356256,39.710838],[67.356297,39.71093],[67.356365,39.71104],[67.356434,39.711103],[67.356496,39.7112],[67.356596,39.711323],[67.356728,39.71145],[67.356855,39.711581],[67.356986,39.711729],[67.3571,39.711931],[67.357178,39.712053],[67.35726,39.71225],[67.357024,39.712176],[67.355404,39.71169],[67.354233,39.711352]]]}},{"type":"Feature","id":382,"properties":{},"geometry":{"type":"Polygon","coordinates":[[[67.346857,39.713802],[67.347145,39.713962],[67.347305,39.71405],[67.347594,39.714255],[67.347703,39.714331],[67.348258,39.714712],[67.348108,39.71486],[67.347743,39.715223],[67.347673,39.715289],[67.345063,39.713612],[67.345588,39.71375],[67.345901,39.713746],[67.345968,39.713685],[67.346015,39.713575],[67.346121,39.713439],[67.346429,39.713599],[67.346633,39.713696],[67.346857,39.713802]]]}},{"type":"Feature","id":383,"properties":{},"geometry":{"type":"Polygon","coordinates":[[[67.215911,39.645813],[67.215961,39.645866],[67.215961,39.645866],[67.216325,39.646191],[67.216325,39.646191],[67.216736,39.646587],[67.216836,39.646683],[67.216956,39.646796],[67.217078,39.646912],[67.217151,39.646989],[67.21721,39.647052],[67.217249,39.647087],[67.217284,39.64712],[67.217458,39.647285],[67.217514,39.647317],[67.217423,39.647399],[67.217279,39.647539],[67.217141,39.647675],[67.216954,39.647858],[67.21678,39.648031],[67.216726,39.648083],[67.216668,39.64814],[67.21648,39.648316],[67.21629,39.648503],[67.21609,39.648699],[67.215698,39.648401],[67.215672,39.648381],[67.215622,39.648344],[67.215192,39.64802],[67.215003,39.647878],[67.214861,39.647778],[67.214797,39.64773],[67.214796,39.647729],[67.214613,39.647589],[67.214388,39.647425],[67.21435,39.647397],[67.214372,39.647378],[67.21446,39.647288],[67.214548,39.647201],[67.214653,39.647091],[67.214689,39.647054],[67.214791,39.646951],[67.214882,39.646863],[67.215023,39.646717],[67.215185,39.646548],[67.215271,39.646458],[67.215326,39.646405],[67.215374,39.646359],[67.215516,39.646226],[67.215548,39.646194],[67.215561,39.646181],[67.215581,39.646159],[67.215683,39.646048],[67.215852,39.645873],[67.215878,39.645847],[67.215911,39.645813]]]}},{"type":"Feature","id":384,"properties":{},"geometry":{"type":"Polygon","coordinates":[[[67.215911,39.645813],[67.215878,39.645847],[67.215852,39.645873],[67.215683,39.646048],[67.215581,39.646159],[67.215561,39.646181],[67.215548,39.646194],[67.215501,39.646152],[67.215516,39.646137],[67.215752,39.645902],[67.215752,39.645902],[67.215783,39.645872],[67.215783,39.645872],[67.215782,39.645872],[67.214307,39.645037],[67.214307,39.645037],[67.214158,39.645193],[67.214155,39.645197],[67.214151,39.645201],[67.214008,39.645375],[67.213991,39.645366],[67.214078,39.645263],[67.214256,39.645072],[67.214256,39.645072],[67.214261,39.645066],[67.214477,39.644858],[67.214589,39.644748],[67.214793,39.644546],[67.214793,39.644546],[67.215003,39.644382],[67.215171,39.644232],[67.21525,39.644157],[67.215323,39.644088],[67.21541,39.643992],[67.215454,39.643944],[67.215454,39.643944],[67.21563,39.643726],[67.215805,39.643534],[67.215966,39.643343],[67.216099,39.643226],[67.216188,39.643147],[67.216226,39.643113],[67.216319,39.643042],[67.216405,39.642978],[67.216518,39.642888],[67.216518,39.642888],[67.216597,39.642831],[67.216597,39.64283],[67.216615,39.642813],[67.216694,39.64273],[67.216811,39.642596],[67.216948,39.642431],[67.217053,39.642312],[67.217087,39.642274],[67.217112,39.642247],[67.217159,39.642196],[67.21727,39.642067],[67.21734,39.64199],[67.217374,39.641965],[67.21738,39.641968],[67.217916,39.642408],[67.217922,39.642414],[67.217925,39.642417],[67.217926,39.642417],[67.217958,39.642448],[67.217991,39.642479],[67.218002,39.642489],[67.218016,39.642503],[67.218031,39.642517],[67.218061,39.642546],[67.218062,39.642547],[67.218085,39.642569],[67.218103,39.642586],[67.218104,39.642587],[67.218104,39.642587],[67.218135,39.642616],[67.218148,39.642629],[67.218148,39.642629],[67.218158,39.642638],[67.218158,39.642638],[67.218184,39.642663],[67.218189,39.642668],[67.218189,39.642668],[67.218217,39.642695],[67.218218,39.642696],[67.218247,39.642724],[67.218254,39.642731],[67.218261,39.642737],[67.218267,39.642743],[67.218285,39.64276],[67.218287,39.642762],[67.218288,39.642763],[67.218296,39.64277],[67.218308,39.642782],[67.218334,39.642807],[67.21834,39.642812],[67.21834,39.642812],[67.21834,39.642813],[67.21834,39.642813],[67.218379,39.64285],[67.218395,39.642865],[67.218423,39.642892],[67.218446,39.642914],[67.218446,39.642914],[67.218452,39.64292],[67.218452,39.64292],[67.218482,39.642948],[67.218482,39.642948],[67.218482,39.642948],[67.218489,39.642955],[67.21849,39.642956],[67.21849,39.642956],[67.218495,39.642961],[67.218495,39.642961],[67.218497,39.642963],[67.2185,39.642965],[67.218501,39.642966],[67.218504,39.642969],[67.218504,39.642969],[67.218505,39.64297],[67.218507,39.642972],[67.218507,39.642972],[67.218507,39.642972],[67.218513,39.642977],[67.218513,39.642978],[67.218514,39.642978],[67.218514,39.642979],[67.218514,39.642979],[67.218519,39.642984],[67.218522,39.642986],[67.218525,39.642989],[67.218525,39.642989],[67.218525,39.64299],[67.218529,39.642993],[67.218531,39.642995],[67.218531,39.642995],[67.218533,39.642997],[67.218535,39.642998],[67.218536,39.643],[67.218539,39.643002],[67.218539,39.643003],[67.21854,39.643004],[67.218545,39.643008],[67.218545,39.643008],[67.218549,39.643012],[67.218549,39.643012],[67.218551,39.643014],[67.218555,39.643018],[67.218555,39.643018],[67.218556,39.643019],[67.21856,39.643023],[67.218561,39.643024],[67.218563,39.643026],[67.218441,39.643146],[67.218379,39.643208],[67.218285,39.643302],[67.21817,39.643416],[67.21817,39.643416],[67.218036,39.643568],[67.217709,39.643889],[67.217607,39.644],[67.217407,39.644216],[67.217355,39.644272],[67.217355,39.644272],[67.217268,39.644366],[67.2171,39.644537],[67.216913,39.644726],[67.216892,39.644748],[67.216681,39.644964],[67.216669,39.644977],[67.21658,39.645068],[67.21646,39.64519],[67.216376,39.645276],[67.216339,39.645314],[67.216304,39.64535],[67.216295,39.645359],[67.216295,39.645359],[67.216037,39.645619],[67.216037,39.645619],[67.215965,39.64569],[67.215878,39.645777],[67.215878,39.645777],[67.215911,39.645813]]]}},{"type":"Feature","id":385,"properties":{},"geometry":{"type":"Polygon","coordinates":[[[67.254146,39.634962],[67.254051,39.635001],[67.253937,39.635054],[67.253885,39.635097],[67.253807,39.635161],[67.253789,39.635143],[67.2534,39.634762],[67.25302,39.634348],[67.25302,39.634348],[67.252911,39.634231],[67.252908,39.634228],[67.252904,39.634224],[67.252677,39.633981],[67.252676,39.63398],[67.252838,39.633906],[67.252945,39.633839],[67.253066,39.63377],[67.253163,39.633877],[67.253234,39.633956],[67.25362,39.634379],[67.253706,39.634474],[67.253993,39.634777],[67.254146,39.634962]]]}},{"type":"Feature","id":386,"properties":{},"geometry":{"type":"Polygon","coordinates":[[[67.245853,39.637162],[67.245936,39.637421],[67.246156,39.637996],[67.246353,39.638538],[67.246503,39.63892],[67.246553,39.639009],[67.246553,39.63901],[67.245716,39.639382],[67.245516,39.639423],[67.245459,39.639479],[67.245455,39.63948],[67.245438,39.639484],[67.24494,39.639586],[67.244738,39.639624],[67.244584,39.639654],[67.244318,39.639707],[67.244287,39.639714],[67.243448,39.639476],[67.243469,39.639291],[67.243484,39.638776],[67.243486,39.638508],[67.243467,39.638231],[67.24343,39.637967],[67.243416,39.637904],[67.243378,39.63757],[67.243409,39.636868],[67.243411,39.636813],[67.245853,39.637162]]]}},{"type":"Feature","id":387,"properties":{},"geometry":{"type":"Polygon","coordinates":[[[67.254081,39.630001],[67.25412,39.629966],[67.254223,39.629911],[67.254382,39.629838],[67.254535,39.629776],[67.254761,39.629671],[67.254963,39.629588],[67.255186,39.629506],[67.255336,39.62946],[67.255586,39.629381],[67.255832,39.629272],[67.25605,39.629177],[67.256321,39.629056],[67.256395,39.62906],[67.256403,39.629069],[67.256676,39.629344],[67.257135,39.62985],[67.257424,39.630164],[67.257572,39.6303],[67.257762,39.630469],[67.257952,39.630668],[67.257993,39.630711],[67.258084,39.630821],[67.257983,39.630881],[67.25778,39.630981],[67.25768,39.631031],[67.257674,39.631021],[67.257659,39.630994],[67.256166,39.631601],[67.255875,39.631815],[67.255909,39.631875],[67.255849,39.631971],[67.255837,39.631958],[67.2558,39.631917],[67.25572,39.63183],[67.25568,39.631786],[67.255137,39.63116],[67.254785,39.630754],[67.254683,39.630636],[67.254565,39.630501],[67.254533,39.630468],[67.254499,39.630433],[67.254393,39.630369],[67.254393,39.630369],[67.254298,39.630288],[67.25418,39.630132],[67.254084,39.630001],[67.254081,39.630002],[67.254081,39.630001]]]}},{"type":"Feature","id":388,"properties":{},"geometry":{"type":"Polygon","coordinates":[[[67.255247,39.632852],[67.255015,39.632987],[67.254903,39.633048],[67.254859,39.633072],[67.25475,39.633108],[67.254691,39.633105],[67.254627,39.633081],[67.254507,39.633015],[67.254353,39.632923],[67.254062,39.632772],[67.253844,39.632673],[67.253723,39.632623],[67.253624,39.632613],[67.253617,39.632614],[67.252411,39.631315],[67.252411,39.631315],[67.252315,39.631211],[67.252315,39.631211],[67.252096,39.630976],[67.252015,39.631005],[67.252015,39.631005],[67.251919,39.63104],[67.251775,39.631093],[67.251728,39.631113],[67.251772,39.631093],[67.251916,39.63104],[67.252012,39.631005],[67.252093,39.630976],[67.252274,39.630914],[67.252277,39.630917],[67.252468,39.631114],[67.252623,39.631288],[67.252747,39.631419],[67.252829,39.631464],[67.252915,39.63148],[67.253021,39.631481],[67.25314,39.631466],[67.253295,39.631396],[67.253372,39.631353],[67.253443,39.631312],[67.253558,39.631241],[67.253638,39.631178],[67.253693,39.631141],[67.253751,39.631186],[67.253833,39.631268],[67.254431,39.631949],[67.254936,39.632489],[67.255188,39.632779],[67.255247,39.632852]]]}},{"type":"Feature","id":389,"properties":{},"geometry":{"type":"Polygon","coordinates":[[[67.216785,39.652186],[67.216713,39.652242],[67.216693,39.652257],[67.216627,39.652304],[67.216593,39.652335],[67.216387,39.652526],[67.216329,39.65258],[67.216128,39.652768],[67.215923,39.65296],[67.215535,39.653331],[67.215378,39.653486],[67.215371,39.653494],[67.215306,39.653559],[67.21503,39.653829],[67.21484,39.653992],[67.214695,39.654129],[67.214681,39.654142],[67.21467,39.654152],[67.214663,39.654149],[67.214634,39.654134],[67.214623,39.654128],[67.214623,39.654128],[67.214609,39.654121],[67.214609,39.654121],[67.214603,39.654118],[67.21458,39.654106],[67.21458,39.654106],[67.21458,39.654106],[67.214579,39.654106],[67.214579,39.654105],[67.214578,39.654105],[67.214479,39.654073],[67.214479,39.654073],[67.214478,39.654072],[67.214197,39.653978],[67.214197,39.653978],[67.214183,39.653973],[67.214183,39.653973],[67.214183,39.653973],[67.214182,39.653973],[67.214182,39.653972],[67.214182,39.653972],[67.214083,39.653939],[67.213953,39.653868],[67.213953,39.653868],[67.213872,39.653752],[67.213872,39.653752],[67.213738,39.653423],[67.213861,39.653386],[67.213861,39.653386],[67.213862,39.653385],[67.213862,39.653385],[67.213862,39.653385],[67.213863,39.653385],[67.213863,39.653385],[67.213863,39.653385],[67.213864,39.653384],[67.213864,39.653384],[67.213864,39.653384],[67.213865,39.653383],[67.213865,39.653383],[67.213865,39.653383],[67.213866,39.653382],[67.213866,39.653382],[67.213866,39.653382],[67.213866,39.653381],[67.213866,39.653381],[67.213866,39.65338],[67.213866,39.65338],[67.213866,39.653379],[67.213866,39.653379],[67.213866,39.653379],[67.213866,39.653378],[67.213866,39.653378],[67.213855,39.653346],[67.213878,39.653335],[67.213878,39.653335],[67.213879,39.653335],[67.213879,39.653334],[67.21388,39.653334],[67.21388,39.653334],[67.21388,39.653334],[67.21388,39.653333],[67.213881,39.653333],[67.213881,39.653332],[67.213881,39.653332],[67.213882,39.653332],[67.213882,39.653331],[67.213882,39.65333],[67.213882,39.65333],[67.213882,39.653329],[67.213882,39.653329],[67.213882,39.653329],[67.213882,39.653328],[67.213882,39.653327],[67.213882,39.653327],[67.213882,39.653327],[67.213871,39.653298],[67.213831,39.653194],[67.213803,39.653121],[67.213873,39.653054],[67.214413,39.652536],[67.214413,39.652536],[67.214413,39.652536],[67.214414,39.652535],[67.214414,39.652535],[67.214414,39.652535],[67.214415,39.652534],[67.214415,39.652533],[67.214415,39.652533],[67.214415,39.652533],[67.214415,39.652532],[67.214415,39.652532],[67.214415,39.652531],[67.214415,39.652531],[67.214415,39.65253],[67.214415,39.65253],[67.214415,39.652529],[67.214415,39.652529],[67.214415,39.652529],[67.214414,39.652528],[67.214414,39.652528],[67.214414,39.652528],[67.214413,39.652527],[67.214413,39.652527],[67.214413,39.652527],[67.214349,39.652464],[67.214506,39.652303],[67.21481,39.652033],[67.21481,39.652032],[67.21481,39.652032],[67.214815,39.652028],[67.214854,39.651989],[67.215088,39.652142],[67.215088,39.652142],[67.216069,39.652786],[67.21607,39.652786],[67.21607,39.652786],[67.216071,39.652787],[67.216072,39.652787],[67.216072,39.652787],[67.216073,39.652787],[67.216074,39.652787],[67.216074,39.652787],[67.216075,39.652787],[67.216076,39.652787],[67.216076,39.652787],[67.216076,39.652787],[67.216077,39.652787],[67.216077,39.652787],[67.216078,39.652787],[67.216079,39.652787],[67.216079,39.652787],[67.21608,39.652786],[67.21608,39.652786],[67.21608,39.652786],[67.216081,39.652786],[67.216081,39.652786],[67.216081,39.652786],[67.216082,39.652785],[67.216082,39.652785],[67.216082,39.652785],[67.216149,39.652724],[67.216149,39.652724],[67.216149,39.652723],[67.216295,39.652581],[67.216295,39.652581],[67.216474,39.652411],[67.216506,39.652382],[67.216506,39.652382],[67.216513,39.652376],[67.216589,39.652307],[67.216666,39.652237],[67.216737,39.652173],[67.216737,39.652173],[67.216785,39.652128],[67.216818,39.652098],[67.216885,39.652035],[67.216989,39.651939],[67.216989,39.651939],[67.217044,39.651886],[67.21713,39.651803],[67.21713,39.651803],[67.21713,39.651803],[67.217168,39.651765],[67.217173,39.65176],[67.217179,39.651754],[67.217179,39.651754],[67.217211,39.651721],[67.217211,39.651721],[67.217211,39.651721],[67.217212,39.651721],[67.217262,39.651663],[67.21731,39.651607],[67.217386,39.651521],[67.217453,39.651448],[67.217527,39.651372],[67.217583,39.651407],[67.217488,39.651501],[67.21748,39.651508],[67.217318,39.651655],[67.217248,39.651719],[67.217238,39.651729],[67.217232,39.651734],[67.217026,39.651936],[67.217018,39.651944],[67.216916,39.65205],[67.216904,39.652063],[67.216785,39.652186]]]}},{"type":"Feature","id":390,"properties":{},"geometry":{"type":"Polygon","coordinates":[[[67.219589,39.64738],[67.219731,39.647245],[67.219731,39.647245],[67.219731,39.647245],[67.219929,39.647052],[67.220035,39.646949],[67.220036,39.646949],[67.220271,39.64671],[67.220271,39.64671],[67.220271,39.64671],[67.220355,39.646623],[67.220513,39.646459],[67.220547,39.646489],[67.220547,39.646489],[67.220548,39.646489],[67.220548,39.646489],[67.220548,39.64649],[67.220549,39.64649],[67.220549,39.64649],[67.220549,39.64649],[67.22055,39.64649],[67.22055,39.64649],[67.220551,39.646491],[67.220552,39.646491],[67.220552,39.646491],[67.220552,39.646491],[67.220552,39.646491],[67.220553,39.646491],[67.220554,39.646491],[67.220555,39.646491],[67.220556,39.646491],[67.220556,39.646491],[67.220556,39.646491],[67.220557,39.64649],[67.220558,39.64649],[67.220559,39.64649],[67.220559,39.646489],[67.22056,39.646489],[67.22056,39.646489],[67.22056,39.646489],[67.220561,39.646488],[67.220611,39.646437],[67.22165,39.645363],[67.222131,39.644868],[67.222933,39.64404],[67.223058,39.644139],[67.223174,39.644233],[67.223174,39.644233],[67.223314,39.644346],[67.223314,39.644346],[67.223421,39.644432],[67.223421,39.644432],[67.223421,39.644432],[67.223421,39.644432],[67.223515,39.644508],[67.223588,39.644566],[67.223628,39.644598],[67.223868,39.64479],[67.223925,39.644838],[67.223551,39.645207],[67.222212,39.646527],[67.221114,39.647609],[67.220813,39.647906],[67.220813,39.647906],[67.220813,39.647906],[67.220812,39.647907],[67.220812,39.647907],[67.220812,39.647908],[67.220811,39.647908],[67.220811,39.647908],[67.220811,39.647909],[67.220811,39.647909],[67.220811,39.64791],[67.220811,39.64791],[67.220811,39.64791],[67.220811,39.647911],[67.220811,39.647911],[67.220811,39.647912],[67.220811,39.647912],[67.220811,39.647913],[67.220811,39.647913],[67.220812,39.647913],[67.220812,39.647914],[67.220812,39.647914],[67.220812,39.647914],[67.220813,39.647915],[67.220813,39.647915],[67.220814,39.647915],[67.220814,39.647916],[67.220814,39.647916],[67.220931,39.647994],[67.220931,39.647994],[67.220932,39.647995],[67.220932,39.647995],[67.220932,39.647995],[67.220933,39.647995],[67.220933,39.647995],[67.220934,39.647995],[67.220935,39.647995],[67.220935,39.647996],[67.220936,39.647996],[67.220936,39.647996],[67.220937,39.647996],[67.220937,39.647996],[67.220938,39.647996],[67.220939,39.647995],[67.220939,39.647995],[67.22094,39.647995],[67.22094,39.647995],[67.220941,39.647995],[67.220941,39.647995],[67.220942,39.647995],[67.220942,39.647994],[67.220943,39.647994],[67.220943,39.647993],[67.220943,39.647993],[67.220944,39.647993],[67.221031,39.64791],[67.221162,39.647785],[67.221198,39.647878],[67.221128,39.647948],[67.221119,39.647957],[67.220959,39.648107],[67.220853,39.648206],[67.220792,39.648179],[67.220791,39.648179],[67.220791,39.648179],[67.220791,39.648179],[67.22079,39.648178],[67.22079,39.648178],[67.220789,39.648178],[67.220789,39.648178],[67.220788,39.648178],[67.220788,39.648178],[67.220787,39.648178],[67.220786,39.648178],[67.220785,39.648178],[67.220784,39.648178],[67.220784,39.648178],[67.220784,39.648179],[67.220783,39.648179],[67.220782,39.648179],[67.220782,39.648179],[67.220782,39.64818],[67.220781,39.64818],[67.220781,39.64818],[67.22078,39.64818],[67.22078,39.648181],[67.22078,39.648181],[67.220749,39.648211],[67.220733,39.648194],[67.220595,39.648102],[67.220229,39.647854],[67.220152,39.647797],[67.219964,39.647657],[67.219959,39.647654],[67.219632,39.647411],[67.219589,39.64738]]]}},{"type":"Feature","id":391,"properties":{},"geometry":{"type":"Polygon","coordinates":[[[67.240832,39.629199],[67.239382,39.629728],[67.239351,39.629691],[67.23932,39.629653],[67.239316,39.629594],[67.239118,39.629299],[67.238269,39.628092],[67.238186,39.627953],[67.2392,39.627616],[67.239779,39.627423],[67.240043,39.627898],[67.24008,39.627965],[67.240357,39.628462],[67.240405,39.628537],[67.240793,39.629145],[67.240832,39.629199]]]}},{"type":"Feature","id":392,"properties":{},"geometry":{"type":"Polygon","coordinates":[[[67.242382,39.62863],[67.241685,39.628887],[67.240832,39.629199],[67.240793,39.629145],[67.240405,39.628537],[67.240357,39.628462],[67.24008,39.627965],[67.240043,39.627898],[67.239779,39.627423],[67.239781,39.627422],[67.24027,39.627266],[67.240339,39.627244],[67.240368,39.627234],[67.240368,39.627233],[67.241705,39.626804],[67.241765,39.626993],[67.241795,39.62709],[67.242138,39.628051],[67.242362,39.628572],[67.242382,39.62863]]]}},{"type":"Feature","id":393,"properties":{},"geometry":{"type":"Polygon","coordinates":[[[67.241795,39.62709],[67.242214,39.626947],[67.242312,39.626914],[67.242906,39.626706],[67.242987,39.62669],[67.243045,39.62675],[67.243633,39.627643],[67.243892,39.62804],[67.243935,39.628088],[67.24379,39.628143],[67.243782,39.628147],[67.243777,39.628149],[67.243708,39.628175],[67.243692,39.628181],[67.242824,39.628479],[67.242739,39.628508],[67.242597,39.628557],[67.242382,39.62863],[67.242362,39.628572],[67.242138,39.628051],[67.241795,39.62709]]]}},{"type":"Feature","id":394,"properties":{},"geometry":{"type":"Polygon","coordinates":[[[67.268454,39.659956],[67.268455,39.659956],[67.268459,39.659963],[67.269829,39.659466],[67.270223,39.659979],[67.271797,39.661678],[67.271795,39.66168],[67.271666,39.661781],[67.271519,39.661927],[67.271419,39.662034],[67.271352,39.662137],[67.271315,39.662224],[67.271269,39.662317],[67.271201,39.662448],[67.27107,39.662703],[67.270876,39.663064],[67.270828,39.663154],[67.270776,39.663256],[67.270713,39.663388],[67.270666,39.663506],[67.27049,39.663847],[67.270452,39.663903],[67.270296,39.663941],[67.270005,39.664048],[67.26988,39.664098],[67.269819,39.663881],[67.269744,39.663667],[67.268684,39.660582],[67.268634,39.660589],[67.268628,39.660591],[67.268585,39.660429],[67.268501,39.660139],[67.26848,39.660013],[67.268454,39.659956]]]}},{"type":"Feature","id":395,"properties":{},"geometry":{"type":"Polygon","coordinates":[[[67.268628,39.660591],[67.264799,39.661923],[67.264763,39.661798],[67.264693,39.661534],[67.264589,39.661195],[67.264544,39.661039],[67.264546,39.661006],[67.268243,39.65968],[67.268327,39.659967],[67.268454,39.659956],[67.26848,39.660013],[67.268501,39.660139],[67.268585,39.660429],[67.268628,39.660591]]]}},{"type":"Feature","id":396,"properties":{},"geometry":{"type":"Polygon","coordinates":[[[67.265891,39.657612],[67.265336,39.657783],[67.264497,39.658063],[67.263724,39.658297],[67.263384,39.65714],[67.266419,39.656208],[67.266977,39.657222],[67.266751,39.657312],[67.266303,39.657468],[67.265891,39.657612]]]}},{"type":"Feature","id":397,"properties":{},"geometry":{"type":"Polygon","coordinates":[[[67.314614,39.615859],[67.314248,39.616022],[67.312381,39.616838],[67.312328,39.616861],[67.311754,39.61707],[67.311217,39.617289],[67.310788,39.617486],[67.310644,39.617552],[67.310288,39.617707],[67.310063,39.617805],[67.309483,39.618072],[67.309433,39.618094],[67.309364,39.618102],[67.308773,39.617175],[67.308686,39.617003],[67.308958,39.616866],[67.309117,39.616792],[67.309394,39.616674],[67.30996,39.61644],[67.310303,39.616311],[67.310322,39.616303],[67.310529,39.616225],[67.311094,39.616002],[67.311198,39.615961],[67.311237,39.615945],[67.311677,39.615768],[67.31168,39.615767],[67.311732,39.615752],[67.31177,39.615738],[67.311926,39.615688],[67.311918,39.615722],[67.311908,39.615758],[67.311909,39.615758],[67.311909,39.615758],[67.312302,39.6156],[67.313061,39.615294],[67.313077,39.615287],[67.313238,39.615222],[67.313486,39.615114],[67.31351,39.615104],[67.313857,39.614954],[67.314211,39.6148],[67.314915,39.614524],[67.315082,39.614505],[67.315361,39.614474],[67.315423,39.614467],[67.315673,39.615126],[67.315606,39.615145],[67.315667,39.615284],[67.315711,39.615382],[67.314943,39.615716],[67.314614,39.615859]]]}},{"type":"Feature","id":398,"properties":{},"geometry":{"type":"Polygon","coordinates":[[[67.233593,39.613478],[67.233958,39.614097],[67.234034,39.614233],[67.234371,39.614837],[67.234393,39.614876],[67.234578,39.615207],[67.231354,39.616298],[67.230687,39.615366],[67.231119,39.614959],[67.231628,39.614499],[67.231734,39.614404],[67.232308,39.613886],[67.232406,39.613798],[67.232425,39.613776],[67.233593,39.613478]]]}},{"type":"Feature","id":399,"properties":{},"geometry":{"type":"Polygon","coordinates":[[[67.256246,39.610733],[67.257322,39.612637],[67.25733,39.612703],[67.255852,39.613149],[67.255757,39.613138],[67.253381,39.611596],[67.25337,39.611578],[67.256192,39.610704],[67.256246,39.610733]]]}},{"type":"Feature","id":400,"properties":{},"geometry":{"type":"Polygon","coordinates":[[[67.249622,39.60204],[67.249686,39.602079],[67.249792,39.602181],[67.249955,39.60235],[67.250069,39.602464],[67.247029,39.604501],[67.246991,39.60446],[67.246771,39.604079],[67.246679,39.603858],[67.246603,39.603669],[67.246604,39.603606],[67.24665,39.603494],[67.246736,39.603303],[67.246932,39.60301],[67.247252,39.602744],[67.247397,39.602622],[67.247467,39.602563],[67.247746,39.602413],[67.247872,39.602333],[67.247936,39.602293],[67.24813,39.602171],[67.248426,39.601985],[67.248502,39.60193],[67.248594,39.601937],[67.248653,39.601959],[67.248873,39.602012],[67.249008,39.602014],[67.249229,39.60199],[67.249343,39.601978],[67.249494,39.602005],[67.249622,39.60204]]]}},{"type":"Feature","id":401,"properties":{},"geometry":{"type":"Polygon","coordinates":[[[67.378793,39.792237],[67.376118,39.79251],[67.376064,39.792395],[67.3761,39.792341],[67.376102,39.79227],[67.376087,39.792186],[67.376059,39.792128],[67.376059,39.792118],[67.374479,39.790669],[67.373969,39.790183],[67.374917,39.789581],[67.373025,39.787876],[67.373354,39.787177],[67.373424,39.787081],[67.374225,39.787858],[67.375771,39.789335],[67.375965,39.78952],[67.376347,39.789886],[67.377026,39.790533],[67.378168,39.791623],[67.378366,39.791812],[67.378793,39.792237]]]}},{"type":"Feature","id":402,"properties":{},"geometry":{"type":"Polygon","coordinates":[[[67.273868,39.635362],[67.273044,39.635718],[67.273037,39.635776],[67.273043,39.635843],[67.273111,39.63604],[67.273227,39.63638],[67.273285,39.636523],[67.273322,39.636569],[67.273382,39.636603],[67.273432,39.6366],[67.273404,39.636607],[67.273097,39.636711],[67.273095,39.636712],[67.273095,39.636712],[67.273029,39.636521],[67.272989,39.636434],[67.27299,39.636432],[67.272957,39.636273],[67.272935,39.636199],[67.272852,39.635911],[67.272789,39.635724],[67.272687,39.635393],[67.272552,39.635065],[67.272431,39.634706],[67.272376,39.634453],[67.272307,39.634297],[67.27222,39.634002],[67.272126,39.633733],[67.272061,39.633496],[67.27206,39.63349],[67.272016,39.633385],[67.271987,39.633332],[67.271969,39.633292],[67.272791,39.632859],[67.27287,39.633056],[67.273049,39.633503],[67.273116,39.633679],[67.273194,39.633874],[67.273216,39.63391],[67.273263,39.63397],[67.273312,39.634058],[67.273416,39.634208],[67.273517,39.634382],[67.273604,39.63458],[67.273638,39.634718],[67.273679,39.634936],[67.27371,39.635057],[67.273755,39.635229],[67.273817,39.63533],[67.273868,39.635362]]]}},{"type":"Feature","id":403,"properties":{},"geometry":{"type":"Polygon","coordinates":[[[67.279891,39.636497],[67.279916,39.636898],[67.279843,39.63778],[67.279839,39.637781],[67.279529,39.637826],[67.27918,39.63789],[67.279006,39.637916],[67.278733,39.637959],[67.278627,39.637975],[67.278523,39.638006],[67.278363,39.638034],[67.278312,39.637815],[67.278219,39.637456],[67.278178,39.637226],[67.278087,39.636892],[67.277982,39.636528],[67.277926,39.636324],[67.277875,39.636129],[67.277835,39.635976],[67.277819,39.635915],[67.277824,39.635915],[67.278706,39.635766],[67.279338,39.635661],[67.279409,39.635648],[67.279772,39.635583],[67.279779,39.635581],[67.279891,39.636497]]]}},{"type":"Feature","id":404,"properties":{},"geometry":{"type":"Polygon","coordinates":[[[67.221512,39.651864],[67.222674,39.652726],[67.222629,39.652766],[67.222568,39.65282],[67.221546,39.65369],[67.22068,39.65445],[67.220494,39.654621],[67.220306,39.654794],[67.218529,39.656266],[67.216944,39.655121],[67.217175,39.654914],[67.217194,39.6549],[67.217214,39.654884],[67.217274,39.654851],[67.217371,39.654827],[67.217425,39.654816],[67.217897,39.654436],[67.218138,39.65424],[67.21824,39.654143],[67.218556,39.653876],[67.218845,39.653603],[67.218882,39.653564],[67.218947,39.653423],[67.21923,39.653165],[67.219431,39.652981],[67.219557,39.652865],[67.219734,39.652702],[67.220277,39.652202],[67.220811,39.651693],[67.22092,39.651594],[67.22096,39.651557],[67.221001,39.651518],[67.221512,39.651864]]]}},{"type":"Feature","id":405,"properties":{},"geometry":{"type":"Polygon","coordinates":[[[67.290145,39.659958],[67.290351,39.660232],[67.290594,39.660577],[67.291012,39.661131],[67.29104,39.661213],[67.291017,39.661235],[67.290762,39.661426],[67.290722,39.661453],[67.290664,39.661492],[67.290335,39.661715],[67.290088,39.661881],[67.289256,39.662474],[67.289121,39.66257],[67.288989,39.662665],[67.288923,39.662712],[67.288857,39.66276],[67.288788,39.662809],[67.288738,39.662845],[67.288696,39.662875],[67.288512,39.663013],[67.288125,39.663274],[67.288093,39.663206],[67.287029,39.660601],[67.287016,39.660534],[67.290022,39.659819],[67.290145,39.659958]]]}},{"type":"Feature","id":406,"properties":{},"geometry":{"type":"Polygon","coordinates":[[[67.270149,39.664917],[67.270032,39.664964],[67.26993,39.665006],[67.269724,39.66509],[67.26855,39.665602],[67.268333,39.665696],[67.268205,39.665752],[67.267787,39.665933],[67.266711,39.666397],[67.266161,39.666634],[67.266147,39.666585],[67.266127,39.666527],[67.266034,39.666258],[67.265943,39.665994],[67.265929,39.665939],[67.26575,39.66525],[67.265532,39.664433],[67.266297,39.663882],[67.266852,39.663591],[67.267005,39.663534],[67.267231,39.663466],[67.267236,39.663464],[67.267488,39.663415],[67.26757,39.663448],[67.267652,39.66349],[67.268036,39.663681],[67.268182,39.663756],[67.268332,39.663834],[67.268946,39.664229],[67.269243,39.664425],[67.269472,39.664558],[67.269629,39.664644],[67.269771,39.6647],[67.26984,39.664735],[67.270029,39.66485],[67.270149,39.664917]]]}},{"type":"Feature","id":407,"properties":{},"geometry":{"type":"Polygon","coordinates":[[[67.270517,39.66565],[67.266898,39.669209],[67.26686,39.669076],[67.266161,39.666634],[67.266711,39.666397],[67.267787,39.665933],[67.268205,39.665752],[67.268333,39.665696],[67.26855,39.665602],[67.269724,39.66509],[67.26993,39.665006],[67.270032,39.664964],[67.270149,39.664917],[67.270188,39.664915],[67.270263,39.664978],[67.270424,39.665404],[67.270517,39.66565]]]}},{"type":"Feature","id":408,"properties":{},"geometry":{"type":"Polygon","coordinates":[[[67.273514,39.730566],[67.276251,39.731406],[67.27625,39.731408],[67.276064,39.731706],[67.27591,39.731894],[67.275808,39.732019],[67.275492,39.732332],[67.275232,39.732553],[67.275039,39.732705],[67.274962,39.732769],[67.274652,39.73266],[67.274301,39.732536],[67.272654,39.731781],[67.27267,39.73175],[67.273095,39.731098],[67.273514,39.730566]]]}},{"type":"Feature","id":409,"properties":{},"geometry":{"type":"Polygon","coordinates":[[[67.242431,39.762884],[67.242051,39.763179],[67.241801,39.763361],[67.241555,39.763541],[67.241419,39.763652],[67.241355,39.763703],[67.240567,39.763229],[67.23984,39.762794],[67.239725,39.762721],[67.239459,39.762552],[67.239102,39.762336],[67.240707,39.761895],[67.24083,39.761963],[67.241083,39.762108],[67.241309,39.762245],[67.241473,39.76234],[67.241848,39.762556],[67.242186,39.762753],[67.242431,39.762884]]]}},{"type":"Feature","id":410,"properties":{},"geometry":{"type":"Polygon","coordinates":[[[67.322253,39.78875],[67.321664,39.7892],[67.320122,39.788502],[67.319606,39.788269],[67.319106,39.78803],[67.319261,39.787818],[67.319364,39.787678],[67.31952,39.787464],[67.319906,39.787626],[67.320802,39.788067],[67.32085,39.788091],[67.321561,39.788435],[67.321965,39.78862],[67.322253,39.78875]]]}},{"type":"Feature","id":411,"properties":{},"geometry":{"type":"Polygon","coordinates":[[[67.323869,39.787516],[67.322253,39.78875],[67.321965,39.78862],[67.321561,39.788435],[67.32085,39.788091],[67.320802,39.788067],[67.319906,39.787626],[67.31952,39.787464],[67.319596,39.787362],[67.319613,39.78737],[67.319622,39.787375],[67.319693,39.787409],[67.320802,39.786037],[67.323869,39.787516]]]}},{"type":"Feature","id":412,"properties":{},"geometry":{"type":"Polygon","coordinates":[[[67.362564,39.574107],[67.362555,39.574114],[67.362522,39.57409],[67.362305,39.573932],[67.361929,39.573612],[67.361867,39.573559],[67.361794,39.573497],[67.363357,39.572237],[67.364679,39.571182],[67.365117,39.570832],[67.365196,39.570897],[67.365358,39.571028],[67.365808,39.571403],[67.365847,39.571435],[67.365851,39.57144],[67.365298,39.571888],[67.363647,39.573228],[67.36324,39.573558],[67.362564,39.574107]]]}},{"type":"Feature","id":413,"properties":{},"geometry":{"type":"Polygon","coordinates":[[[67.351254,39.722301],[67.350757,39.722739],[67.350718,39.722773],[67.350443,39.722995],[67.350403,39.723057],[67.350004,39.72278],[67.349467,39.722405],[67.349129,39.722169],[67.348856,39.721978],[67.347934,39.721357],[67.348107,39.721221],[67.34887,39.721611],[67.349648,39.721839],[67.350014,39.721937],[67.350141,39.721974],[67.351254,39.722301]]]}},{"type":"Feature","id":414,"properties":{},"geometry":{"type":"Polygon","coordinates":[[[67.351437,39.720226],[67.351058,39.720117],[67.350573,39.71998],[67.350005,39.719827],[67.349941,39.719808],[67.349965,39.719785],[67.351135,39.718866],[67.351551,39.71897],[67.351727,39.719014],[67.351768,39.719327],[67.3519,39.720131],[67.351935,39.720366],[67.35153,39.720253],[67.351438,39.720226],[67.351437,39.720226],[67.351437,39.720226]]]}},{"type":"Feature","id":415,"properties":{},"geometry":{"type":"Polygon","coordinates":[[[67.343378,39.71892],[67.34313,39.719134],[67.342257,39.719889],[67.341683,39.720378],[67.341605,39.72044],[67.34138,39.72062],[67.340672,39.720136],[67.342658,39.718424],[67.343378,39.71892]]]}},{"type":"Feature","id":416,"properties":{},"geometry":{"type":"Polygon","coordinates":[[[67.287957,39.748303],[67.288017,39.748415],[67.288353,39.749049],[67.288962,39.750222],[67.28905,39.750352],[67.289093,39.750416],[67.289045,39.750428],[67.289043,39.750429],[67.288667,39.750532],[67.287956,39.750701],[67.28794,39.750706],[67.287804,39.750759],[67.287793,39.750764],[67.287782,39.75077],[67.28762,39.750881],[67.287612,39.750886],[67.287612,39.750887],[67.287605,39.750893],[67.287596,39.750902],[67.285728,39.747518],[67.286183,39.747359],[67.286272,39.74728],[67.286344,39.747252],[67.286427,39.747221],[67.286549,39.747171],[67.286549,39.747171],[67.286922,39.747073],[67.287108,39.747043],[67.287287,39.747038],[67.287957,39.748303]]]}},{"type":"Feature","id":417,"properties":{},"geometry":{"type":"Polygon","coordinates":[[[67.291008,39.744822],[67.291044,39.744876],[67.291885,39.74608],[67.29202,39.746266],[67.292426,39.746825],[67.29276,39.747285],[67.292802,39.747327],[67.292041,39.747644],[67.292036,39.747636],[67.292,39.747575],[67.292,39.747575],[67.291739,39.747137],[67.291418,39.7466],[67.291418,39.7466],[67.291128,39.746124],[67.291073,39.746032],[67.291032,39.745963],[67.29096,39.745837],[67.290889,39.745712],[67.290695,39.745404],[67.290538,39.745155],[67.290467,39.745042],[67.291008,39.744822]]]}},{"type":"Feature","id":418,"properties":{},"geometry":{"type":"Polygon","coordinates":[[[67.362709,39.789243],[67.362291,39.789365],[67.362037,39.789424],[67.361409,39.789491],[67.361251,39.789487],[67.359663,39.787934],[67.359361,39.787615],[67.358776,39.787108],[67.358741,39.78702],[67.358899,39.786995],[67.359533,39.786913],[67.359609,39.786907],[67.360149,39.786838],[67.360462,39.787103],[67.360938,39.787533],[67.361581,39.788135],[67.361638,39.788191],[67.361748,39.788299],[67.362174,39.78872],[67.362677,39.789173],[67.362709,39.789243]]]}},{"type":"Feature","id":419,"properties":{},"geometry":{"type":"Polygon","coordinates":[[[67.345243,39.792685],[67.344919,39.792689],[67.344917,39.792684],[67.344849,39.792685],[67.344706,39.792687],[67.344586,39.792688],[67.34432,39.792692],[67.343835,39.792704],[67.343746,39.7927],[67.343737,39.7927],[67.343695,39.792661],[67.343681,39.792642],[67.343688,39.792641],[67.343505,39.792396],[67.343431,39.792262],[67.343378,39.792165],[67.343292,39.792007],[67.343283,39.791999],[67.343247,39.791918],[67.343212,39.791842],[67.343178,39.791766],[67.343064,39.791587],[67.342854,39.791317],[67.342701,39.791043],[67.342607,39.79089],[67.342673,39.790867],[67.342923,39.790784],[67.343097,39.790726],[67.345005,39.790093],[67.345517,39.789923],[67.345553,39.789915],[67.347273,39.792548],[67.347278,39.792552],[67.345243,39.792685]]]}},{"type":"Feature","id":420,"properties":{},"geometry":{"type":"Polygon","coordinates":[[[67.33308,39.594045],[67.333494,39.593885],[67.333559,39.593858],[67.333562,39.593856],[67.333579,39.593911],[67.334632,39.595699],[67.334837,39.595979],[67.335072,39.5963],[67.335303,39.596614],[67.335177,39.596689],[67.334734,39.59695],[67.334205,39.597302],[67.334,39.597131],[67.333782,39.596948],[67.333782,39.596947],[67.333686,39.596816],[67.33344,39.596479],[67.333246,39.596207],[67.333244,39.596207],[67.333241,39.596204],[67.333129,39.596032],[67.332984,39.59581],[67.332947,39.595754],[67.332758,39.595509],[67.332634,39.595307],[67.332105,39.595524],[67.331804,39.595659],[67.331633,39.595375],[67.33146,39.595084],[67.331353,39.594905],[67.331328,39.594838],[67.33131,39.59479],[67.332299,39.594371],[67.332533,39.594272],[67.332888,39.594122],[67.33308,39.594045]]]}},{"type":"Feature","id":421,"properties":{},"geometry":{"type":"Polygon","coordinates":[[[67.249328,39.720416],[67.249165,39.720432],[67.250687,39.718773],[67.25084,39.718645],[67.251784,39.718764],[67.251879,39.718785],[67.251978,39.718793],[67.252253,39.718828],[67.252711,39.718888],[67.253014,39.718931],[67.253495,39.718995],[67.25381,39.719044],[67.254014,39.719066],[67.254056,39.719069],[67.254094,39.719076],[67.254111,39.719092],[67.254139,39.719125],[67.25416,39.719133],[67.254184,39.719085],[67.254271,39.719108],[67.2543,39.719103],[67.254319,39.7191],[67.254718,39.719161],[67.255042,39.719213],[67.255164,39.719226],[67.25523,39.719227],[67.255212,39.719299],[67.255211,39.719304],[67.255164,39.71932],[67.254951,39.71937],[67.254813,39.719399],[67.254662,39.719432],[67.254371,39.719488],[67.254135,39.719539],[67.25379,39.719597],[67.253626,39.719637],[67.25333,39.719687],[67.253224,39.719701],[67.253029,39.71974],[67.252959,39.719748],[67.252788,39.719806],[67.252621,39.719842],[67.252531,39.719861],[67.252267,39.719905],[67.252058,39.719947],[67.25198,39.719963],[67.251384,39.720085],[67.250988,39.720175],[67.250579,39.720216],[67.250319,39.720251],[67.250275,39.720257],[67.250033,39.720291],[67.249742,39.720329],[67.249376,39.720385],[67.249324,39.720405],[67.249328,39.720416]]]}},{"type":"Feature","id":422,"properties":{},"geometry":{"type":"Polygon","coordinates":[[[67.264446,39.724951],[67.264443,39.72497],[67.264445,39.725035],[67.264441,39.72508],[67.264437,39.725124],[67.264403,39.725201],[67.264391,39.7253],[67.264379,39.725318],[67.264268,39.725345],[67.26411,39.725361],[67.26403,39.725363],[67.264005,39.725364],[67.263744,39.725371],[67.263333,39.725376],[67.262969,39.725388],[67.262766,39.725393],[67.262703,39.725394],[67.26267,39.725394],[67.262611,39.725388],[67.262485,39.725375],[67.262472,39.725375],[67.262362,39.725364],[67.262162,39.725357],[67.261953,39.725383],[67.261907,39.725387],[67.261898,39.725388],[67.26185,39.725391],[67.261792,39.725385],[67.261745,39.725368],[67.261683,39.725349],[67.261577,39.725345],[67.261515,39.725346],[67.261409,39.725295],[67.261326,39.725237],[67.261248,39.72519],[67.261591,39.72473],[67.261726,39.724556],[67.261827,39.72444],[67.262169,39.724122],[67.26219,39.724059],[67.26181,39.723717],[67.261713,39.723616],[67.261816,39.723532],[67.26213,39.723424],[67.262181,39.72347],[67.262354,39.723391],[67.26239,39.72338],[67.262409,39.723366],[67.262609,39.723275],[67.262601,39.723476],[67.262604,39.723606],[67.262604,39.723639],[67.262607,39.723676],[67.262638,39.723767],[67.262618,39.723801],[67.262597,39.723888],[67.262584,39.723971],[67.262615,39.724058],[67.262664,39.724231],[67.262698,39.724808],[67.262726,39.725072],[67.263258,39.725053],[67.26378,39.724996],[67.263829,39.724991],[67.264214,39.724966],[67.264446,39.724951]]]}},{"type":"Feature","id":423,"properties":{},"geometry":{"type":"Polygon","coordinates":[[[67.34426,39.787615],[67.343242,39.788144],[67.341203,39.786279],[67.341209,39.786248],[67.34121,39.786109],[67.341282,39.786024],[67.341376,39.785944],[67.341501,39.785902],[67.341707,39.785891],[67.341889,39.785874],[67.342077,39.785808],[67.342204,39.785727],[67.342452,39.785878],[67.342916,39.786311],[67.343065,39.78645],[67.343412,39.786777],[67.343685,39.787023],[67.344056,39.787346],[67.34418,39.787452],[67.344219,39.787544],[67.34426,39.787615]]]}},{"type":"Feature","id":424,"properties":{},"geometry":{"type":"Polygon","coordinates":[[[67.318512,39.700879],[67.31759,39.70147],[67.315995,39.702487],[67.315951,39.702481],[67.315867,39.702469],[67.315794,39.702459],[67.315718,39.702448],[67.315473,39.702414],[67.315066,39.702367],[67.314706,39.702323],[67.314869,39.702091],[67.315462,39.701247],[67.31545,39.701104],[67.315475,39.701051],[67.315493,39.70096],[67.315491,39.700834],[67.31542,39.700625],[67.315524,39.700737],[67.318028,39.698941],[67.317942,39.698868],[67.317992,39.698826],[67.317999,39.698851],[67.318278,39.699059],[67.318591,39.699306],[67.318655,39.699356],[67.318776,39.699452],[67.319072,39.699672],[67.319114,39.699705],[67.319113,39.699706],[67.318169,39.700302],[67.318026,39.7004],[67.318238,39.700595],[67.318347,39.700699],[67.31846,39.700807],[67.318512,39.700879]]]}},{"type":"Feature","id":425,"properties":{},"geometry":{"type":"Polygon","coordinates":[[[67.290936,39.617423],[67.290959,39.618158],[67.290967,39.618578],[67.290937,39.618932],[67.290898,39.619013],[67.290738,39.619019],[67.290399,39.619031],[67.290213,39.619033],[67.290067,39.619034],[67.289958,39.619035],[67.289839,39.619068],[67.289811,39.619075],[67.289803,39.619039],[67.289801,39.619031],[67.289778,39.618932],[67.289737,39.618848],[67.289737,39.618848],[67.289718,39.618816],[67.289679,39.618754],[67.289674,39.618746],[67.289558,39.6186],[67.289473,39.618494],[67.289305,39.618283],[67.289301,39.618279],[67.289246,39.618208],[67.289397,39.618047],[67.289472,39.617971],[67.289664,39.617793],[67.289716,39.617751],[67.289876,39.617643],[67.289972,39.617584],[67.290274,39.617412],[67.290612,39.617267],[67.290923,39.617167],[67.290936,39.617423]]]}},{"type":"Feature","id":426,"properties":{},"geometry":{"type":"Polygon","coordinates":[[[67.28921,39.618163],[67.289211,39.618164],[67.289074,39.618279],[67.289037,39.618311],[67.289003,39.618335],[67.288773,39.618501],[67.288685,39.618564],[67.288572,39.618627],[67.28848,39.618679],[67.288458,39.618691],[67.288391,39.618728],[67.288362,39.618744],[67.288458,39.618878],[67.288839,39.619404],[67.288991,39.619614],[67.289003,39.61963],[67.289013,39.619645],[67.289015,39.619646],[67.289016,39.619648],[67.289017,39.619649],[67.28902,39.619653],[67.28902,39.619655],[67.288935,39.619755],[67.288851,39.619814],[67.288839,39.619824],[67.288686,39.61993],[67.288629,39.619951],[67.288511,39.619993],[67.288259,39.620086],[67.288147,39.620127],[67.288078,39.620152],[67.28782,39.620198],[67.287582,39.620219],[67.287529,39.620223],[67.287333,39.620242],[67.287061,39.62027],[67.286751,39.620307],[67.286717,39.620311],[67.286411,39.620345],[67.286374,39.620349],[67.286221,39.620337],[67.286151,39.620328],[67.286064,39.620245],[67.286005,39.620134],[67.28598,39.620044],[67.286591,39.619715],[67.28667,39.619667],[67.287152,39.619388],[67.288092,39.618893],[67.288144,39.618865],[67.288267,39.618797],[67.288683,39.618564],[67.289035,39.618311],[67.28921,39.618163]]]}},{"type":"Feature","id":427,"properties":{},"geometry":{"type":"Polygon","coordinates":[[[67.223576,39.66377],[67.223474,39.663682],[67.222281,39.664476],[67.22193,39.664211],[67.221871,39.664166],[67.221794,39.664101],[67.221532,39.66388],[67.221214,39.663611],[67.220658,39.663134],[67.220704,39.663113],[67.220806,39.663063],[67.220868,39.66302],[67.220954,39.662989],[67.22107,39.662865],[67.221168,39.662789],[67.221264,39.662713],[67.221368,39.662615],[67.221467,39.66252],[67.221663,39.662333],[67.221753,39.662241],[67.221864,39.662142],[67.221867,39.66214],[67.221901,39.662114],[67.222224,39.661871],[67.22368,39.660843],[67.223947,39.661058],[67.224222,39.661298],[67.224544,39.661578],[67.225562,39.662466],[67.225489,39.662516],[67.22498,39.662853],[67.224845,39.662941],[67.22448,39.663182],[67.223882,39.663577],[67.223576,39.66377]]]}},{"type":"Feature","id":428,"properties":{},"geometry":{"type":"Polygon","coordinates":[[[67.226299,39.664434],[67.227002,39.665113],[67.227197,39.665302],[67.227427,39.665524],[67.22693,39.665817],[67.225677,39.666556],[67.224386,39.66729],[67.223269,39.666255],[67.223738,39.665981],[67.224151,39.66574],[67.2244,39.665595],[67.225168,39.665159],[67.225666,39.664875],[67.225875,39.66473],[67.226299,39.664434]]]}},{"type":"Feature","id":429,"properties":{},"geometry":{"type":"Polygon","coordinates":[[[67.226299,39.664434],[67.225875,39.66473],[67.225666,39.664875],[67.225168,39.665159],[67.225136,39.665127],[67.223576,39.66377],[67.223882,39.663577],[67.22448,39.663182],[67.224845,39.662941],[67.22498,39.662853],[67.225489,39.662516],[67.225562,39.662466],[67.22573,39.662608],[67.226345,39.663143],[67.227074,39.663778],[67.226341,39.664361],[67.226364,39.664383],[67.226299,39.664434]]]}},{"type":"Feature","id":430,"properties":{},"geometry":{"type":"Polygon","coordinates":[[[67.339739,39.751088],[67.339813,39.751181],[67.34042,39.751791],[67.340516,39.751887],[67.337302,39.754645],[67.336408,39.754624],[67.336428,39.754518],[67.336501,39.754398],[67.337365,39.753563],[67.338406,39.752538],[67.338497,39.752465],[67.338513,39.752394],[67.338489,39.752358],[67.338447,39.752333],[67.338821,39.751929],[67.339739,39.751088]]]}},{"type":"Feature","id":431,"properties":{},"geometry":{"type":"Polygon","coordinates":[[[67.337527,39.751845],[67.337526,39.751844],[67.337525,39.751845],[67.337448,39.751803],[67.336276,39.751095],[67.336191,39.751022],[67.336124,39.750963],[67.336126,39.750935],[67.336136,39.750859],[67.336533,39.75034],[67.336618,39.750232],[67.336729,39.750093],[67.337061,39.749648],[67.338033,39.748375],[67.339175,39.748442],[67.339482,39.748446],[67.339566,39.748526],[67.339636,39.748526],[67.340525,39.749084],[67.339405,39.750148],[67.33883,39.750653],[67.338346,39.751092],[67.338161,39.751259],[67.337979,39.751424],[67.337527,39.751845]]]}},{"type":"Feature","id":432,"properties":{},"geometry":{"type":"Polygon","coordinates":[[[67.344093,39.597549],[67.344056,39.597566],[67.34377,39.597702],[67.34348,39.597838],[67.343406,39.597873],[67.34317,39.597984],[67.343083,39.597894],[67.3412,39.596072],[67.341175,39.596035],[67.341385,39.595944],[67.342108,39.595633],[67.344093,39.597549]]]}},{"type":"Feature","id":433,"properties":{},"geometry":{"type":"Polygon","coordinates":[[[67.34312,39.600618],[67.343166,39.600654],[67.343738,39.601239],[67.343953,39.601459],[67.344193,39.601328],[67.344363,39.601492],[67.344653,39.601772],[67.345058,39.602162],[67.345248,39.602337],[67.345249,39.602338],[67.345123,39.60242],[67.345032,39.602478],[67.34499,39.602541],[67.34307,39.600644],[67.34312,39.600618]]]}},{"type":"Feature","id":434,"properties":{},"geometry":{"type":"Polygon","coordinates":[[[67.323062,39.691305],[67.322972,39.691217],[67.322051,39.69164],[67.321975,39.691674],[67.321206,39.692027],[67.321205,39.692026],[67.321262,39.691911],[67.321355,39.691739],[67.321383,39.691667],[67.32144,39.691534],[67.321552,39.691272],[67.321657,39.691043],[67.321767,39.690884],[67.321824,39.690823],[67.322001,39.69071],[67.322429,39.690533],[67.322421,39.690522],[67.322683,39.690419],[67.323534,39.690081],[67.323671,39.69002],[67.324155,39.690791],[67.324195,39.690856],[67.32412,39.690883],[67.323471,39.691132],[67.323155,39.691253],[67.323062,39.691305]]]}},{"type":"Feature","id":435,"properties":{},"geometry":{"type":"Polygon","coordinates":[[[67.33492,39.692315],[67.334919,39.692315],[67.334554,39.692503],[67.334461,39.692552],[67.334235,39.692669],[67.334161,39.692708],[67.333775,39.692913],[67.333642,39.69297],[67.333603,39.692918],[67.333436,39.692726],[67.332757,39.691953],[67.332465,39.691629],[67.332363,39.691517],[67.33232,39.691475],[67.332317,39.691471],[67.332307,39.691459],[67.332236,39.691373],[67.331953,39.691035],[67.331738,39.690803],[67.331878,39.690711],[67.332114,39.69056],[67.332328,39.690396],[67.332434,39.69032],[67.332686,39.690185],[67.333169,39.689949],[67.333208,39.689932],[67.333434,39.689823],[67.33352,39.689779],[67.333648,39.689925],[67.333793,39.690085],[67.335527,39.692002],[67.33492,39.692315]]]}},{"type":"Feature","id":436,"properties":{},"geometry":{"type":"Polygon","coordinates":[[[67.228743,39.695071],[67.228645,39.695111],[67.228594,39.695139],[67.228523,39.695168],[67.228381,39.695218],[67.228276,39.695277],[67.228085,39.695342],[67.227938,39.695396],[67.227807,39.695446],[67.227704,39.695489],[67.227546,39.695549],[67.22737,39.695621],[67.227055,39.695749],[67.227032,39.69569],[67.226803,39.695621],[67.226176,39.695441],[67.226102,39.695424],[67.225983,39.695398],[67.225764,39.695345],[67.225681,39.695325],[67.225486,39.69528],[67.225332,39.695242],[67.225141,39.695183],[67.224899,39.695105],[67.224699,39.695041],[67.224323,39.694904],[67.224318,39.694916],[67.224296,39.694908],[67.224389,39.69485],[67.225177,39.694357],[67.225729,39.693874],[67.228743,39.695071]]]}},{"type":"Feature","id":437,"properties":{},"geometry":{"type":"Polygon","coordinates":[[[67.226404,39.697069],[67.226317,39.697057],[67.2263,39.697103],[67.226275,39.69717],[67.225951,39.697097],[67.225873,39.69708],[67.225833,39.697071],[67.225827,39.697069],[67.225654,39.697004],[67.225328,39.696888],[67.225117,39.696818],[67.224928,39.696749],[67.224663,39.696656],[67.224398,39.696553],[67.224195,39.69647],[67.224016,39.696391],[67.223912,39.696354],[67.2239,39.69635],[67.223827,39.696324],[67.223712,39.696284],[67.223568,39.696258],[67.22399,39.695546],[67.224263,39.695036],[67.224226,39.695019],[67.224231,39.695006],[67.224226,39.694972],[67.224203,39.69493],[67.224209,39.694891],[67.224235,39.6949],[67.224285,39.694915],[67.224296,39.694908],[67.224318,39.694916],[67.224323,39.694904],[67.224699,39.695041],[67.224899,39.695105],[67.225141,39.695183],[67.225332,39.695242],[67.225486,39.69528],[67.225681,39.695325],[67.225764,39.695345],[67.225983,39.695398],[67.226102,39.695424],[67.226176,39.695441],[67.226803,39.695621],[67.227032,39.69569],[67.227055,39.695749],[67.22706,39.695763],[67.227083,39.695829],[67.226992,39.695987],[67.22682,39.696181],[67.226575,39.696479],[67.226563,39.696513],[67.226551,39.696548],[67.226514,39.696654],[67.226481,39.696778],[67.226458,39.696892],[67.226432,39.696984],[67.226417,39.697039],[67.226404,39.697069]]]}},{"type":"Feature","id":438,"properties":{},"geometry":{"type":"Polygon","coordinates":[[[67.228743,39.695071],[67.228764,39.69508],[67.228817,39.695101],[67.228894,39.695153],[67.228763,39.695592],[67.228813,39.695599],[67.228727,39.69594],[67.228595,39.696364],[67.228392,39.696939],[67.227938,39.69694],[67.227605,39.696973],[67.227544,39.696979],[67.227424,39.69699],[67.226777,39.697118],[67.226404,39.697069],[67.226417,39.697039],[67.226432,39.696984],[67.226458,39.696892],[67.226481,39.696778],[67.226514,39.696654],[67.226551,39.696548],[67.226563,39.696513],[67.226575,39.696479],[67.22682,39.696181],[67.226992,39.695987],[67.227083,39.695829],[67.22706,39.695763],[67.227055,39.695749],[67.22737,39.695621],[67.227546,39.695549],[67.227704,39.695489],[67.227807,39.695446],[67.227938,39.695396],[67.228085,39.695342],[67.228276,39.695277],[67.228381,39.695218],[67.228523,39.695168],[67.228594,39.695139],[67.228645,39.695111],[67.228743,39.695071]]]}},{"type":"Feature","id":439,"properties":{},"geometry":{"type":"Polygon","coordinates":[[[67.232262,39.689093],[67.230302,39.690661],[67.229344,39.69027],[67.229742,39.689108],[67.2304,39.688682],[67.232249,39.688634],[67.232262,39.689093]]]}},{"type":"Feature","id":440,"properties":{},"geometry":{"type":"Polygon","coordinates":[[[67.295544,39.614145],[67.295874,39.614241],[67.297068,39.614555],[67.297072,39.614555],[67.297072,39.614558],[67.297166,39.614568],[67.297172,39.614569],[67.297345,39.614617],[67.297546,39.614673],[67.29754,39.614752],[67.297553,39.615184],[67.297231,39.61524],[67.296103,39.615459],[67.295513,39.61553],[67.295112,39.615582],[67.294603,39.615648],[67.294548,39.615662],[67.294546,39.615662],[67.294479,39.615672],[67.294466,39.615685],[67.294464,39.615686],[67.294368,39.615523],[67.295056,39.614007],[67.295092,39.614016],[67.295253,39.614067],[67.295429,39.614117],[67.295544,39.614145]]]}},{"type":"Feature","id":441,"properties":{},"geometry":{"type":"Polygon","coordinates":[[[67.362385,39.580136],[67.362784,39.580686],[67.363275,39.581362],[67.364196,39.582637],[67.364255,39.582721],[67.364267,39.582737],[67.364288,39.582779],[67.364301,39.582808],[67.364132,39.582818],[67.363993,39.582838],[67.362875,39.582996],[67.362836,39.583001],[67.362836,39.583001],[67.361009,39.583251],[67.360612,39.583305],[67.360343,39.583341],[67.360113,39.583372],[67.36018,39.582867],[67.360311,39.582264],[67.36049,39.581398],[67.360624,39.580681],[67.360704,39.580201],[67.361315,39.579977],[67.362042,39.579708],[67.362065,39.5797],[67.362385,39.580136]]]}},{"type":"Feature","id":442,"properties":{},"geometry":{"type":"Polygon","coordinates":[[[67.284757,39.619647],[67.284812,39.619821],[67.284858,39.619968],[67.285229,39.621145],[67.285183,39.62115],[67.285138,39.621155],[67.283432,39.621362],[67.283416,39.621516],[67.283312,39.621728],[67.283067,39.622187],[67.282851,39.622673],[67.282737,39.622948],[67.282562,39.623053],[67.282476,39.623255],[67.282379,39.623255],[67.282619,39.622635],[67.283558,39.620503],[67.283571,39.620447],[67.283696,39.620322],[67.283757,39.620265],[67.284072,39.619971],[67.284611,39.619473],[67.284681,39.619405],[67.284757,39.619647]]]}},{"type":"Feature","id":443,"properties":{},"geometry":{"type":"Polygon","coordinates":[[[67.287157,39.632384],[67.285471,39.63345],[67.285469,39.633451],[67.285364,39.633281],[67.285334,39.633233],[67.285293,39.633155],[67.28503,39.632648],[67.284931,39.632487],[67.284823,39.632306],[67.28497,39.632212],[67.285276,39.632019],[67.285696,39.631754],[67.286206,39.631444],[67.286673,39.63189],[67.286827,39.632046],[67.287157,39.632384]]]}},{"type":"Feature","id":444,"properties":{},"geometry":{"type":"Polygon","coordinates":[[[67.286419,39.629069],[67.286571,39.629183],[67.286663,39.629252],[67.287108,39.629586],[67.287156,39.629626],[67.287093,39.629672],[67.286589,39.630004],[67.284425,39.631474],[67.284144,39.631004],[67.284021,39.630741],[67.284093,39.630682],[67.284881,39.630128],[67.285713,39.629555],[67.285957,39.629387],[67.286419,39.629069]]]}},{"type":"Feature","id":445,"properties":{},"geometry":{"type":"Polygon","coordinates":[[[67.300211,39.690277],[67.300131,39.690434],[67.299973,39.690703],[67.299557,39.69114],[67.299114,39.69158],[67.298548,39.692117],[67.298165,39.691882],[67.297309,39.691363],[67.299204,39.689665],[67.299205,39.689665],[67.300211,39.690277]]]}},{"type":"Feature","id":446,"properties":{},"geometry":{"type":"Polygon","coordinates":[[[67.296791,39.691294],[67.294317,39.693746],[67.294356,39.693819],[67.294428,39.693952],[67.294343,39.694015],[67.294171,39.694142],[67.294168,39.694104],[67.294164,39.694033],[67.294083,39.693882],[67.293945,39.693629],[67.293895,39.693536],[67.293732,39.693293],[67.293677,39.693203],[67.293661,39.693184],[67.293638,39.693127],[67.293658,39.693089],[67.293676,39.693013],[67.293678,39.692979],[67.293815,39.692817],[67.293844,39.692785],[67.293815,39.692776],[67.293766,39.692762],[67.294183,39.692267],[67.294253,39.692185],[67.295384,39.690991],[67.2957,39.690683],[67.296791,39.691294]]]}},{"type":"Feature","id":447,"properties":{},"geometry":{"type":"Polygon","coordinates":[[[67.299322,39.688406],[67.299692,39.688516],[67.300064,39.688572],[67.300414,39.688602],[67.300868,39.688604],[67.301003,39.688602],[67.30098,39.688656],[67.300613,39.68943],[67.300553,39.689556],[67.300406,39.689867],[67.300211,39.690277],[67.299205,39.689665],[67.299204,39.689665],[67.299154,39.689635],[67.298502,39.689238],[67.299036,39.688696],[67.29907,39.688662],[67.299322,39.688406]]]}},{"type":"Feature","id":448,"properties":{},"geometry":{"type":"Polygon","coordinates":[[[67.22653,39.698302],[67.226588,39.698315],[67.22755,39.698282],[67.228581,39.698319],[67.228809,39.699545],[67.228822,39.699613],[67.228608,39.699623],[67.228536,39.699623],[67.228383,39.699627],[67.227485,39.699649],[67.227059,39.699646],[67.226408,39.699609],[67.226322,39.699608],[67.226181,39.699606],[67.226182,39.699376],[67.226212,39.69925],[67.226224,39.699197],[67.226363,39.699061],[67.226405,39.698874],[67.226487,39.698504],[67.22653,39.698302]]]}},{"type":"Feature","id":449,"properties":{},"geometry":{"type":"Polygon","coordinates":[[[67.231214,39.69828],[67.231343,39.698818],[67.231406,39.69908],[67.231421,39.699141],[67.231001,39.699172],[67.231055,39.699473],[67.230893,39.699484],[67.230755,39.699494],[67.229173,39.699608],[67.228967,39.699623],[67.228908,39.699623],[67.228905,39.69961],[67.228669,39.698338],[67.228653,39.698251],[67.228712,39.698264],[67.228544,39.697322],[67.228554,39.697321],[67.230134,39.697174],[67.230979,39.697099],[67.230973,39.697333],[67.231003,39.69763],[67.231214,39.69828]]]}},{"type":"Feature","id":450,"properties":{},"geometry":{"type":"Polygon","coordinates":[[[67.226181,39.699606],[67.225686,39.69961],[67.225305,39.699614],[67.226662,39.697363],[67.226671,39.697367],[67.226674,39.697668],[67.226604,39.697871],[67.22656,39.698121],[67.226551,39.698176],[67.22653,39.698302],[67.226487,39.698504],[67.226405,39.698874],[67.226363,39.699061],[67.226224,39.699197],[67.226212,39.69925],[67.226182,39.699376],[67.226181,39.699606]]]}},{"type":"Feature","id":451,"properties":{},"geometry":{"type":"Polygon","coordinates":[[[67.323023,39.58508],[67.323023,39.58508],[67.323019,39.585074],[67.323004,39.585048],[67.322992,39.585026],[67.322979,39.585005],[67.322948,39.584952],[67.322936,39.58493],[67.322924,39.58491],[67.322893,39.584857],[67.3231,39.584759],[67.324347,39.584166],[67.325313,39.583719],[67.325338,39.583703],[67.325465,39.58376],[67.325598,39.58382],[67.325949,39.583977],[67.325958,39.583981],[67.326488,39.584238],[67.326732,39.584356],[67.327026,39.584498],[67.327538,39.584747],[67.327603,39.584778],[67.324627,39.586099],[67.324247,39.586262],[67.323873,39.586421],[67.323873,39.586421],[67.323472,39.585854],[67.323023,39.58508]]]}},{"type":"Feature","id":452,"properties":{},"geometry":{"type":"Polygon","coordinates":[[[67.305572,39.698191],[67.305678,39.698206],[67.306299,39.698297],[67.306249,39.698555],[67.306009,39.699767],[67.305959,39.700037],[67.305946,39.700116],[67.305915,39.700155],[67.304499,39.699928],[67.304509,39.699874],[67.304516,39.699836],[67.304534,39.699753],[67.304739,39.698727],[67.304687,39.698703],[67.304662,39.698677],[67.304602,39.698616],[67.304715,39.69807],[67.305572,39.698191]]]}},{"type":"Feature","id":453,"properties":{},"geometry":{"type":"Polygon","coordinates":[[[67.301913,39.697548],[67.302505,39.697628],[67.302564,39.697654],[67.30259,39.697692],[67.302519,39.697954],[67.302427,39.69817],[67.302151,39.698908],[67.302057,39.699158],[67.301954,39.699403],[67.301643,39.69997],[67.301478,39.700306],[67.301367,39.700546],[67.300145,39.700287],[67.300165,39.700231],[67.300197,39.700157],[67.301346,39.697521],[67.301483,39.697519],[67.301913,39.697548]]]}},{"type":"Feature","id":454,"properties":{},"geometry":{"type":"Polygon","coordinates":[[[67.351486,39.574416],[67.348594,39.575843],[67.348541,39.575794],[67.348486,39.575742],[67.347881,39.574935],[67.347147,39.573978],[67.347124,39.573986],[67.346663,39.573313],[67.346678,39.573304],[67.346674,39.573295],[67.348406,39.572505],[67.349524,39.573964],[67.349539,39.57397],[67.350717,39.573416],[67.351403,39.57309],[67.352309,39.572681],[67.352379,39.572661],[67.352653,39.572533],[67.352864,39.57241],[67.353221,39.572238],[67.353891,39.571951],[67.354723,39.572913],[67.354046,39.573221],[67.351486,39.574416]]]}},{"type":"Feature","id":455,"properties":{},"geometry":{"type":"Polygon","coordinates":[[[67.282022,39.597228],[67.282275,39.597256],[67.282512,39.597285],[67.282846,39.59732],[67.282922,39.597329],[67.283288,39.597341],[67.283669,39.597358],[67.283944,39.597377],[67.284264,39.597399],[67.284391,39.597404],[67.2844,39.597405],[67.284462,39.597414],[67.284531,39.597419],[67.284544,39.597421],[67.284487,39.597493],[67.283847,39.598266],[67.283611,39.59855],[67.282939,39.598228],[67.282925,39.598218],[67.281808,39.597204],[67.282022,39.597228]]]}},{"type":"Feature","id":456,"properties":{},"geometry":{"type":"Polygon","coordinates":[[[67.292746,39.6007],[67.292749,39.6007],[67.292751,39.600709],[67.292853,39.600702],[67.292855,39.600702],[67.292904,39.600707],[67.293016,39.600736],[67.292929,39.600886],[67.292856,39.600985],[67.292816,39.601081],[67.292815,39.601126],[67.292813,39.601223],[67.292817,39.60129],[67.292858,39.601578],[67.292933,39.601934],[67.292931,39.601934],[67.29291,39.601934],[67.292848,39.601945],[67.292795,39.601954],[67.292773,39.601957],[67.292714,39.602005],[67.292713,39.602007],[67.292708,39.60201],[67.292705,39.602043],[67.292701,39.60206],[67.292687,39.602181],[67.292661,39.602189],[67.292395,39.60226],[67.291825,39.602396],[67.291825,39.602396],[67.2918,39.602402],[67.291628,39.602441],[67.291509,39.602468],[67.291255,39.602527],[67.29076,39.602641],[67.289864,39.602857],[67.289737,39.60289],[67.289707,39.602898],[67.288734,39.603136],[67.288404,39.603216],[67.287768,39.603369],[67.287722,39.603441],[67.287593,39.603476],[67.287592,39.603476],[67.287537,39.603491],[67.287381,39.603532],[67.286628,39.601844],[67.286545,39.601858],[67.2863,39.601898],[67.286036,39.601942],[67.286097,39.602084],[67.286552,39.603038],[67.286835,39.603631],[67.286834,39.603631],[67.286551,39.603038],[67.286096,39.602084],[67.286034,39.601941],[67.286298,39.601898],[67.286544,39.601857],[67.286966,39.601788],[67.287967,39.601644],[67.289076,39.601431],[67.289076,39.601432],[67.289084,39.60143],[67.289085,39.60143],[67.289171,39.601413],[67.289563,39.601338],[67.289839,39.601279],[67.290018,39.601241],[67.290123,39.601218],[67.290124,39.601218],[67.290127,39.601217],[67.290127,39.601217],[67.290403,39.601158],[67.290511,39.601134],[67.290782,39.601074],[67.291336,39.60095],[67.292014,39.600802],[67.292361,39.600744],[67.292444,39.600737],[67.292746,39.6007]]]}},{"type":"Feature","id":457,"properties":{},"geometry":{"type":"Polygon","coordinates":[[[67.234311,39.821256],[67.234155,39.822438],[67.233962,39.822411],[67.23371,39.822377],[67.232922,39.822308],[67.232455,39.82229],[67.231481,39.822223],[67.23143,39.822219],[67.231349,39.822199],[67.23134,39.822149],[67.231395,39.821643],[67.231437,39.821018],[67.234311,39.821256]]]}},{"type":"Feature","id":458,"properties":{},"geometry":{"type":"Polygon","coordinates":[[[67.367068,39.671976],[67.364946,39.672372],[67.364861,39.672387],[67.36486,39.672385],[67.364791,39.672109],[67.364725,39.671728],[67.364682,39.671477],[67.364624,39.671426],[67.364601,39.671425],[67.364558,39.671419],[67.364452,39.671417],[67.364397,39.671414],[67.36424,39.671441],[67.364269,39.671361],[67.364343,39.671153],[67.364343,39.671152],[67.364344,39.671151],[67.364392,39.670938],[67.364392,39.670936],[67.364399,39.670889],[67.364411,39.670815],[67.364373,39.670403],[67.364373,39.670387],[67.364354,39.669823],[67.364352,39.669667],[67.364346,39.669214],[67.364336,39.668721],[67.36441,39.668338],[67.364469,39.668174],[67.364525,39.668016],[67.364657,39.667696],[67.364662,39.66769],[67.364855,39.667496],[67.364862,39.667491],[67.364911,39.667475],[67.36496,39.667446],[67.364999,39.667396],[67.36505,39.667299],[67.365162,39.667111],[67.365252,39.667421],[67.365293,39.667543],[67.365596,39.668511],[67.365755,39.669018],[67.365921,39.669374],[67.366068,39.669691],[67.366278,39.670203],[67.366684,39.67109],[67.366827,39.671409],[67.367068,39.671976]]]}},{"type":"Feature","id":459,"properties":{},"geometry":{"type":"Polygon","coordinates":[[[67.345447,39.588782],[67.345476,39.588878],[67.345612,39.589327],[67.345733,39.589778],[67.345766,39.589902],[67.345843,39.590145],[67.345804,39.590161],[67.345803,39.590161],[67.344489,39.590684],[67.344476,39.590689],[67.344288,39.590759],[67.34378,39.590949],[67.34336,39.591102],[67.343004,39.591231],[67.343004,39.591231],[67.343004,39.591231],[67.342932,39.591116],[67.34254,39.590487],[67.34254,39.590487],[67.34252,39.590455],[67.342469,39.590372],[67.342396,39.590255],[67.342366,39.590205],[67.342339,39.590162],[67.342105,39.589795],[67.34176,39.589252],[67.341758,39.589249],[67.342339,39.590162],[67.343802,39.589505],[67.343899,39.589462],[67.345095,39.588932],[67.345447,39.588782]]]}},{"type":"Feature","id":460,"properties":{},"geometry":{"type":"Polygon","coordinates":[[[67.224679,39.635722],[67.224681,39.63572],[67.225272,39.635525],[67.22584,39.635375],[67.226491,39.635212],[67.228197,39.636841],[67.226914,39.637659],[67.226792,39.637712],[67.226791,39.637715],[67.226789,39.637712],[67.226439,39.637365],[67.225909,39.63687],[67.225427,39.636416],[67.225167,39.636181],[67.224952,39.635985],[67.224679,39.635722]]]}},{"type":"Feature","id":461,"properties":{},"geometry":{"type":"Polygon","coordinates":[[[67.221686,39.776934],[67.221886,39.777167],[67.222055,39.777315],[67.222172,39.777417],[67.222232,39.7775],[67.222316,39.777584],[67.22244,39.777697],[67.222559,39.777811],[67.222411,39.777878],[67.222297,39.777929],[67.222293,39.777932],[67.222291,39.777932],[67.222178,39.778002],[67.222027,39.778098],[67.221911,39.777975],[67.221801,39.777858],[67.221666,39.777754],[67.221589,39.777695],[67.221527,39.777647],[67.221229,39.777353],[67.22108,39.777175],[67.220996,39.777071],[67.220954,39.777004],[67.220932,39.776937],[67.220875,39.776896],[67.220789,39.776908],[67.220682,39.776971],[67.220547,39.777071],[67.220473,39.777134],[67.218214,39.774983],[67.218136,39.774901],[67.218103,39.774876],[67.218082,39.774856],[67.218064,39.774819],[67.218175,39.774774],[67.218551,39.77462],[67.218555,39.774618],[67.218558,39.774617],[67.21858,39.774607],[67.21887,39.774486],[67.219283,39.774263],[67.219427,39.774161],[67.219483,39.774194],[67.219644,39.774325],[67.219815,39.774491],[67.219982,39.774654],[67.220367,39.775037],[67.220724,39.775431],[67.220889,39.775561],[67.22096,39.775627],[67.221035,39.775672],[67.221096,39.775712],[67.221157,39.775763],[67.22124,39.775875],[67.221364,39.776004],[67.22147,39.77611],[67.221584,39.776204],[67.221657,39.776289],[67.221661,39.776357],[67.221602,39.776417],[67.221511,39.776487],[67.221369,39.776613],[67.221391,39.776658],[67.221433,39.776696],[67.221512,39.77677],[67.221686,39.776934]]]}},{"type":"Feature","id":462,"properties":{},"geometry":{"type":"Polygon","coordinates":[[[67.242476,39.643485],[67.243048,39.643637],[67.243516,39.643774],[67.242976,39.644735],[67.242236,39.646128],[67.241878,39.646018],[67.240962,39.64576],[67.239873,39.645459],[67.239928,39.645389],[67.239935,39.645381],[67.23995,39.645362],[67.240068,39.645213],[67.240174,39.645071],[67.240321,39.644881],[67.2404,39.644772],[67.24043,39.64473],[67.240517,39.644614],[67.240542,39.644576],[67.240589,39.64451],[67.240725,39.644292],[67.240774,39.644212],[67.240911,39.643999],[67.241318,39.643379],[67.241414,39.643205],[67.241424,39.643187],[67.241433,39.643172],[67.242476,39.643485]]]}},{"type":"Feature","id":463,"properties":{},"geometry":{"type":"Polygon","coordinates":[[[67.241071,39.646921],[67.241354,39.647001],[67.240512,39.647618],[67.240114,39.647938],[67.240091,39.647954],[67.239973,39.648049],[67.23986,39.648126],[67.239761,39.64821],[67.239511,39.648409],[67.239317,39.648567],[67.239248,39.648626],[67.239122,39.648718],[67.239042,39.648775],[67.238882,39.648906],[67.238659,39.64906],[67.23859,39.649124],[67.236898,39.648588],[67.236931,39.648557],[67.237842,39.647713],[67.238338,39.647249],[67.238436,39.647151],[67.238593,39.646999],[67.238634,39.646953],[67.238663,39.646923],[67.238744,39.646829],[67.238932,39.64662],[67.239099,39.646417],[67.239173,39.646332],[67.241071,39.646921]]]}},{"type":"Feature","id":464,"properties":{},"geometry":{"type":"Polygon","coordinates":[[[67.242356,39.6416],[67.242374,39.641569],[67.242566,39.641256],[67.242617,39.641186],[67.242652,39.641116],[67.242668,39.64109],[67.242896,39.640632],[67.243039,39.640345],[67.243058,39.640281],[67.243073,39.640231],[67.243077,39.640215],[67.243079,39.640209],[67.243083,39.640198],[67.243431,39.640291],[67.243857,39.640418],[67.244273,39.640512],[67.24444,39.64055],[67.244724,39.64063],[67.244999,39.640723],[67.245051,39.640732],[67.245042,39.64075],[67.244942,39.640957],[67.244455,39.641952],[67.244348,39.642168],[67.244328,39.642205],[67.244289,39.642185],[67.244231,39.642175],[67.242356,39.6416]]]}},{"type":"Feature","id":465,"properties":{},"geometry":{"type":"Polygon","coordinates":[[[67.344707,39.577675],[67.344671,39.577692],[67.342709,39.578672],[67.343536,39.579741],[67.3436,39.579758],[67.343946,39.580198],[67.343651,39.580366],[67.343611,39.580398],[67.342513,39.580902],[67.341602,39.581302],[67.341595,39.581293],[67.339415,39.578323],[67.33939,39.578288],[67.342546,39.576551],[67.34259,39.576597],[67.342897,39.576966],[67.342922,39.576997],[67.343279,39.576804],[67.343714,39.577331],[67.344244,39.577036],[67.344707,39.577675]]]}},{"type":"Feature","id":466,"properties":{},"geometry":{"type":"Polygon","coordinates":[[[67.349865,39.785547],[67.349862,39.78555],[67.349865,39.785551],[67.349406,39.785677],[67.349388,39.785681],[67.348799,39.785294],[67.34803,39.78479],[67.348082,39.784751],[67.348164,39.784689],[67.348332,39.784562],[67.348761,39.784814],[67.349084,39.785017],[67.349591,39.78541],[67.349757,39.785499],[67.349865,39.785547]]]}},{"type":"Feature","id":467,"properties":{},"geometry":{"type":"Polygon","coordinates":[[[67.348332,39.784562],[67.348164,39.784689],[67.348082,39.784751],[67.34803,39.78479],[67.348028,39.784789],[67.347256,39.784274],[67.347162,39.784213],[67.346618,39.783865],[67.346604,39.783857],[67.346911,39.783563],[67.347161,39.783737],[67.347768,39.784174],[67.348172,39.784455],[67.348332,39.784562]]]}},{"type":"Feature","id":468,"properties":{},"geometry":{"type":"Polygon","coordinates":[[[67.333119,39.577136],[67.329433,39.579129],[67.329356,39.579029],[67.329215,39.578819],[67.328826,39.57814],[67.328628,39.57773],[67.3284,39.577259],[67.328881,39.577089],[67.329099,39.577011],[67.329912,39.576723],[67.32997,39.576703],[67.331016,39.576363],[67.331257,39.576288],[67.33222,39.575984],[67.332259,39.575979],[67.333119,39.577136]]]}},{"type":"Feature","id":469,"properties":{},"geometry":{"type":"Polygon","coordinates":[[[67.288221,39.656869],[67.28785,39.656955],[67.287214,39.657096],[67.286741,39.657225],[67.286013,39.657408],[67.285762,39.657494],[67.285692,39.657493],[67.285633,39.656816],[67.285606,39.656613],[67.285603,39.6565],[67.285523,39.656307],[67.285507,39.656269],[67.285491,39.65623],[67.285493,39.656229],[67.285506,39.656224],[67.285461,39.656116],[67.285451,39.656087],[67.287826,39.655461],[67.287932,39.655681],[67.287949,39.655714],[67.287965,39.655748],[67.287957,39.655751],[67.288049,39.655943],[67.288079,39.656006],[67.288101,39.656051],[67.288051,39.656156],[67.288074,39.656362],[67.28811,39.656488],[67.288221,39.656868],[67.288221,39.656869]]]}},{"type":"Feature","id":470,"properties":{},"geometry":{"type":"Polygon","coordinates":[[[67.256844,39.658746],[67.256774,39.65877],[67.256774,39.65877],[67.256751,39.658778],[67.256632,39.658815],[67.25656,39.658837],[67.25656,39.658837],[67.256506,39.658854],[67.256336,39.658907],[67.255988,39.659015],[67.25555,39.659151],[67.255317,39.659226],[67.255203,39.659262],[67.25498,39.659332],[67.254753,39.659404],[67.254549,39.659463],[67.254493,39.659481],[67.253297,39.659839],[67.253297,39.659839],[67.253184,39.6599],[67.253069,39.659802],[67.253069,39.659802],[67.252914,39.659669],[67.253289,39.659311],[67.253638,39.658978],[67.254012,39.658617],[67.254368,39.658298],[67.254368,39.658298],[67.254425,39.658247],[67.254583,39.658102],[67.254585,39.6581],[67.254591,39.658095],[67.254591,39.658095],[67.254601,39.658086],[67.254625,39.658064],[67.254885,39.657809],[67.255244,39.657487],[67.255396,39.657348],[67.25551,39.657245],[67.255636,39.657144],[67.255636,39.657144],[67.255867,39.656985],[67.256175,39.656777],[67.256301,39.656684],[67.256385,39.656622],[67.256385,39.656622],[67.256433,39.656587],[67.256438,39.656583],[67.256487,39.656699],[67.256506,39.656814],[67.256519,39.656939],[67.256539,39.657209],[67.256562,39.657357],[67.256565,39.657357],[67.256565,39.657357],[67.256596,39.657493],[67.256596,39.657493],[67.256614,39.657572],[67.256614,39.657572],[67.256682,39.657882],[67.2567,39.657962],[67.256733,39.658106],[67.256764,39.65838],[67.256772,39.658443],[67.256786,39.658556],[67.256793,39.658579],[67.256802,39.658607],[67.256828,39.658695],[67.256844,39.658746]]]}},{"type":"Feature","id":471,"properties":{},"geometry":{"type":"Polygon","coordinates":[[[67.296809,39.611397],[67.296809,39.611398],[67.297568,39.612011],[67.298501,39.612829],[67.299289,39.613422],[67.299139,39.613618],[67.298611,39.613496],[67.297753,39.613302],[67.296932,39.613167],[67.294491,39.612587],[67.295218,39.612155],[67.295998,39.611726],[67.296391,39.61157],[67.296809,39.611397]]]}},{"type":"Feature","id":472,"properties":{},"geometry":{"type":"Polygon","coordinates":[[[67.296809,39.611397],[67.296391,39.61157],[67.295998,39.611726],[67.294879,39.610801],[67.294746,39.610726],[67.294746,39.610726],[67.295161,39.610333],[67.295637,39.609885],[67.295676,39.60985],[67.296981,39.610918],[67.297185,39.611084],[67.296786,39.611359],[67.296809,39.611397]]]}},{"type":"Feature","id":473,"properties":{},"geometry":{"type":"Polygon","coordinates":[[[67.258271,39.624704],[67.258696,39.625136],[67.25907,39.625551],[67.258999,39.625604],[67.258699,39.625829],[67.258611,39.625896],[67.258564,39.625931],[67.258426,39.626034],[67.257834,39.625571],[67.257818,39.625554],[67.257813,39.625519],[67.257801,39.625454],[67.257782,39.625351],[67.257768,39.625347],[67.257756,39.625344],[67.257759,39.62529],[67.257765,39.625209],[67.257769,39.625158],[67.257729,39.624587],[67.257736,39.624232],[67.258271,39.624704]]]}},{"type":"Feature","id":474,"properties":{},"geometry":{"type":"Polygon","coordinates":[[[67.260236,39.621631],[67.260002,39.621809],[67.26013,39.621947],[67.259902,39.622071],[67.259598,39.622249],[67.259279,39.621976],[67.259471,39.621801],[67.259748,39.62144],[67.25988,39.621312],[67.259898,39.6213],[67.260088,39.621471],[67.260236,39.621631]]]}},{"type":"Feature","id":475,"properties":{},"geometry":{"type":"Polygon","coordinates":[[[67.260726,39.624364],[67.259728,39.624975],[67.259696,39.624942],[67.259695,39.624942],[67.259081,39.624319],[67.259339,39.624079],[67.259683,39.623845],[67.260021,39.623639],[67.260443,39.623389],[67.260999,39.623951],[67.261153,39.624111],[67.261125,39.624119],[67.260726,39.624364]]]}},{"type":"Feature","id":476,"properties":{},"geometry":{"type":"Polygon","coordinates":[[[67.264958,39.621673],[67.265301,39.622086],[67.265367,39.622064],[67.266184,39.62167],[67.266563,39.622086],[67.266507,39.622105],[67.26628,39.622196],[67.265151,39.622733],[67.264621,39.622992],[67.264075,39.623255],[67.263964,39.623314],[67.263948,39.623322],[67.263573,39.623514],[67.263511,39.623546],[67.263466,39.623569],[67.263417,39.623593],[67.263375,39.623613],[67.263154,39.623724],[67.262748,39.6233],[67.262654,39.623347],[67.262415,39.623466],[67.262312,39.623518],[67.262346,39.623554],[67.262384,39.623593],[67.262398,39.623608],[67.262402,39.623613],[67.262428,39.62364],[67.262447,39.62366],[67.262456,39.623669],[67.262708,39.623923],[67.262731,39.623949],[67.262617,39.623992],[67.262587,39.624013],[67.262562,39.624031],[67.262492,39.623977],[67.262388,39.623894],[67.26215,39.623675],[67.261906,39.623446],[67.261757,39.623302],[67.261683,39.62323],[67.261717,39.623209],[67.261925,39.62311],[67.261935,39.623123],[67.262125,39.623322],[67.262207,39.623408],[67.262241,39.623444],[67.262262,39.623466],[67.262271,39.623475],[67.262336,39.623443],[67.262967,39.623132],[67.262959,39.623123],[67.262927,39.623085],[67.262807,39.62294],[67.262662,39.622764],[67.2629,39.622647],[67.262973,39.622613],[67.263315,39.622451],[67.263497,39.622365],[67.263649,39.622294],[67.263836,39.622204],[67.264431,39.62192],[67.264552,39.621863],[67.264671,39.621807],[67.264958,39.621673]]]}},{"type":"Feature","id":477,"properties":{},"geometry":{"type":"Polygon","coordinates":[[[67.262562,39.624031],[67.2625,39.624074],[67.262461,39.6241],[67.262437,39.624116],[67.262412,39.624132],[67.262156,39.62429],[67.261684,39.624581],[67.261646,39.624605],[67.261561,39.62452],[67.261434,39.624393],[67.261381,39.624339],[67.261214,39.624174],[67.260999,39.623951],[67.260443,39.623389],[67.260464,39.623377],[67.26136,39.622879],[67.261363,39.622878],[67.26137,39.622897],[67.261383,39.622928],[67.261406,39.622958],[67.261458,39.623011],[67.261599,39.623148],[67.261683,39.62323],[67.261757,39.623302],[67.261906,39.623446],[67.26215,39.623675],[67.262388,39.623894],[67.262492,39.623977],[67.262562,39.624031]]]}},{"type":"Feature","id":478,"properties":{},"geometry":{"type":"Polygon","coordinates":[[[67.260849,39.620719],[67.260851,39.620721],[67.261072,39.620967],[67.261316,39.621249],[67.261593,39.621573],[67.261999,39.622028],[67.261852,39.622095],[67.261787,39.622107],[67.261345,39.621607],[67.260744,39.6219],[67.260626,39.621958],[67.260618,39.621949],[67.260287,39.621593],[67.260236,39.621631],[67.260088,39.621471],[67.259898,39.6213],[67.260094,39.621172],[67.260059,39.62114],[67.260149,39.621052],[67.260287,39.620979],[67.260606,39.620826],[67.260849,39.620719]]]}},{"type":"Feature","id":479,"properties":{},"geometry":{"type":"Polygon","coordinates":[[[67.264958,39.621673],[67.264671,39.621807],[67.264552,39.621863],[67.264431,39.62192],[67.263836,39.622204],[67.263649,39.622294],[67.263497,39.622365],[67.263315,39.622451],[67.262973,39.622613],[67.2629,39.622647],[67.26319,39.622505],[67.263215,39.622493],[67.263199,39.622472],[67.262933,39.622137],[67.263173,39.622021],[67.263297,39.621962],[67.263959,39.621654],[67.263959,39.621654],[67.264914,39.621216],[67.265552,39.620948],[67.265558,39.620944],[67.265801,39.621271],[67.265064,39.621603],[67.26499,39.621637],[67.264945,39.621658],[67.264958,39.621673]]]}},{"type":"Feature","id":480,"properties":{},"geometry":{"type":"Polygon","coordinates":[[[67.315763,39.588607],[67.315788,39.588692],[67.315917,39.589227],[67.315927,39.589261],[67.315944,39.589304],[67.31297,39.590408],[67.312948,39.590354],[67.31263,39.589665],[67.313744,39.589257],[67.314794,39.58888],[67.315742,39.588545],[67.315763,39.588607]]]}},{"type":"Feature","id":481,"properties":{},"geometry":{"type":"Polygon","coordinates":[[[67.282132,39.654688],[67.282026,39.65473],[67.281909,39.65477],[67.281718,39.654852],[67.281412,39.654981],[67.281099,39.655119],[67.280866,39.655226],[67.280637,39.655308],[67.280467,39.654792],[67.280358,39.654502],[67.280264,39.654263],[67.280184,39.654124],[67.280054,39.653907],[67.279865,39.653593],[67.279815,39.653543],[67.279817,39.653542],[67.279817,39.653542],[67.28022,39.653389],[67.280875,39.653128],[67.28114,39.653012],[67.281189,39.652994],[67.282132,39.654688]]]}},{"type":"Feature","id":482,"properties":{},"geometry":{"type":"Polygon","coordinates":[[[67.279817,39.653542],[67.279815,39.653543],[67.27962,39.653229],[67.279091,39.652328],[67.278536,39.65132],[67.278292,39.650903],[67.278295,39.650902],[67.278295,39.650902],[67.278482,39.650825],[67.2786,39.650777],[67.27874,39.650721],[67.278955,39.650633],[67.27911,39.650571],[67.279572,39.650383],[67.279634,39.65048],[67.27979,39.650722],[67.280231,39.651445],[67.280536,39.6519],[67.280649,39.652078],[67.280003,39.652329],[67.279265,39.652619],[67.279376,39.652809],[67.279622,39.653228],[67.279817,39.653542]]]}},{"type":"Feature","id":483,"properties":{},"geometry":{"type":"Polygon","coordinates":[[[67.280802,39.655957],[67.280543,39.656064],[67.280185,39.656219],[67.279728,39.655509],[67.279686,39.65544],[67.278353,39.653352],[67.278308,39.653282],[67.278277,39.653235],[67.278158,39.65304],[67.277834,39.652532],[67.277619,39.652193],[67.277379,39.65182],[67.277078,39.651345],[67.27711,39.651332],[67.277138,39.65132],[67.278174,39.650886],[67.278244,39.650856],[67.278292,39.650903],[67.278536,39.65132],[67.279091,39.652328],[67.27962,39.653229],[67.279815,39.653543],[67.279865,39.653593],[67.280054,39.653907],[67.280184,39.654124],[67.280264,39.654263],[67.280358,39.654502],[67.280467,39.654792],[67.280637,39.655308],[67.280752,39.655717],[67.280782,39.65586],[67.280802,39.655957]]]}},{"type":"Feature","id":484,"properties":{},"geometry":{"type":"Polygon","coordinates":[[[67.369521,39.574651],[67.369465,39.57472],[67.369046,39.575238],[67.368591,39.575779],[67.367699,39.576848],[67.367547,39.576766],[67.36748,39.576691],[67.36747,39.576647],[67.367469,39.576586],[67.367468,39.576395],[67.367481,39.576344],[67.367327,39.57611],[67.367237,39.576004],[67.367143,39.575824],[67.367117,39.575746],[67.36707,39.575705],[67.367064,39.575618],[67.367034,39.575544],[67.367213,39.575387],[67.367743,39.574934],[67.368004,39.574722],[67.368092,39.57482],[67.368103,39.574816],[67.368192,39.574908],[67.368194,39.574906],[67.368203,39.574898],[67.368211,39.574891],[67.368215,39.574887],[67.368826,39.574348],[67.369307,39.574728],[67.369497,39.574679],[67.369514,39.574659],[67.369521,39.574651],[67.369521,39.574651]]]}},{"type":"Feature","id":485,"properties":{},"geometry":{"type":"Polygon","coordinates":[[[67.237584,39.770364],[67.237465,39.770438],[67.237342,39.770498],[67.237243,39.770551],[67.237142,39.770606],[67.237033,39.770651],[67.236929,39.770569],[67.236714,39.770422],[67.236541,39.77029],[67.236105,39.769993],[67.235572,39.769607],[67.234684,39.768997],[67.234426,39.768815],[67.234179,39.768653],[67.233974,39.768518],[67.234082,39.768428],[67.234215,39.768301],[67.234309,39.768223],[67.234425,39.768137],[67.234461,39.768175],[67.234552,39.768246],[67.234839,39.768438],[67.235288,39.768741],[67.235737,39.769055],[67.23625,39.769409],[67.236559,39.769616],[67.236824,39.76982],[67.237167,39.770061],[67.237374,39.7702],[67.237507,39.770296],[67.237584,39.770364]]]}},{"type":"Feature","id":486,"properties":{},"geometry":{"type":"Polygon","coordinates":[[[67.237033,39.770651],[67.236956,39.770682],[67.236855,39.77072],[67.236727,39.770746],[67.236548,39.77077],[67.236352,39.770821],[67.236123,39.770891],[67.235798,39.770999],[67.235553,39.771087],[67.235485,39.771111],[67.235422,39.771133],[67.235314,39.771038],[67.235283,39.771018],[67.235219,39.770968],[67.235171,39.770928],[67.235128,39.770886],[67.235061,39.770822],[67.234984,39.77076],[67.234915,39.770703],[67.234811,39.770619],[67.234757,39.770574],[67.234707,39.770535],[67.234649,39.77049],[67.234586,39.770442],[67.234549,39.770409],[67.234508,39.770374],[67.234473,39.770344],[67.234413,39.770294],[67.234321,39.770215],[67.234276,39.770171],[67.234076,39.770003],[67.233812,39.76979],[67.233563,39.769589],[67.233582,39.769562],[67.233834,39.76934],[67.23387,39.769308],[67.233927,39.769257],[67.233982,39.769209],[67.234426,39.768815],[67.234684,39.768997],[67.235572,39.769607],[67.236105,39.769993],[67.236541,39.77029],[67.236714,39.770422],[67.236929,39.770569],[67.237033,39.770651]]]}},{"type":"Feature","id":487,"properties":{},"geometry":{"type":"Polygon","coordinates":[[[67.259235,39.632381],[67.259462,39.632533],[67.260364,39.631836],[67.260397,39.631742],[67.260404,39.631667],[67.260729,39.631371],[67.260775,39.631412],[67.261188,39.631669],[67.26144,39.631826],[67.261612,39.631919],[67.262111,39.632252],[67.263105,39.632858],[67.263249,39.632946],[67.26359,39.633139],[67.264587,39.633755],[67.264493,39.633791],[67.263218,39.634274],[67.263172,39.634291],[67.263152,39.634343],[67.263144,39.634361],[67.26309,39.634381],[67.263021,39.634395],[67.262844,39.63447],[67.262306,39.634188],[67.261559,39.633751],[67.261456,39.633691],[67.260731,39.633265],[67.260268,39.63301],[67.259709,39.632684],[67.25946,39.632533],[67.259411,39.632504],[67.259361,39.63247],[67.25926,39.632402],[67.259235,39.632381]]]}},{"type":"Feature","id":488,"properties":{},"geometry":{"type":"Polygon","coordinates":[[[67.211929,39.791567],[67.211926,39.791566],[67.211914,39.791585],[67.210882,39.791271],[67.210675,39.791213],[67.210944,39.790755],[67.211123,39.790423],[67.211333,39.790024],[67.211538,39.789662],[67.211696,39.78936],[67.211734,39.789287],[67.211958,39.788875],[67.212152,39.7885],[67.212325,39.788182],[67.212432,39.787943],[67.212523,39.787763],[67.212619,39.787593],[67.212801,39.78726],[67.212988,39.78695],[67.213122,39.786685],[67.213294,39.786399],[67.213456,39.78612],[67.213549,39.78595],[67.213592,39.785874],[67.21492,39.785045],[67.215281,39.785114],[67.215137,39.785422],[67.214898,39.785902],[67.214585,39.786522],[67.214545,39.786601],[67.214473,39.786745],[67.214042,39.787503],[67.213877,39.787815],[67.213687,39.78816],[67.21353,39.788505],[67.213472,39.788633],[67.213192,39.789205],[67.212936,39.789694],[67.212696,39.790157],[67.212435,39.79065],[67.212117,39.79123],[67.211929,39.791567]]]}},{"type":"Feature","id":489,"properties":{},"geometry":{"type":"Polygon","coordinates":[[[67.327009,39.676861],[67.327279,39.677541],[67.327502,39.678145],[67.327554,39.678216],[67.327543,39.67823],[67.327208,39.678521],[67.325946,39.675127],[67.326089,39.675042],[67.326241,39.674964],[67.326293,39.674936],[67.326468,39.674841],[67.326817,39.674651],[67.327229,39.674414],[67.327371,39.674335],[67.327476,39.674275],[67.327694,39.674197],[67.328609,39.676819],[67.328289,39.677243],[67.328029,39.677583],[67.327948,39.677688],[67.32784,39.677833],[67.327792,39.677757],[67.327751,39.677673],[67.327598,39.677312],[67.327383,39.676804],[67.327009,39.676861]]]}},{"type":"Feature","id":490,"properties":{},"geometry":{"type":"Polygon","coordinates":[[[67.297743,39.71297],[67.297716,39.712977],[67.297637,39.712947],[67.297642,39.712837],[67.297697,39.712517],[67.297815,39.712195],[67.29783,39.712178],[67.297831,39.712176],[67.297832,39.712175],[67.297834,39.712173],[67.297836,39.71217],[67.297838,39.712166],[67.29784,39.712163],[67.29784,39.712162],[67.297842,39.712158],[67.297843,39.712157],[67.297882,39.712044],[67.297883,39.712042],[67.297883,39.712041],[67.297884,39.712039],[67.297919,39.711905],[67.297919,39.711903],[67.297919,39.711901],[67.29792,39.711898],[67.297934,39.71179],[67.297934,39.711788],[67.297934,39.711786],[67.297934,39.711784],[67.297934,39.711783],[67.297934,39.711781],[67.29793,39.711651],[67.297955,39.711444],[67.297955,39.711443],[67.297955,39.711442],[67.297981,39.711128],[67.298007,39.710996],[67.298069,39.710679],[67.298949,39.710828],[67.299455,39.710933],[67.300364,39.711122],[67.301987,39.711488],[67.301849,39.711674],[67.301706,39.711862],[67.301328,39.71236],[67.301116,39.71264],[67.300985,39.712809],[67.299216,39.712401],[67.298336,39.712198],[67.297876,39.712793],[67.297766,39.712939],[67.297743,39.71297]]]}},{"type":"Feature","id":491,"properties":{},"geometry":{"type":"Polygon","coordinates":[[[67.305811,39.626651],[67.305674,39.626824],[67.305419,39.627096],[67.305291,39.627227],[67.305109,39.627415],[67.30502,39.627507],[67.304907,39.627606],[67.304795,39.627675],[67.304651,39.627735],[67.304448,39.62782],[67.304378,39.627854],[67.30426,39.627909],[67.303982,39.628035],[67.303861,39.628104],[67.303476,39.628305],[67.303123,39.628481],[67.302879,39.62862],[67.302667,39.628715],[67.302487,39.628783],[67.30243,39.6288],[67.302429,39.628794],[67.302419,39.628779],[67.30242,39.628761],[67.302415,39.628774],[67.302234,39.628521],[67.302346,39.628456],[67.302672,39.628135],[67.302903,39.627857],[67.303362,39.627281],[67.303729,39.626805],[67.303808,39.626703],[67.30393,39.626567],[67.30395,39.626526],[67.303991,39.626469],[67.304221,39.626201],[67.304594,39.625714],[67.304718,39.625821],[67.304859,39.625917],[67.305097,39.626081],[67.305367,39.626294],[67.30581,39.62665],[67.305811,39.626651]]]}},{"type":"Feature","id":492,"properties":{},"geometry":{"type":"Polygon","coordinates":[[[67.204396,39.806278],[67.204421,39.806432],[67.204489,39.806936],[67.20454,39.807273],[67.204576,39.807558],[67.204587,39.807744],[67.204591,39.808182],[67.204595,39.808285],[67.204595,39.808286],[67.20447,39.808317],[67.203169,39.808639],[67.202783,39.80823],[67.202254,39.80773],[67.202113,39.80747],[67.202031,39.806769],[67.202078,39.806757],[67.202197,39.806732],[67.202364,39.806682],[67.202514,39.806637],[67.20265,39.806602],[67.202864,39.806569],[67.203098,39.806525],[67.203548,39.806452],[67.203627,39.806438],[67.203927,39.806381],[67.204259,39.806317],[67.204396,39.806278]]]}},{"type":"Feature","id":493,"properties":{},"geometry":{"type":"Polygon","coordinates":[[[67.204396,39.806278],[67.204259,39.806317],[67.203927,39.806381],[67.203627,39.806438],[67.203548,39.806452],[67.203098,39.806525],[67.202864,39.806569],[67.20265,39.806602],[67.2024,39.805186],[67.2023,39.804604],[67.202169,39.803824],[67.202319,39.803828],[67.202566,39.803839],[67.202808,39.803849],[67.202981,39.803862],[67.203156,39.803892],[67.203208,39.803904],[67.203312,39.803929],[67.203433,39.803977],[67.203553,39.804033],[67.203654,39.80411],[67.203738,39.804201],[67.203741,39.804207],[67.203938,39.804745],[67.203983,39.805054],[67.204023,39.805321],[67.20402,39.805547],[67.204051,39.805694],[67.204071,39.805765],[67.204095,39.805816],[67.2041,39.805848],[67.204128,39.80587],[67.204148,39.8059],[67.204228,39.80596],[67.20429,39.805995],[67.204364,39.806053],[67.204427,39.806102],[67.204401,39.806165],[67.204392,39.806221],[67.204396,39.806278]]]}},{"type":"Feature","id":494,"properties":{},"geometry":{"type":"Polygon","coordinates":[[[67.298912,39.757347],[67.297481,39.758128],[67.297276,39.75824],[67.296592,39.758706],[67.296548,39.758736],[67.295079,39.757121],[67.295183,39.757067],[67.295961,39.756662],[67.297466,39.755878],[67.297467,39.755887],[67.297869,39.756273],[67.298183,39.756606],[67.298511,39.75694],[67.298583,39.757013],[67.298912,39.757347]]]}},{"type":"Feature","id":495,"properties":{},"geometry":{"type":"Polygon","coordinates":[[[67.221262,39.827433],[67.222743,39.827383],[67.222761,39.827491],[67.222486,39.827578],[67.222472,39.827712],[67.222525,39.82785],[67.222634,39.827916],[67.222672,39.828083],[67.222818,39.828148],[67.223143,39.828835],[67.223107,39.829016],[67.223088,39.829015],[67.222921,39.829008],[67.222837,39.828999],[67.222701,39.828986],[67.222457,39.828963],[67.222278,39.828948],[67.222263,39.828946],[67.221479,39.828879],[67.221437,39.828872],[67.221427,39.82887],[67.221414,39.828868],[67.221415,39.828817],[67.2214,39.82864],[67.22135,39.82817],[67.221341,39.828096],[67.221265,39.827457],[67.221262,39.827433]]]}},{"type":"Feature","id":496,"properties":{},"geometry":{"type":"Polygon","coordinates":[[[67.221262,39.827433],[67.221265,39.827457],[67.221341,39.828096],[67.22135,39.82817],[67.2214,39.82864],[67.221415,39.828817],[67.221414,39.828868],[67.221395,39.828865],[67.221318,39.828843],[67.221281,39.828832],[67.221137,39.828785],[67.221078,39.828766],[67.220977,39.828734],[67.220714,39.828665],[67.220707,39.828663],[67.219893,39.82845],[67.219837,39.828434],[67.21983,39.82843],[67.219834,39.828116],[67.219836,39.827993],[67.219837,39.827924],[67.219849,39.827089],[67.21986,39.826838],[67.2199,39.826568],[67.219917,39.826338],[67.219934,39.826097],[67.219948,39.825982],[67.220444,39.826042],[67.220902,39.826091],[67.22105,39.827438],[67.221193,39.827436],[67.221262,39.827433]]]}},{"type":"Feature","id":497,"properties":{},"geometry":{"type":"Polygon","coordinates":[[[67.3005,39.610323],[67.300568,39.610293],[67.301169,39.609902],[67.301294,39.609859],[67.301533,39.610071],[67.301713,39.61022],[67.301925,39.610344],[67.301874,39.61043],[67.301716,39.610613],[67.301471,39.610896],[67.30144,39.610932],[67.301002,39.611444],[67.300637,39.611891],[67.300531,39.611807],[67.299487,39.610985],[67.300294,39.61048],[67.300372,39.610425],[67.3005,39.610323]]]}},{"type":"Feature","id":498,"properties":{},"geometry":{"type":"Polygon","coordinates":[[[67.254974,39.688308],[67.254287,39.687922],[67.253599,39.687547],[67.253154,39.687304],[67.253623,39.686785],[67.254777,39.685508],[67.2549,39.685588],[67.255809,39.686179],[67.256449,39.686597],[67.256079,39.687031],[67.255822,39.687348],[67.255707,39.687497],[67.255588,39.687649],[67.255342,39.687998],[67.255327,39.688004],[67.255061,39.688259],[67.255046,39.688251],[67.254974,39.688308]]]}},{"type":"Feature","id":499,"properties":{},"geometry":{"type":"Polygon","coordinates":[[[67.257926,39.661315],[67.255451,39.66201],[67.255396,39.661955],[67.255217,39.661754],[67.255036,39.66154],[67.254921,39.661434],[67.254742,39.661281],[67.254556,39.661115],[67.254516,39.661079],[67.254322,39.660905],[67.254278,39.660865],[67.254046,39.660653],[67.253793,39.660419],[67.253449,39.66013],[67.253417,39.660103],[67.256922,39.659043],[67.256935,39.659087],[67.256967,39.659183],[67.257059,39.659426],[67.257114,39.65957],[67.257148,39.659653],[67.257216,39.659818],[67.257269,39.659929],[67.257316,39.660029],[67.257328,39.660055],[67.257413,39.660234],[67.257454,39.660319],[67.257575,39.660574],[67.257699,39.660827],[67.25778,39.660995],[67.257804,39.661046],[67.257875,39.661202],[67.257926,39.661315]]]}},{"type":"Feature","id":500,"properties":{},"geometry":{"type":"Polygon","coordinates":[[[67.292983,39.635089],[67.291173,39.635933],[67.29069,39.635168],[67.290421,39.634782],[67.292286,39.633945],[67.293054,39.634906],[67.293024,39.634927],[67.292914,39.635001],[67.292983,39.635089]]]}},{"type":"Feature","id":501,"properties":{},"geometry":{"type":"Polygon","coordinates":[[[67.327553,39.723531],[67.327007,39.723949],[67.32691,39.724005],[67.326782,39.723924],[67.32625,39.723525],[67.326053,39.723381],[67.325543,39.723009],[67.325165,39.72277],[67.325228,39.722718],[67.325274,39.722751],[67.325583,39.722492],[67.32636,39.721849],[67.326454,39.72177],[67.327109,39.722231],[67.327235,39.722319],[67.328182,39.722985],[67.327553,39.723531]]]}},{"type":"Feature","id":502,"properties":{},"geometry":{"type":"Polygon","coordinates":[[[67.328728,39.722542],[67.328182,39.722985],[67.327235,39.722319],[67.327109,39.722231],[67.326454,39.72177],[67.326887,39.721411],[67.326979,39.721335],[67.328462,39.720104],[67.329574,39.720859],[67.330108,39.721221],[67.330213,39.721292],[67.330001,39.721469],[67.329437,39.721935],[67.329273,39.722073],[67.329222,39.722115],[67.328998,39.722309],[67.328728,39.722542]]]}},{"type":"Feature","id":503,"properties":{},"geometry":{"type":"Polygon","coordinates":[[[67.20641,39.782002],[67.206459,39.782086],[67.206516,39.782169],[67.206618,39.782222],[67.206748,39.782293],[67.206845,39.782322],[67.206923,39.782336],[67.207012,39.782336],[67.207211,39.782492],[67.207462,39.782715],[67.207915,39.783113],[67.207972,39.783164],[67.208306,39.783459],[67.20846,39.783595],[67.208349,39.783674],[67.206384,39.785075],[67.206384,39.785075],[67.206311,39.785015],[67.206295,39.785002],[67.205691,39.784513],[67.205283,39.784179],[67.204917,39.783898],[67.204258,39.783351],[67.206379,39.781973],[67.20641,39.782002]]]}},{"type":"Feature","id":504,"properties":{},"geometry":{"type":"Polygon","coordinates":[[[67.346452,39.755093],[67.345547,39.755617],[67.345308,39.755777],[67.345279,39.755795],[67.344967,39.756007],[67.344332,39.756434],[67.344217,39.756517],[67.344164,39.756553],[67.343846,39.756626],[67.343749,39.756648],[67.343292,39.756742],[67.343067,39.756788],[67.342843,39.756835],[67.341529,39.756378],[67.340305,39.755255],[67.340436,39.755172],[67.341437,39.754536],[67.341705,39.754365],[67.34199,39.754197],[67.342887,39.753635],[67.344289,39.752769],[67.346367,39.754693],[67.346463,39.754781],[67.34658,39.75489],[67.346665,39.754968],[67.346578,39.755018],[67.346452,39.755093]]]}},{"type":"Feature","id":505,"properties":{},"geometry":{"type":"Polygon","coordinates":[[[67.319364,39.744065],[67.319244,39.744117],[67.318858,39.744302],[67.317358,39.745057],[67.31672,39.745373],[67.316058,39.745701],[67.3155,39.745989],[67.315409,39.745928],[67.314464,39.745238],[67.312614,39.743846],[67.312733,39.74378],[67.312779,39.743759],[67.313647,39.74336],[67.314824,39.744531],[67.314878,39.744532],[67.315073,39.744434],[67.315088,39.74445],[67.315142,39.74445],[67.315317,39.744363],[67.317004,39.743503],[67.317661,39.743164],[67.317781,39.74312],[67.317889,39.743062],[67.318111,39.742944],[67.318261,39.742861],[67.318507,39.743174],[67.318651,39.743336],[67.318691,39.743381],[67.318775,39.743474],[67.319085,39.74377],[67.319169,39.743849],[67.319364,39.744065]]]}},{"type":"Feature","id":506,"properties":{},"geometry":{"type":"Polygon","coordinates":[[[67.325141,39.743646],[67.325478,39.743968],[67.325821,39.74431],[67.326016,39.744491],[67.324862,39.745121],[67.324906,39.745159],[67.324089,39.745603],[67.323782,39.745738],[67.323602,39.745836],[67.322358,39.74508],[67.322792,39.744847],[67.323256,39.74461],[67.323386,39.744543],[67.325141,39.743646]]]}},{"type":"Feature","id":507,"properties":{},"geometry":{"type":"Polygon","coordinates":[[[67.360594,39.686215],[67.360761,39.685897],[67.360788,39.685852],[67.360791,39.685848],[67.360811,39.685819],[67.361348,39.685057],[67.361392,39.685],[67.363413,39.685838],[67.364381,39.686248],[67.365309,39.686664],[67.364986,39.687121],[67.364986,39.687122],[67.364524,39.687771],[67.363234,39.687252],[67.363233,39.687254],[67.36282,39.687087],[67.362744,39.687057],[67.361457,39.686536],[67.361216,39.686441],[67.360691,39.68625],[67.360594,39.686215]]]}},{"type":"Feature","id":508,"properties":{},"geometry":{"type":"Polygon","coordinates":[[[67.236251,39.823664],[67.236252,39.823708],[67.236134,39.824248],[67.235267,39.824168],[67.235105,39.824133],[67.235013,39.824129],[67.234778,39.824115],[67.234671,39.824113],[67.234503,39.824097],[67.234472,39.824092],[67.2344,39.824088],[67.234238,39.824073],[67.234296,39.823599],[67.234342,39.823454],[67.236251,39.823664]]]}},{"type":"Feature","id":509,"properties":{},"geometry":{"type":"Polygon","coordinates":[[[67.235866,39.825484],[67.236829,39.825606],[67.236724,39.825804],[67.236618,39.82603],[67.236584,39.826091],[67.236472,39.826274],[67.236465,39.826282],[67.235538,39.826148],[67.235367,39.826019],[67.23509,39.825879],[67.234775,39.825673],[67.234078,39.825422],[67.234075,39.825351],[67.234089,39.825263],[67.234171,39.825271],[67.23475,39.825344],[67.235866,39.825484]]]}},{"type":"Feature","id":510,"properties":{},"geometry":{"type":"Polygon","coordinates":[[[67.226903,39.634956],[67.226786,39.634982],[67.224675,39.635503],[67.224514,39.63558],[67.223799,39.636152],[67.223722,39.636101],[67.223445,39.635919],[67.223186,39.63575],[67.223171,39.635739],[67.223154,39.635728],[67.222579,39.635349],[67.222083,39.635022],[67.221992,39.63498],[67.222208,39.634893],[67.22229,39.63486],[67.222688,39.634705],[67.222761,39.634677],[67.223274,39.634482],[67.223381,39.634442],[67.223589,39.634358],[67.223694,39.634318],[67.224057,39.634178],[67.22421,39.634119],[67.22439,39.63405],[67.224394,39.634049],[67.224514,39.634003],[67.224892,39.633859],[67.225003,39.633823],[67.22503,39.633814],[67.225192,39.633752],[67.225271,39.633812],[67.226104,39.634396],[67.226111,39.634401],[67.22613,39.634414],[67.226903,39.634956]]]}},{"type":"Feature","id":511,"properties":{},"geometry":{"type":"Polygon","coordinates":[[[67.223799,39.636152],[67.223743,39.636197],[67.223356,39.636606],[67.223356,39.636679],[67.223347,39.636772],[67.223274,39.63697],[67.223191,39.637106],[67.222609,39.637565],[67.222233,39.637324],[67.222184,39.637289],[67.222166,39.637276],[67.222162,39.637274],[67.221803,39.637013],[67.221785,39.637],[67.221788,39.636945],[67.221787,39.636887],[67.221781,39.63672],[67.221783,39.636534],[67.221755,39.636235],[67.22178,39.636025],[67.221789,39.635651],[67.221784,39.635413],[67.221788,39.635292],[67.221792,39.635114],[67.221793,39.635079],[67.221792,39.635051],[67.221819,39.635046],[67.22186,39.635038],[67.22191,39.635013],[67.221992,39.63498],[67.222083,39.635022],[67.222579,39.635349],[67.223154,39.635728],[67.223171,39.635739],[67.223186,39.63575],[67.223445,39.635919],[67.223722,39.636101],[67.223799,39.636152]]]}},{"type":"Feature","id":512,"properties":{},"geometry":{"type":"Polygon","coordinates":[[[67.221992,39.63498],[67.22191,39.635013],[67.22186,39.635038],[67.221819,39.635046],[67.221792,39.635051],[67.221788,39.634966],[67.221783,39.634762],[67.221783,39.634751],[67.221792,39.634585],[67.221794,39.634575],[67.221827,39.63437],[67.221846,39.634158],[67.221859,39.633765],[67.221852,39.633402],[67.221848,39.633326],[67.221929,39.633277],[67.222455,39.633119],[67.225595,39.632218],[67.225606,39.632225],[67.22563,39.632239],[67.225697,39.632298],[67.225733,39.632331],[67.225759,39.632354],[67.225774,39.632368],[67.2258,39.632391],[67.22582,39.632404],[67.225835,39.632415],[67.225836,39.632416],[67.225959,39.632501],[67.226022,39.632548],[67.226185,39.632671],[67.226368,39.632805],[67.226449,39.632864],[67.226461,39.632873],[67.226733,39.633078],[67.22683,39.63316],[67.226846,39.633176],[67.226808,39.633202],[67.226661,39.633247],[67.226631,39.633256],[67.22652,39.633289],[67.226366,39.633335],[67.226347,39.63334],[67.226346,39.63334],[67.226205,39.63339],[67.226078,39.633428],[67.225861,39.633506],[67.225681,39.63357],[67.225376,39.633683],[67.225306,39.633709],[67.225281,39.633718],[67.225192,39.633752],[67.22503,39.633814],[67.225003,39.633823],[67.224892,39.633859],[67.224514,39.634003],[67.224394,39.634049],[67.22439,39.63405],[67.22421,39.634119],[67.224057,39.634178],[67.223694,39.634318],[67.223589,39.634358],[67.223381,39.634442],[67.223274,39.634482],[67.222761,39.634677],[67.222688,39.634705],[67.22229,39.63486],[67.222208,39.634893],[67.221992,39.63498]]]}},{"type":"Feature","id":513,"properties":{},"geometry":{"type":"Polygon","coordinates":[[[67.225595,39.632218],[67.228928,39.631261],[67.229792,39.632231],[67.229993,39.632457],[67.230242,39.632856],[67.230443,39.63308],[67.229868,39.633349],[67.229285,39.633605],[67.228993,39.63373],[67.228755,39.633855],[67.228386,39.634117],[67.228297,39.634217],[67.22827,39.634198],[67.228201,39.634148],[67.22811,39.634082],[67.227903,39.633932],[67.227902,39.633932],[67.227813,39.633868],[67.227591,39.633708],[67.227587,39.633705],[67.227501,39.633643],[67.227151,39.633394],[67.226952,39.63325],[67.226865,39.633188],[67.226846,39.633176],[67.22683,39.63316],[67.226733,39.633078],[67.226461,39.632873],[67.226449,39.632864],[67.226368,39.632805],[67.226185,39.632671],[67.226022,39.632548],[67.225959,39.632501],[67.225836,39.632416],[67.225835,39.632415],[67.22582,39.632404],[67.2258,39.632391],[67.225774,39.632368],[67.225759,39.632354],[67.225733,39.632331],[67.225697,39.632298],[67.22563,39.632239],[67.225606,39.632225],[67.225595,39.632218]]]}},{"type":"Feature","id":514,"properties":{},"geometry":{"type":"Polygon","coordinates":[[[67.216794,39.800155],[67.216936,39.800087],[67.217106,39.800178],[67.217249,39.800272],[67.218491,39.800929],[67.218884,39.80119],[67.219253,39.801406],[67.219191,39.801468],[67.219179,39.801478],[67.219054,39.801599],[67.218892,39.801739],[67.218779,39.801799],[67.218656,39.801825],[67.218464,39.801836],[67.218369,39.801856],[67.218368,39.801858],[67.218362,39.80186],[67.218359,39.801895],[67.217966,39.801841],[67.217208,39.801809],[67.216352,39.801842],[67.215905,39.801899],[67.215595,39.80208],[67.214774,39.802801],[67.2138,39.799972],[67.213824,39.799946],[67.213788,39.799884],[67.213943,39.799711],[67.214073,39.799594],[67.21445,39.799756],[67.21477,39.799932],[67.215031,39.800095],[67.215297,39.800258],[67.215655,39.800468],[67.215889,39.800596],[67.216012,39.800661],[67.216071,39.800691],[67.216152,39.800684],[67.216234,39.800664],[67.216237,39.800661],[67.21624,39.800661],[67.216396,39.800504],[67.216651,39.800241],[67.216794,39.800155]]]}},{"type":"Feature","id":515,"properties":{},"geometry":{"type":"Polygon","coordinates":[[[67.29118,39.635966],[67.290995,39.636044],[67.290867,39.636098],[67.289699,39.636606],[67.2895,39.636696],[67.288713,39.637049],[67.288562,39.637124],[67.288512,39.637155],[67.288479,39.637127],[67.288405,39.637059],[67.288165,39.636862],[67.2869,39.635792],[67.286909,39.635753],[67.286923,39.635686],[67.286931,39.635683],[67.287186,39.63558],[67.287638,39.635361],[67.287658,39.635352],[67.288386,39.635013],[67.288386,39.635013],[67.288924,39.634766],[67.289994,39.634328],[67.290015,39.6343],[67.290035,39.634275],[67.290349,39.634723],[67.290412,39.634813],[67.290419,39.634823],[67.290734,39.635298],[67.29118,39.635966]]]}},{"type":"Feature","id":516,"properties":{},"geometry":{"type":"Polygon","coordinates":[[[67.287116,39.624801],[67.285825,39.625762],[67.284958,39.625429],[67.284341,39.625191],[67.284341,39.625191],[67.28474,39.624913],[67.285671,39.624272],[67.287116,39.624801]]]}},{"type":"Feature","id":517,"properties":{},"geometry":{"type":"Polygon","coordinates":[[[67.302498,39.69155],[67.302013,39.69257],[67.301999,39.692602],[67.3017,39.692481],[67.299902,39.691721],[67.299444,39.691527],[67.300283,39.690657],[67.300659,39.689941],[67.300896,39.69001],[67.301143,39.690082],[67.301907,39.690306],[67.30297,39.690568],[67.302856,39.690812],[67.302498,39.69155]]]}},{"type":"Feature","id":518,"properties":{},"geometry":{"type":"Polygon","coordinates":[[[67.309697,39.69413],[67.309779,39.694282],[67.309883,39.694442],[67.30993,39.694522],[67.309361,39.695225],[67.309042,39.694692],[67.308896,39.694449],[67.308541,39.693858],[67.308584,39.693837],[67.308982,39.693639],[67.309319,39.693459],[67.309697,39.69413]]]}},{"type":"Feature","id":519,"properties":{},"geometry":{"type":"Polygon","coordinates":[[[67.358058,39.745546],[67.358284,39.7454],[67.358805,39.745065],[67.358854,39.745028],[67.359117,39.745328],[67.360141,39.746459],[67.359472,39.746969],[67.359261,39.7468],[67.359197,39.746736],[67.359118,39.746683],[67.358939,39.746539],[67.35823,39.747022],[67.357223,39.746111],[67.358058,39.745546]]]}},{"type":"Feature","id":520,"properties":{},"geometry":{"type":"Polygon","coordinates":[[[67.356596,39.744019],[67.356328,39.744145],[67.356235,39.744189],[67.355868,39.744422],[67.355846,39.744434],[67.354577,39.74321],[67.354945,39.742944],[67.355135,39.7428],[67.355885,39.742237],[67.355926,39.742202],[67.355965,39.742229],[67.356699,39.742746],[67.356668,39.742801],[67.355878,39.743299],[67.355961,39.743397],[67.356206,39.743685],[67.356596,39.744019]]]}},{"type":"Feature","id":521,"properties":{},"geometry":{"type":"Polygon","coordinates":[[[67.356699,39.742746],[67.356894,39.742884],[67.357015,39.743006],[67.357211,39.74322],[67.357542,39.743581],[67.357482,39.743602],[67.356596,39.744019],[67.356206,39.743685],[67.355961,39.743397],[67.355878,39.743299],[67.356668,39.742801],[67.356699,39.742746]]]}},{"type":"Feature","id":522,"properties":{},"geometry":{"type":"Polygon","coordinates":[[[67.358058,39.745546],[67.357223,39.746111],[67.357208,39.746097],[67.356419,39.745469],[67.356387,39.745451],[67.356274,39.745353],[67.356271,39.745352],[67.356268,39.74535],[67.356263,39.745309],[67.356266,39.745312],[67.356394,39.745449],[67.356437,39.745423],[67.357066,39.745044],[67.357173,39.744979],[67.357357,39.744862],[67.357426,39.744814],[67.357609,39.745089],[67.357905,39.74539],[67.358058,39.745546]]]}},{"type":"Feature","id":523,"properties":{},"geometry":{"type":"Polygon","coordinates":[[[67.352671,39.74762],[67.352829,39.747771],[67.352954,39.747891],[67.353037,39.74797],[67.353237,39.748158],[67.353364,39.748331],[67.35353,39.748559],[67.353582,39.74853],[67.353967,39.748315],[67.355373,39.749738],[67.354772,39.750129],[67.354529,39.75027],[67.3544,39.750345],[67.352087,39.747937],[67.352211,39.74787],[67.352284,39.74783],[67.352671,39.74762]]]}},{"type":"Feature","id":524,"properties":{},"geometry":{"type":"Polygon","coordinates":[[[67.222637,39.64212],[67.222688,39.642185],[67.222859,39.642404],[67.223098,39.64271],[67.223654,39.643321],[67.223664,39.643333],[67.222912,39.643862],[67.222117,39.643139],[67.222048,39.643054],[67.221982,39.642907],[67.22194,39.642716],[67.221935,39.642699],[67.22192,39.64258],[67.221907,39.64254],[67.222637,39.64212]]]}},{"type":"Feature","id":525,"properties":{},"geometry":{"type":"Polygon","coordinates":[[[67.349752,39.75844],[67.349774,39.759045],[67.349779,39.759171],[67.349788,39.759422],[67.349485,39.759417],[67.348012,39.759429],[67.347435,39.759434],[67.346265,39.759423],[67.344845,39.75941],[67.344705,39.759374],[67.344838,39.759021],[67.344882,39.758872],[67.344928,39.758714],[67.345009,39.758439],[67.34647,39.758442],[67.346927,39.758443],[67.347994,39.758444],[67.349752,39.75844]]]}},{"type":"Feature","id":526,"properties":{},"geometry":{"type":"Polygon","coordinates":[[[67.344974,39.757854],[67.344818,39.758287],[67.344783,39.758386],[67.344594,39.759004],[67.344567,39.759093],[67.344488,39.759409],[67.344469,39.759462],[67.344173,39.759418],[67.343344,39.759296],[67.342568,39.759177],[67.341162,39.758935],[67.34093,39.758898],[67.340804,39.758878],[67.340047,39.758757],[67.339931,39.75874],[67.340116,39.758344],[67.340225,39.758045],[67.340361,39.757609],[67.340406,39.757551],[67.340606,39.757554],[67.341096,39.757649],[67.341511,39.757701],[67.341803,39.757713],[67.342062,39.757733],[67.342144,39.75771],[67.342342,39.757533],[67.342419,39.757509],[67.342748,39.757518],[67.342906,39.757487],[67.34297,39.757538],[67.343626,39.757657],[67.343939,39.757714],[67.34458,39.757807],[67.344974,39.757854]]]}},{"type":"Feature","id":527,"properties":{},"geometry":{"type":"Polygon","coordinates":[[[67.486712,39.81733],[67.486661,39.817395],[67.485535,39.818489],[67.485154,39.818859],[67.485013,39.819012],[67.484983,39.819061],[67.484964,39.819136],[67.484948,39.81927],[67.484948,39.819269],[67.484768,39.819188],[67.48464,39.819125],[67.484412,39.818998],[67.484294,39.818948],[67.484069,39.81886],[67.483871,39.818769],[67.483706,39.818708],[67.483428,39.818582],[67.483853,39.818191],[67.484512,39.817519],[67.485125,39.816968],[67.485413,39.816671],[67.485545,39.816558],[67.485612,39.816603],[67.486493,39.817182],[67.486656,39.817286],[67.486712,39.81733]]]}},{"type":"Feature","id":528,"properties":{},"geometry":{"type":"Polygon","coordinates":[[[67.249032,39.821416],[67.25098,39.822561],[67.250797,39.82271],[67.25071,39.82278],[67.249202,39.822409],[67.247104,39.822094],[67.247004,39.821992],[67.246963,39.821951],[67.246105,39.821447],[67.246058,39.821419],[67.24578,39.82129],[67.245583,39.821223],[67.245407,39.821164],[67.245361,39.821103],[67.245148,39.820816],[67.245187,39.820758],[67.245536,39.820563],[67.246291,39.820075],[67.24652,39.819927],[67.249032,39.821416]]]}},{"type":"Feature","id":529,"properties":{},"geometry":{"type":"Polygon","coordinates":[[[67.218056,39.815266],[67.218025,39.813658],[67.218001,39.812117],[67.218636,39.812141],[67.218737,39.812145],[67.218756,39.812935],[67.21903,39.812925],[67.219464,39.81291],[67.219473,39.813048],[67.219498,39.81343],[67.21962,39.815327],[67.219629,39.815459],[67.219614,39.815458],[67.219609,39.815474],[67.219604,39.815474],[67.219495,39.815448],[67.21875,39.815353],[67.218105,39.815272],[67.218056,39.815266]]]}},{"type":"Feature","id":530,"properties":{},"geometry":{"type":"Polygon","coordinates":[[[67.219604,39.815474],[67.219566,39.815605],[67.219554,39.815654],[67.219542,39.815701],[67.219515,39.815892],[67.21949,39.816101],[67.219481,39.816176],[67.219451,39.816511],[67.219471,39.816645],[67.219543,39.816822],[67.219643,39.81701],[67.219479,39.816993],[67.218834,39.816917],[67.218227,39.816834],[67.218114,39.816819],[67.21673,39.81663],[67.216739,39.816296],[67.216737,39.815645],[67.216731,39.815453],[67.216731,39.81533],[67.21673,39.815318],[67.216797,39.815328],[67.216797,39.815171],[67.216897,39.815157],[67.217743,39.815269],[67.218057,39.815311],[67.218056,39.815266],[67.218105,39.815272],[67.21875,39.815353],[67.219495,39.815448],[67.219604,39.815474]]]}},{"type":"Feature","id":531,"properties":{},"geometry":{"type":"Polygon","coordinates":[[[67.216737,39.815645],[67.216739,39.816296],[67.216677,39.816295],[67.216609,39.81629],[67.216488,39.816259],[67.216361,39.816243],[67.216056,39.816176],[67.215742,39.816122],[67.215475,39.816081],[67.215283,39.816063],[67.215153,39.816059],[67.215089,39.816052],[67.215041,39.816016],[67.215026,39.815967],[67.21498,39.815856],[67.214905,39.81573],[67.214862,39.815614],[67.21485,39.815535],[67.214847,39.815249],[67.214864,39.815118],[67.214893,39.815035],[67.214959,39.815057],[67.215909,39.815196],[67.215908,39.815234],[67.215965,39.815364],[67.216,39.815438],[67.216017,39.815519],[67.216067,39.815568],[67.216221,39.815591],[67.216343,39.815611],[67.21641,39.815621],[67.216529,39.815629],[67.21662,39.815639],[67.216737,39.815645]]]}},{"type":"Feature","id":532,"properties":{},"geometry":{"type":"Polygon","coordinates":[[[67.215004,39.816595],[67.21454,39.816704],[67.21443,39.816758],[67.21406,39.816059],[67.213856,39.81577],[67.213609,39.814575],[67.214209,39.8148],[67.214417,39.815221],[67.214609,39.815669],[67.214752,39.816005],[67.214931,39.816413],[67.214953,39.816469],[67.215004,39.816595]]]}},{"type":"Feature","id":533,"properties":{},"geometry":{"type":"Polygon","coordinates":[[[67.217635,39.818914],[67.217567,39.818916],[67.217375,39.818907],[67.217154,39.818915],[67.216891,39.818931],[67.21689,39.818927],[67.216853,39.818371],[67.216819,39.817704],[67.216813,39.817442],[67.216817,39.81727],[67.216902,39.817303],[67.216988,39.817323],[67.217506,39.817402],[67.217598,39.817425],[67.217599,39.817484],[67.217599,39.817554],[67.217627,39.818589],[67.217635,39.818914]]]}},{"type":"Feature","id":534,"properties":{},"geometry":{"type":"Polygon","coordinates":[[[67.219918,39.817465],[67.222142,39.817553],[67.223215,39.817574],[67.223206,39.818507],[67.223198,39.818707],[67.22298,39.818699],[67.222982,39.818542],[67.222944,39.81813],[67.222942,39.817978],[67.222936,39.817882],[67.222924,39.817834],[67.222852,39.817787],[67.222574,39.817764],[67.222214,39.817766],[67.222057,39.817751],[67.221898,39.817751],[67.221837,39.817781],[67.221808,39.81786],[67.221811,39.818138],[67.221812,39.818259],[67.221818,39.818424],[67.221828,39.818476],[67.221897,39.818507],[67.221981,39.818518],[67.222065,39.818518],[67.222129,39.818533],[67.222155,39.818567],[67.222163,39.818607],[67.222167,39.818653],[67.222163,39.818667],[67.22211,39.818665],[67.221755,39.818651],[67.221761,39.81838],[67.221706,39.818378],[67.221434,39.818367],[67.219852,39.818304],[67.219874,39.818007],[67.219894,39.817726],[67.219868,39.817717],[67.219918,39.817465]]]}},{"type":"Feature","id":535,"properties":{},"geometry":{"type":"Polygon","coordinates":[[[67.217671,39.82084],[67.217697,39.821512],[67.217749,39.823287],[67.217531,39.82328],[67.217328,39.823274],[67.217233,39.823269],[67.217226,39.823269],[67.217222,39.823159],[67.217216,39.822977],[67.217209,39.822801],[67.217173,39.821904],[67.217166,39.821746],[67.217115,39.82099],[67.217117,39.820869],[67.217279,39.820846],[67.217442,39.820844],[67.217671,39.82084]]]}},{"type":"Feature","id":536,"properties":{},"geometry":{"type":"Polygon","coordinates":[[[67.217671,39.82084],[67.217442,39.820844],[67.217279,39.820846],[67.217117,39.820869],[67.217059,39.820549],[67.217053,39.820504],[67.216995,39.820095],[67.21695,39.819844],[67.216954,39.819833],[67.216942,39.819762],[67.216914,39.819185],[67.216891,39.818931],[67.217154,39.818915],[67.217375,39.818907],[67.217567,39.818916],[67.217635,39.818914],[67.217653,39.819667],[67.21766,39.820094],[67.21766,39.820141],[67.217671,39.82084]]]}},{"type":"Feature","id":537,"properties":{},"geometry":{"type":"Polygon","coordinates":[[[67.218211,39.817747],[67.218262,39.819129],[67.218271,39.819381],[67.218273,39.819441],[67.218346,39.82156],[67.218349,39.821642],[67.218368,39.823298],[67.217994,39.823291],[67.217755,39.823287],[67.217749,39.823287],[67.217697,39.821512],[67.217671,39.82084],[67.21766,39.820141],[67.21766,39.820094],[67.217653,39.819667],[67.217635,39.818914],[67.217627,39.818589],[67.217599,39.817554],[67.217599,39.817484],[67.217598,39.817425],[67.217942,39.817513],[67.218206,39.817555],[67.218208,39.817663],[67.218211,39.817747]]]}},{"type":"Feature","id":538,"properties":{},"geometry":{"type":"Polygon","coordinates":[[[67.370084,39.75702],[67.370907,39.757465],[67.370981,39.757505],[67.37027,39.758278],[67.369258,39.757746],[67.369194,39.757703],[67.370026,39.756999],[67.370084,39.75702]]]}},{"type":"Feature","id":539,"properties":{},"geometry":{"type":"Polygon","coordinates":[[[67.343989,39.761051],[67.343743,39.761782],[67.343302,39.761725],[67.343167,39.761708],[67.343389,39.760948],[67.343445,39.760959],[67.34386,39.761028],[67.343989,39.761051]]]}},{"type":"Feature","id":540,"properties":{},"geometry":{"type":"Polygon","coordinates":[[[67.342547,39.759261],[67.344434,39.759569],[67.344449,39.759573],[67.344439,39.759629],[67.344228,39.760386],[67.344039,39.761061],[67.343989,39.761051],[67.34386,39.761028],[67.343445,39.760959],[67.343389,39.760948],[67.342691,39.760815],[67.34217,39.760774],[67.342231,39.760528],[67.342547,39.759261]]]}},{"type":"Feature","id":541,"properties":{},"geometry":{"type":"Polygon","coordinates":[[[67.34199,39.761523],[67.343156,39.761706],[67.343038,39.761897],[67.343028,39.761963],[67.343019,39.762018],[67.342951,39.76215],[67.342861,39.762291],[67.342852,39.762453],[67.342628,39.762745],[67.342519,39.762887],[67.342518,39.762889],[67.342517,39.762891],[67.342199,39.762836],[67.341796,39.762739],[67.341701,39.762637],[67.341746,39.762465],[67.34199,39.761523]]]}},{"type":"Feature","id":542,"properties":{},"geometry":{"type":"Polygon","coordinates":[[[67.341145,39.761414],[67.341114,39.76141],[67.341103,39.761424],[67.341019,39.761538],[67.340966,39.761708],[67.34053,39.761619],[67.340288,39.761565],[67.33998,39.761523],[67.339775,39.761508],[67.339565,39.761263],[67.339487,39.76112],[67.339463,39.760998],[67.339477,39.760876],[67.339493,39.76074],[67.339559,39.760361],[67.339576,39.760279],[67.339639,39.759961],[67.339708,39.759592],[67.339751,39.759362],[67.339831,39.758954],[67.339891,39.758827],[67.339891,39.758827],[67.340064,39.758855],[67.341817,39.759141],[67.341833,39.759144],[67.341145,39.761414]]]}},{"type":"Feature","id":543,"properties":{},"geometry":{"type":"Polygon","coordinates":[[[67.454452,39.788935],[67.455211,39.789319],[67.453489,39.791899],[67.453306,39.79214],[67.452564,39.793183],[67.452376,39.793187],[67.452238,39.79323],[67.452166,39.793239],[67.45154,39.792977],[67.451729,39.792738],[67.452006,39.792388],[67.45246,39.791814],[67.45261,39.791592],[67.454452,39.788935]]]}},{"type":"Feature","id":544,"properties":{},"geometry":{"type":"Polygon","coordinates":[[[67.448859,39.791822],[67.448785,39.791929],[67.448756,39.79187],[67.448606,39.791788],[67.448513,39.79176],[67.44842,39.791775],[67.448155,39.791692],[67.448063,39.791663],[67.447553,39.79151],[67.447349,39.791442],[67.447712,39.790929],[67.44908,39.788998],[67.449424,39.788513],[67.449475,39.788441],[67.449612,39.788249],[67.449957,39.787761],[67.450006,39.787775],[67.450383,39.787941],[67.450775,39.788163],[67.45095,39.788262],[67.451198,39.788403],[67.451234,39.788429],[67.450981,39.788789],[67.450331,39.789706],[67.449843,39.790408],[67.449805,39.790464],[67.449607,39.790749],[67.449254,39.791257],[67.449235,39.791286],[67.448911,39.791739],[67.448865,39.791813],[67.448859,39.791822]]]}},{"type":"Feature","id":545,"properties":{},"geometry":{"type":"Polygon","coordinates":[[[67.34637,39.708848],[67.346545,39.708967],[67.347401,39.709577],[67.347687,39.709819],[67.347713,39.709861],[67.347684,39.709931],[67.347535,39.71011],[67.347469,39.710189],[67.347395,39.710278],[67.347222,39.710514],[67.346866,39.710619],[67.346788,39.710716],[67.346687,39.710739],[67.346615,39.710776],[67.346487,39.710929],[67.34594,39.711685],[67.345736,39.711971],[67.345449,39.711833],[67.345195,39.711711],[67.344992,39.711614],[67.344957,39.711597],[67.346317,39.708812],[67.34637,39.708848]]]}},{"type":"Feature","id":546,"properties":{},"geometry":{"type":"Polygon","coordinates":[[[67.247942,39.688411],[67.248445,39.688808],[67.247322,39.689684],[67.247172,39.689548],[67.246389,39.688838],[67.24685,39.688532],[67.247218,39.688312],[67.247561,39.688111],[67.247942,39.688411]]]}},{"type":"Feature","id":547,"properties":{},"geometry":{"type":"Polygon","coordinates":[[[67.253252,39.689303],[67.253524,39.689381],[67.253127,39.689924],[67.253125,39.689943],[67.253086,39.689994],[67.252791,39.689909],[67.252501,39.689817],[67.251722,39.689574],[67.25175,39.689495],[67.251767,39.689334],[67.251845,39.688899],[67.253252,39.689303]]]}},{"type":"Feature","id":548,"properties":{},"geometry":{"type":"Polygon","coordinates":[[[67.251931,39.692103],[67.252169,39.692185],[67.251544,39.693064],[67.251512,39.69311],[67.251502,39.69311],[67.251481,39.693104],[67.25134,39.69306],[67.251311,39.693051],[67.251122,39.692991],[67.250997,39.692952],[67.250873,39.692914],[67.2508,39.692891],[67.250748,39.692875],[67.250459,39.692784],[67.250219,39.692709],[67.24997,39.692631],[67.249796,39.692577],[67.249796,39.69257],[67.24981,39.692504],[67.249812,39.69249],[67.249875,39.692076],[67.249867,39.691445],[67.250117,39.691521],[67.250752,39.691713],[67.251931,39.692103]]]}},{"type":"Feature","id":549,"properties":{},"geometry":{"type":"Polygon","coordinates":[[[67.26701,39.633361],[67.267293,39.633501],[67.267508,39.633631],[67.267913,39.633904],[67.268114,39.634022],[67.268287,39.634098],[67.268438,39.634168],[67.26833,39.634622],[67.267874,39.634955],[67.267109,39.6348],[67.265789,39.633588],[67.265771,39.633572],[67.26577,39.633571],[67.266147,39.633421],[67.266355,39.633325],[67.266625,39.6332],[67.26701,39.633361]]]}},{"type":"Feature","id":550,"properties":{},"geometry":{"type":"Polygon","coordinates":[[[67.261822,39.63812],[67.260779,39.638866],[67.260747,39.638915],[67.260368,39.638569],[67.260323,39.638499],[67.260347,39.638437],[67.260683,39.638192],[67.260955,39.637987],[67.261252,39.637785],[67.261327,39.637736],[67.26145,39.637655],[67.261782,39.637424],[67.262059,39.637242],[67.262147,39.637185],[67.26221,39.637143],[67.262289,39.637091],[67.262291,39.637094],[67.262415,39.637006],[67.26252,39.636936],[67.262839,39.6367],[67.262839,39.6367],[67.262848,39.636694],[67.26285,39.636693],[67.26285,39.636693],[67.262865,39.636682],[67.262867,39.63668],[67.262881,39.636671],[67.26289,39.636664],[67.262896,39.63666],[67.262906,39.636652],[67.262923,39.63664],[67.262953,39.63662],[67.262987,39.636595],[67.263024,39.636569],[67.263074,39.636533],[67.263108,39.63651],[67.263149,39.63648],[67.263197,39.636447],[67.263233,39.636421],[67.263299,39.636374],[67.263327,39.636354],[67.26338,39.636317],[67.263417,39.63629],[67.263459,39.636261],[67.263493,39.636236],[67.263524,39.636213],[67.263576,39.636175],[67.263652,39.63612],[67.263678,39.636168],[67.263713,39.63623],[67.263855,39.636524],[67.263912,39.63666],[67.263448,39.636983],[67.26267,39.637537],[67.262179,39.637869],[67.262066,39.637946],[67.261822,39.63812]]]}},{"type":"Feature","id":551,"properties":{},"geometry":{"type":"Polygon","coordinates":[[[67.265318,39.634191],[67.265653,39.634901],[67.265913,39.635427],[67.2653,39.635707],[67.264839,39.635937],[67.26453,39.636049],[67.264439,39.636007],[67.2644,39.635961],[67.264316,39.635933],[67.264273,39.635933],[67.264118,39.635987],[67.263761,39.636139],[67.263733,39.636145],[67.263721,39.636073],[67.263823,39.636005],[67.263438,39.635018],[67.263759,39.634894],[67.26409,39.634741],[67.264364,39.634584],[67.264669,39.634459],[67.265081,39.634267],[67.265264,39.634207],[67.265318,39.634191]]]}},{"type":"Feature","id":552,"properties":{},"geometry":{"type":"Polygon","coordinates":[[[67.250816,39.670784],[67.251864,39.671541],[67.253174,39.672487],[67.252149,39.673063],[67.252048,39.67311],[67.25201,39.673153],[67.251848,39.673262],[67.25151,39.673458],[67.250749,39.673881],[67.249627,39.67448],[67.249185,39.674699],[67.248942,39.674822],[67.248589,39.6749],[67.248213,39.674832],[67.24812,39.674757],[67.247975,39.674641],[67.247842,39.674534],[67.247839,39.674524],[67.247799,39.674313],[67.247776,39.674139],[67.247754,39.674071],[67.247718,39.673965],[67.247552,39.673691],[67.247237,39.673368],[67.247178,39.673307],[67.247147,39.673276],[67.246852,39.672975],[67.246513,39.672498],[67.246294,39.672156],[67.247582,39.671587],[67.249073,39.670921],[67.249185,39.670875],[67.250319,39.670387],[67.250816,39.670784]]]}},{"type":"Feature","id":553,"properties":{},"geometry":{"type":"Polygon","coordinates":[[[67.322273,39.729526],[67.322203,39.729587],[67.321805,39.729932],[67.321461,39.730232],[67.320461,39.729535],[67.320043,39.729244],[67.320045,39.729242],[67.320646,39.728765],[67.32129,39.728221],[67.321542,39.728026],[67.321862,39.727745],[67.322116,39.72752],[67.322256,39.727414],[67.323199,39.728058],[67.323253,39.728095],[67.323582,39.72832],[67.323637,39.728358],[67.322979,39.728949],[67.322815,39.729094],[67.322791,39.729077],[67.322273,39.729526]]]}},{"type":"Feature","id":554,"properties":{},"geometry":{"type":"Polygon","coordinates":[[[67.356075,39.792703],[67.357216,39.793149],[67.357189,39.793189],[67.35727,39.79322],[67.357578,39.793343],[67.35444,39.798058],[67.354336,39.798028],[67.353208,39.797569],[67.353158,39.797551],[67.356075,39.792703]]]}},{"type":"Feature","id":555,"properties":{},"geometry":{"type":"Polygon","coordinates":[[[67.373827,39.780986],[67.373864,39.780944],[67.374212,39.780579],[67.37423,39.780563],[67.374452,39.7803],[67.374637,39.780152],[67.37478,39.780027],[67.374911,39.779886],[67.375043,39.779796],[67.375106,39.779758],[67.37524,39.779664],[67.375454,39.779566],[67.375647,39.779546],[67.375644,39.779553],[67.37559,39.779665],[67.375511,39.779829],[67.3755,39.77985],[67.375416,39.780025],[67.375375,39.780109],[67.375314,39.780235],[67.375107,39.780664],[67.374988,39.780909],[67.37468,39.781549],[67.374704,39.78157],[67.374724,39.781587],[67.37474,39.7816],[67.37481,39.781659],[67.374857,39.781699],[67.375054,39.781802],[67.375108,39.781829],[67.375106,39.781834],[67.375052,39.781807],[67.374854,39.781704],[67.374629,39.781513],[67.374448,39.781376],[67.374226,39.781236],[67.374054,39.781116],[67.373827,39.780986]]]}},{"type":"Feature","id":556,"properties":{},"geometry":{"type":"Polygon","coordinates":[[[67.36657,39.796119],[67.366158,39.796731],[67.365754,39.797329],[67.36575,39.797334],[67.365729,39.797324],[67.365564,39.797248],[67.365177,39.797056],[67.365089,39.796997],[67.365123,39.796909],[67.365219,39.796742],[67.365493,39.796317],[67.36556,39.796189],[67.365827,39.795753],[67.365907,39.795591],[67.366154,39.79519],[67.366227,39.795065],[67.366352,39.79485],[67.366534,39.794479],[67.366772,39.794578],[67.366905,39.7946],[67.367062,39.794631],[67.367316,39.794688],[67.367114,39.795095],[67.367074,39.795203],[67.366944,39.795416],[67.366854,39.795519],[67.366803,39.795579],[67.36676,39.795693],[67.366722,39.795795],[67.366617,39.795983],[67.366496,39.796075],[67.36657,39.796119]]]}},{"type":"Feature","id":557,"properties":{},"geometry":{"type":"Polygon","coordinates":[[[67.36575,39.797334],[67.365568,39.797604],[67.365527,39.797573],[67.365056,39.797343],[67.364614,39.797147],[67.364265,39.797026],[67.364269,39.797021],[67.365073,39.795743],[67.366058,39.794259],[67.36679,39.793017],[67.366852,39.793026],[67.366845,39.793083],[67.36684,39.79311],[67.3668,39.793301],[67.366756,39.793624],[67.366633,39.794221],[67.366626,39.794249],[67.36662,39.794264],[67.366537,39.794472],[67.366534,39.794479],[67.366352,39.79485],[67.366227,39.795065],[67.366154,39.79519],[67.365907,39.795591],[67.365827,39.795753],[67.36556,39.796189],[67.365493,39.796317],[67.365219,39.796742],[67.365123,39.796909],[67.365089,39.796997],[67.365177,39.797056],[67.365564,39.797248],[67.365729,39.797324],[67.36575,39.797334]]]}},{"type":"Feature","id":558,"properties":{},"geometry":{"type":"Polygon","coordinates":[[[67.245222,39.703754],[67.243262,39.705658],[67.242742,39.705455],[67.242756,39.705401],[67.242977,39.705233],[67.243049,39.705287],[67.243168,39.705374],[67.243415,39.705411],[67.243646,39.705268],[67.243681,39.705164],[67.243432,39.704969],[67.242823,39.704701],[67.242709,39.704691],[67.24245,39.70492],[67.242161,39.705016],[67.241784,39.704946],[67.241895,39.70479],[67.242544,39.703887],[67.242661,39.703726],[67.24286,39.703454],[67.243092,39.703136],[67.243124,39.703092],[67.243338,39.702799],[67.245222,39.703754]]]}},{"type":"Feature","id":559,"properties":{},"geometry":{"type":"Polygon","coordinates":[[[67.369722,39.716459],[67.369629,39.716508],[67.36926,39.716791],[67.369012,39.716992],[67.36885,39.717227],[67.368583,39.717549],[67.368381,39.717646],[67.368004,39.717724],[67.367664,39.717782],[67.36717,39.717846],[67.366499,39.7179],[67.366397,39.717811],[67.366224,39.717737],[67.365865,39.71746],[67.365514,39.717229],[67.365295,39.717055],[67.365055,39.716819],[67.364905,39.716641],[67.364668,39.716338],[67.364656,39.716206],[67.364969,39.715811],[67.365254,39.715402],[67.365578,39.714876],[67.369722,39.716459]]]}},{"type":"Feature","id":560,"properties":{},"geometry":{"type":"Polygon","coordinates":[[[67.360669,39.580201],[67.360616,39.580516],[67.360519,39.581063],[67.360476,39.581273],[67.360153,39.582861],[67.36013,39.583033],[67.360096,39.58328],[67.360095,39.583292],[67.36009,39.583324],[67.358095,39.583539],[67.358328,39.581293],[67.358773,39.581109],[67.360076,39.580506],[67.360058,39.580444],[67.360059,39.580444],[67.360431,39.580292],[67.360523,39.580253],[67.360669,39.580201]]]}},{"type":"Feature","id":561,"properties":{},"geometry":{"type":"Polygon","coordinates":[[[67.357891,39.583561],[67.357775,39.583574],[67.357595,39.583593],[67.357163,39.58364],[67.357295,39.581718],[67.357811,39.581505],[67.3581,39.581387],[67.358196,39.581347],[67.357891,39.583561]]]}},{"type":"Feature","id":562,"properties":{},"geometry":{"type":"Polygon","coordinates":[[[67.257789,39.716429],[67.257792,39.716431],[67.257837,39.716486],[67.257916,39.716618],[67.258141,39.717015],[67.258312,39.717318],[67.258315,39.717323],[67.258439,39.717511],[67.258473,39.717566],[67.258479,39.717574],[67.25848,39.717575],[67.258487,39.717582],[67.258495,39.717589],[67.258522,39.71761],[67.258538,39.71762],[67.258539,39.717621],[67.258557,39.717628],[67.258602,39.717642],[67.258614,39.717645],[67.258624,39.717648],[67.258662,39.717694],[67.2585,39.717828],[67.25767,39.71834],[67.257568,39.7184],[67.257287,39.718567],[67.256322,39.719139],[67.256297,39.719136],[67.256063,39.719104],[67.255716,39.719058],[67.255125,39.718979],[67.254428,39.718885],[67.254008,39.718828],[67.254045,39.71879],[67.254347,39.718606],[67.256072,39.717493],[67.257334,39.716756],[67.257789,39.716429]]]}},{"type":"Feature","id":563,"properties":{},"geometry":{"type":"Polygon","coordinates":[[[67.249307,39.715054],[67.249157,39.715372],[67.249043,39.715549],[67.248881,39.715803],[67.248564,39.71636],[67.24835,39.716728],[67.247693,39.717773],[67.247079,39.717593],[67.246178,39.717578],[67.246072,39.717575],[67.245834,39.717567],[67.245078,39.717547],[67.244786,39.717547],[67.244503,39.717547],[67.244468,39.717021],[67.244453,39.716779],[67.244425,39.716187],[67.244411,39.715877],[67.244486,39.714813],[67.244664,39.714618],[67.245345,39.713897],[67.245438,39.713799],[67.249307,39.715054]]]}},{"type":"Feature","id":564,"properties":{},"geometry":{"type":"Polygon","coordinates":[[[67.243778,39.715068],[67.243748,39.71509],[67.243554,39.715246],[67.239712,39.713806],[67.239697,39.7138],[67.239727,39.713734],[67.239996,39.713527],[67.240048,39.713489],[67.240196,39.713381],[67.240326,39.713285],[67.24038,39.713246],[67.240647,39.713066],[67.240799,39.712951],[67.240765,39.712874],[67.240807,39.712846],[67.240912,39.712735],[67.240914,39.712732],[67.240997,39.712664],[67.241304,39.712331],[67.241507,39.712105],[67.242208,39.712346],[67.243558,39.712912],[67.244388,39.713262],[67.244635,39.713367],[67.244749,39.713412],[67.245196,39.71364],[67.245199,39.713643],[67.24489,39.713955],[67.24479,39.714025],[67.244765,39.714051],[67.244735,39.714096],[67.244654,39.714171],[67.24442,39.714427],[67.24428,39.714593],[67.244213,39.714652],[67.244189,39.71465],[67.244165,39.714733],[67.244084,39.714832],[67.244058,39.714863],[67.243816,39.71504],[67.243782,39.715064],[67.243778,39.715068]]]}},{"type":"Feature","id":565,"properties":{},"geometry":{"type":"Polygon","coordinates":[[[67.253032,39.716878],[67.251967,39.718551],[67.251349,39.718456],[67.249226,39.718206],[67.248966,39.718125],[67.248835,39.718084],[67.250241,39.715874],[67.250351,39.715846],[67.252007,39.715378],[67.252062,39.715364],[67.252152,39.715338],[67.252225,39.715317],[67.253044,39.715079],[67.253242,39.71502],[67.254433,39.714676],[67.253032,39.716878]]]}},{"type":"Feature","id":566,"properties":{},"geometry":{"type":"Polygon","coordinates":[[[67.262153,39.709823],[67.26239,39.710486],[67.262594,39.71076],[67.262673,39.710837],[67.262699,39.710895],[67.262701,39.710908],[67.262702,39.710909],[67.262374,39.711098],[67.261464,39.711616],[67.261351,39.711698],[67.261158,39.711837],[67.260757,39.712127],[67.260751,39.712131],[67.260691,39.712175],[67.260585,39.712243],[67.26058,39.712246],[67.260054,39.712586],[67.259591,39.712885],[67.259255,39.71312],[67.259203,39.713157],[67.258565,39.713573],[67.258346,39.713622],[67.258346,39.713622],[67.257925,39.713629],[67.257917,39.713389],[67.257908,39.713122],[67.257951,39.712933],[67.258033,39.712876],[67.258084,39.712841],[67.25842,39.712651],[67.258672,39.712504],[67.258959,39.712343],[67.259259,39.712175],[67.259259,39.712175],[67.259509,39.711982],[67.259551,39.711943],[67.259862,39.711641],[67.260121,39.711396],[67.260328,39.711208],[67.260521,39.711039],[67.260521,39.711039],[67.260733,39.710841],[67.260929,39.710645],[67.26116,39.710423],[67.261184,39.710367],[67.261263,39.710182],[67.261307,39.710053],[67.261339,39.709962],[67.261427,39.709704],[67.262007,39.709506],[67.262153,39.709823]]]}},{"type":"Feature","id":567,"properties":{},"geometry":{"type":"Polygon","coordinates":[[[67.254507,39.722726],[67.25452,39.722747],[67.254473,39.722769],[67.25447,39.722769],[67.254409,39.722771],[67.254404,39.722772],[67.254399,39.722772],[67.254326,39.722792],[67.254326,39.722792],[67.254325,39.722792],[67.254258,39.722813],[67.254173,39.722873],[67.25396,39.723041],[67.253759,39.723133],[67.253714,39.723153],[67.253638,39.723187],[67.253425,39.723291],[67.253421,39.723291],[67.253417,39.723291],[67.25332,39.7233],[67.253312,39.7233],[67.253304,39.723301],[67.253248,39.723308],[67.253248,39.723308],[67.253174,39.723323],[67.253169,39.723326],[67.253164,39.723328],[67.253087,39.723367],[67.252988,39.723455],[67.252907,39.723541],[67.252844,39.723572],[67.252219,39.723719],[67.252219,39.723719],[67.252182,39.723723],[67.252131,39.723728],[67.252129,39.723728],[67.252127,39.723728],[67.251971,39.723736],[67.251781,39.723757],[67.251571,39.723779],[67.251293,39.723813],[67.251187,39.723827],[67.251107,39.723838],[67.251044,39.723849],[67.250809,39.723892],[67.250479,39.723928],[67.249238,39.724029],[67.248929,39.723327],[67.2488,39.723095],[67.248818,39.723012],[67.249226,39.722642],[67.24942,39.722552],[67.249878,39.72236],[67.250105,39.722265],[67.250212,39.722219],[67.250214,39.722218],[67.250216,39.722217],[67.25029,39.722169],[67.250447,39.722067],[67.250824,39.722083],[67.251438,39.721902],[67.251736,39.721815],[67.252591,39.721661],[67.252695,39.721654],[67.25316,39.721627],[67.253382,39.721568],[67.253515,39.721532],[67.253595,39.721579],[67.254044,39.721912],[67.254061,39.72192],[67.254507,39.722726]]]}},{"type":"Feature","id":568,"properties":{},"geometry":{"type":"Polygon","coordinates":[[[67.25896,39.71774],[67.258984,39.717719],[67.25899,39.717713],[67.258996,39.717706],[67.259005,39.717694],[67.259012,39.717695],[67.259015,39.71768],[67.259021,39.71767],[67.259022,39.71767],[67.259026,39.717658],[67.259026,39.717657],[67.259028,39.717648],[67.259029,39.71764],[67.259029,39.717622],[67.259029,39.717621],[67.259031,39.717608],[67.25909,39.717411],[67.259122,39.717303],[67.259136,39.717258],[67.259203,39.717175],[67.259248,39.717158],[67.259447,39.717061],[67.259641,39.716965],[67.260066,39.716753],[67.2622,39.715658],[67.262517,39.715496],[67.262571,39.715468],[67.263356,39.715065],[67.264071,39.714699],[67.26451,39.714476],[67.264627,39.714417],[67.264659,39.714557],[67.264728,39.715092],[67.264303,39.715346],[67.26345,39.715949],[67.26345,39.715949],[67.26334,39.716031],[67.263377,39.716157],[67.263533,39.71641],[67.263533,39.71641],[67.263622,39.716662],[67.263541,39.716776],[67.263439,39.71692],[67.263204,39.717138],[67.263107,39.717228],[67.263107,39.717228],[67.262953,39.717357],[67.26289,39.717396],[67.262779,39.717466],[67.262586,39.717586],[67.262566,39.717599],[67.262535,39.717618],[67.262376,39.717707],[67.262232,39.717864],[67.261766,39.717915],[67.261766,39.717915],[67.261338,39.717946],[67.261332,39.717945],[67.261056,39.717892],[67.261027,39.717893],[67.260976,39.717883],[67.260893,39.717898],[67.260739,39.717904],[67.26074,39.717915],[67.260333,39.717849],[67.260084,39.717829],[67.25896,39.71774]]]}},{"type":"Feature","id":569,"properties":{},"geometry":{"type":"Polygon","coordinates":[[[67.257789,39.716429],[67.257334,39.716756],[67.256072,39.717493],[67.254347,39.718606],[67.254045,39.71879],[67.254008,39.718828],[67.253846,39.718807],[67.253846,39.718806],[67.25383,39.718804],[67.253515,39.718754],[67.254163,39.717739],[67.255106,39.716251],[67.255189,39.716119],[67.255547,39.715545],[67.255655,39.715372],[67.255728,39.715342],[67.255849,39.715407],[67.256428,39.715708],[67.256642,39.715821],[67.256644,39.715822],[67.256953,39.715978],[67.257182,39.716102],[67.25746,39.716254],[67.257463,39.716255],[67.257738,39.716396],[67.257754,39.716406],[67.257789,39.716429]]]}},{"type":"Feature","id":570,"properties":{},"geometry":{"type":"Polygon","coordinates":[[[67.306927,39.592988],[67.306645,39.593163],[67.306566,39.593212],[67.305856,39.593655],[67.305775,39.593669],[67.305748,39.593534],[67.305792,39.593514],[67.305864,39.593452],[67.305895,39.593399],[67.305893,39.593159],[67.305786,39.59257],[67.305739,39.592272],[67.305697,39.592004],[67.30559,39.59143],[67.305457,39.590896],[67.305545,39.590842],[67.305599,39.59081],[67.305622,39.590797],[67.306465,39.590285],[67.306553,39.590436],[67.306553,39.590436],[67.306553,39.590436],[67.306625,39.59045],[67.306687,39.591006],[67.306757,39.591581],[67.306768,39.591684],[67.306818,39.592162],[67.306842,39.592453],[67.306866,39.592747],[67.306927,39.592988]]]}},{"type":"Feature","id":571,"properties":{},"geometry":{"type":"Polygon","coordinates":[[[67.321854,39.581289],[67.321857,39.581295],[67.321877,39.581329],[67.321881,39.581336],[67.321882,39.581337],[67.321916,39.581395],[67.318875,39.582714],[67.31888,39.582599],[67.318913,39.582322],[67.318968,39.582091],[67.31899,39.581997],[67.319004,39.581937],[67.319008,39.581921],[67.319104,39.581584],[67.321441,39.580588],[67.321854,39.581289]]]}},{"type":"Feature","id":572,"properties":{},"geometry":{"type":"Polygon","coordinates":[[[67.30353,39.596541],[67.303361,39.596624],[67.303137,39.596742],[67.30293,39.596832],[67.302433,39.597049],[67.302311,39.59709],[67.302314,39.597062],[67.302315,39.597046],[67.302319,39.597001],[67.302326,39.596903],[67.302458,39.595243],[67.302488,39.594998],[67.302493,39.594995],[67.302512,39.594992],[67.302914,39.594741],[67.303401,39.594448],[67.304078,39.594014],[67.304144,39.593972],[67.304749,39.593633],[67.304891,39.59376],[67.304955,39.593756],[67.305098,39.59365],[67.305428,39.593515],[67.305612,39.593497],[67.305637,39.593624],[67.306032,39.595783],[67.305604,39.595935],[67.305512,39.595968],[67.305064,39.596063],[67.305079,39.59646],[67.305078,39.596469],[67.305056,39.596473],[67.304748,39.596521],[67.304313,39.596552],[67.303953,39.59657],[67.30377,39.596557],[67.303641,39.596536],[67.30353,39.596541]]]}},{"type":"Feature","id":573,"properties":{},"geometry":{"type":"Polygon","coordinates":[[[67.238386,39.687268],[67.237702,39.688307],[67.237271,39.688961],[67.23716,39.688943],[67.23627,39.688631],[67.233425,39.68754],[67.233392,39.687507],[67.233638,39.687194],[67.234162,39.686531],[67.234249,39.686421],[67.234457,39.686148],[67.234575,39.685992],[67.234711,39.686071],[67.234984,39.68623],[67.235133,39.686316],[67.235459,39.686506],[67.236164,39.686792],[67.236397,39.686558],[67.236422,39.686526],[67.23645,39.686542],[67.237083,39.686734],[67.237085,39.686733],[67.237229,39.686685],[67.237588,39.686866],[67.238156,39.687152],[67.238386,39.687268]]]}},{"type":"Feature","id":574,"properties":{},"geometry":{"type":"Polygon","coordinates":[[[67.217414,39.691194],[67.218562,39.690836],[67.218696,39.690794],[67.216836,39.693838],[67.216003,39.693496],[67.217414,39.691194]]]}},{"type":"Feature","id":575,"properties":{},"geometry":{"type":"Polygon","coordinates":[[[67.300479,39.603428],[67.300411,39.603434],[67.30015,39.603463],[67.300075,39.603471],[67.299653,39.603535],[67.299604,39.603542],[67.297892,39.603802],[67.297443,39.603899],[67.297413,39.603792],[67.297373,39.603644],[67.29732,39.603463],[67.297285,39.60334],[67.297031,39.602445],[67.297101,39.602432],[67.297253,39.602405],[67.297574,39.602347],[67.298267,39.602213],[67.298359,39.602196],[67.298464,39.602176],[67.298495,39.60217],[67.298624,39.602146],[67.298664,39.602138],[67.29871,39.602421],[67.29871,39.602424],[67.298711,39.602427],[67.299868,39.602228],[67.300977,39.602037],[67.301022,39.602035],[67.300964,39.602232],[67.300889,39.60249],[67.30082,39.602726],[67.300704,39.603125],[67.300631,39.603225],[67.300479,39.603428]]]}},{"type":"Feature","id":576,"properties":{},"geometry":{"type":"Polygon","coordinates":[[[67.295871,39.601072],[67.295977,39.601804],[67.295994,39.601969],[67.293222,39.602207],[67.293142,39.601925],[67.29448,39.601791],[67.294482,39.601678],[67.294363,39.600689],[67.295407,39.600614],[67.295707,39.6006],[67.295791,39.600597],[67.295871,39.601072]]]}},{"type":"Feature","id":577,"properties":{},"geometry":{"type":"Polygon","coordinates":[[[67.339218,39.590039],[67.339339,39.590216],[67.339295,39.590246],[67.33908,39.590325],[67.338585,39.590491],[67.33817,39.590695],[67.336137,39.591551],[67.336074,39.591632],[67.335713,39.591038],[67.336253,39.590819],[67.336117,39.59062],[67.336191,39.590591],[67.33686,39.59032],[67.337546,39.590031],[67.337698,39.589965],[67.337944,39.589858],[67.338821,39.589476],[67.339218,39.590039]]]}},{"type":"Feature","id":578,"properties":{},"geometry":{"type":"Polygon","coordinates":[[[67.324557,39.593208],[67.323941,39.59347],[67.323585,39.592918],[67.323584,39.592916],[67.323484,39.592762],[67.323281,39.5925],[67.323265,39.592477],[67.32457,39.591914],[67.324925,39.591761],[67.32504,39.591728],[67.325672,39.592728],[67.325118,39.592967],[67.32484,39.593087],[67.324557,39.593208]]]}},{"type":"Feature","id":579,"properties":{},"geometry":{"type":"Polygon","coordinates":[[[67.380101,39.707538],[67.380288,39.708652],[67.380313,39.708802],[67.380278,39.708824],[67.380185,39.708842],[67.379862,39.708871],[67.379651,39.70888],[67.379194,39.708902],[67.37898,39.708898],[67.378366,39.708887],[67.378363,39.708887],[67.37797,39.70892],[67.377933,39.708917],[67.377853,39.708864],[67.377851,39.708863],[67.377768,39.708818],[67.377766,39.708817],[67.377763,39.708816],[67.377697,39.708794],[67.377694,39.708793],[67.37769,39.708793],[67.377664,39.708791],[67.377649,39.70879],[67.377604,39.708787],[67.377603,39.708787],[67.377601,39.708787],[67.37738,39.708799],[67.377379,39.708799],[67.377131,39.708826],[67.377076,39.708812],[67.377047,39.708752],[67.37701,39.708679],[67.377008,39.708675],[67.377018,39.708616],[67.377042,39.708529],[67.377032,39.708473],[67.377033,39.708425],[67.377045,39.708383],[67.377045,39.708383],[67.377059,39.708379],[67.377062,39.708378],[67.377064,39.708376],[67.377067,39.708375],[67.377096,39.708351],[67.377135,39.708102],[67.377141,39.708065],[67.377157,39.707979],[67.377157,39.707977],[67.377201,39.707817],[67.377321,39.707802],[67.377561,39.70778],[67.378652,39.707677],[67.378899,39.707654],[67.380026,39.707548],[67.380101,39.707538]]]}},{"type":"Feature","id":580,"properties":{},"geometry":{"type":"Polygon","coordinates":[[[67.390338,39.692738],[67.39011,39.692851],[67.390108,39.692852],[67.389611,39.693171],[67.389449,39.692987],[67.387494,39.690762],[67.387468,39.690732],[67.387515,39.690717],[67.387586,39.690689],[67.388306,39.690466],[67.388318,39.690474],[67.388406,39.690571],[67.388699,39.690921],[67.389578,39.691896],[67.389919,39.692273],[67.390109,39.692484],[67.390338,39.692738]]]}},{"type":"Feature","id":581,"properties":{},"geometry":{"type":"Polygon","coordinates":[[[67.350068,39.7267],[67.349888,39.726884],[67.348151,39.725675],[67.34806,39.725611],[67.348,39.725647],[67.346083,39.724221],[67.346348,39.724005],[67.346656,39.724235],[67.346981,39.724476],[67.347063,39.724536],[67.34723,39.72466],[67.34812,39.725294],[67.348247,39.725388],[67.348586,39.725638],[67.348739,39.72575],[67.350068,39.7267]]]}},{"type":"Feature","id":582,"properties":{},"geometry":{"type":"Polygon","coordinates":[[[67.349836,39.724852],[67.349301,39.725299],[67.34902,39.725525],[67.348963,39.72557],[67.348739,39.72575],[67.348586,39.725638],[67.348247,39.725388],[67.34812,39.725294],[67.34723,39.72466],[67.348002,39.724008],[67.34831,39.72377],[67.349836,39.724852]]]}},{"type":"Feature","id":583,"properties":{},"geometry":{"type":"Polygon","coordinates":[[[67.346348,39.724005],[67.346083,39.724221],[67.34519,39.723557],[67.345194,39.723552],[67.345829,39.723019],[67.346262,39.722666],[67.346496,39.72247],[67.347391,39.723126],[67.347126,39.72335],[67.347025,39.723435],[67.346348,39.724005]]]}},{"type":"Feature","id":584,"properties":{},"geometry":{"type":"Polygon","coordinates":[[[67.359029,39.75271],[67.358869,39.752838],[67.358626,39.753056],[67.358494,39.753181],[67.3583,39.753308],[67.357929,39.753565],[67.35769,39.753801],[67.35754,39.753947],[67.35749,39.754029],[67.357408,39.754111],[67.357365,39.754194],[67.357308,39.754343],[67.35724,39.754497],[67.357183,39.754565],[67.356915,39.754675],[67.356644,39.754785],[67.356594,39.754796],[67.356432,39.754823],[67.356151,39.754854],[67.356097,39.754793],[67.356035,39.754724],[67.356763,39.753946],[67.358363,39.752241],[67.359029,39.75271]]]}},{"type":"Feature","id":585,"properties":{},"geometry":{"type":"Polygon","coordinates":[[[67.345497,39.763636],[67.345507,39.763722],[67.344017,39.763749],[67.344,39.763735],[67.343997,39.763696],[67.343985,39.763314],[67.343982,39.763219],[67.343976,39.763044],[67.343972,39.762958],[67.344305,39.762979],[67.344947,39.762979],[67.345155,39.762979],[67.345435,39.762979],[67.345482,39.763305],[67.345484,39.763418],[67.345485,39.763454],[67.345487,39.763556],[67.345497,39.763636]]]}},{"type":"Feature","id":586,"properties":{},"geometry":{"type":"Polygon","coordinates":[[[67.349012,39.762405],[67.349021,39.762784],[67.349029,39.762828],[67.348988,39.762911],[67.348956,39.763018],[67.348895,39.763121],[67.348894,39.763228],[67.348648,39.763225],[67.348453,39.763243],[67.348131,39.763217],[67.348021,39.763208],[67.347523,39.763201],[67.347155,39.763208],[67.347169,39.763099],[67.347245,39.762867],[67.347311,39.762361],[67.348833,39.762365],[67.348908,39.762366],[67.348998,39.762366],[67.349012,39.762405]]]}},{"type":"Feature","id":587,"properties":{},"geometry":{"type":"Polygon","coordinates":[[[67.347827,39.761549],[67.347767,39.761618],[67.347516,39.761915],[67.347434,39.762082],[67.347408,39.762134],[67.347352,39.762242],[67.347311,39.762361],[67.347295,39.762361],[67.34567,39.762357],[67.34558,39.762357],[67.34544,39.762357],[67.34405,39.762333],[67.344062,39.762257],[67.344105,39.762054],[67.344184,39.761798],[67.344253,39.761613],[67.347827,39.761549]]]}},{"type":"Feature","id":588,"properties":{},"geometry":{"type":"Polygon","coordinates":[[[67.349847,39.76237],[67.349587,39.762399],[67.34943,39.762405],[67.349012,39.762405],[67.348998,39.762366],[67.348908,39.762366],[67.348833,39.762365],[67.347311,39.762361],[67.347352,39.762242],[67.347408,39.762134],[67.347434,39.762082],[67.347516,39.761915],[67.347767,39.761618],[67.347827,39.761549],[67.349799,39.761514],[67.349793,39.761705],[67.349799,39.761889],[67.349812,39.761981],[67.349854,39.762303],[67.349847,39.76237]]]}},{"type":"Feature","id":589,"properties":{},"geometry":{"type":"Polygon","coordinates":[[[67.341966,39.725938],[67.341178,39.726578],[67.341145,39.726606],[67.338911,39.724954],[67.339374,39.724477],[67.339525,39.724275],[67.340216,39.724748],[67.340533,39.724967],[67.340606,39.725017],[67.340865,39.725196],[67.341541,39.725623],[67.341924,39.725906],[67.341966,39.725938]]]}},{"type":"Feature","id":590,"properties":{},"geometry":{"type":"Polygon","coordinates":[[[67.338911,39.724954],[67.338841,39.725026],[67.338824,39.725043],[67.338581,39.725292],[67.338576,39.725298],[67.338104,39.725844],[67.336723,39.72488],[67.336676,39.724829],[67.3382,39.723558],[67.338349,39.723432],[67.338377,39.723447],[67.339525,39.724275],[67.339374,39.724477],[67.338911,39.724954]]]}},{"type":"Feature","id":591,"properties":{},"geometry":{"type":"Polygon","coordinates":[[[67.341145,39.726606],[67.341107,39.726638],[67.340867,39.726843],[67.340783,39.726915],[67.340355,39.72728],[67.340322,39.727313],[67.340267,39.727354],[67.338104,39.725844],[67.338576,39.725298],[67.338581,39.725292],[67.338824,39.725043],[67.338841,39.725026],[67.338911,39.724954],[67.341145,39.726606]]]}},{"type":"Feature","id":592,"properties":{},"geometry":{"type":"Polygon","coordinates":[[[67.220823,39.644207],[67.221914,39.643166],[67.221987,39.643202],[67.222155,39.643342],[67.222368,39.643532],[67.222419,39.643577],[67.222702,39.643828],[67.222854,39.643949],[67.222695,39.644105],[67.222497,39.644322],[67.222425,39.644394],[67.222345,39.644474],[67.222165,39.644661],[67.221995,39.644848],[67.221815,39.645037],[67.221697,39.645154],[67.221624,39.645227],[67.220915,39.644728],[67.220656,39.644546],[67.220608,39.644514],[67.220552,39.644471],[67.220591,39.644433],[67.220605,39.64442],[67.220618,39.644407],[67.220673,39.644353],[67.220675,39.644355],[67.220823,39.644207]]]}},{"type":"Feature","id":593,"properties":{},"geometry":{"type":"Polygon","coordinates":[[[67.218488,39.648271],[67.218458,39.64833],[67.217997,39.648792],[67.217924,39.648862],[67.21773,39.649045],[67.217538,39.649238],[67.217336,39.649439],[67.217189,39.649581],[67.217066,39.649696],[67.216992,39.649764],[67.216961,39.649748],[67.21572,39.649076],[67.215717,39.649075],[67.215718,39.649074],[67.21572,39.649072],[67.215726,39.649066],[67.215728,39.649065],[67.215735,39.649057],[67.21574,39.649053],[67.215745,39.649048],[67.215751,39.649042],[67.215755,39.649038],[67.215762,39.649031],[67.215767,39.649027],[67.215777,39.649017],[67.215779,39.649015],[67.215792,39.649002],[67.215803,39.648992],[67.21581,39.648985],[67.215811,39.648984],[67.215825,39.648971],[67.215836,39.64896],[67.215842,39.648954],[67.215843,39.648953],[67.215862,39.648935],[67.215874,39.648923],[67.21588,39.648917],[67.215881,39.648916],[67.21589,39.648907],[67.215894,39.648903],[67.215902,39.648896],[67.215906,39.648892],[67.215912,39.648886],[67.215914,39.648885],[67.215917,39.648882],[67.215917,39.648882],[67.215931,39.648868],[67.215933,39.648866],[67.215936,39.648864],[67.215945,39.648855],[67.215953,39.648847],[67.215976,39.648824],[67.215985,39.648816],[67.216007,39.648794],[67.216018,39.648784],[67.216034,39.648769],[67.216052,39.648751],[67.216063,39.648741],[67.216076,39.648728],[67.216079,39.648725],[67.216103,39.648702],[67.216108,39.648696],[67.216111,39.648694],[67.216114,39.648691],[67.216117,39.648688],[67.216125,39.648681],[67.216128,39.648678],[67.216179,39.648628],[67.216183,39.648625],[67.216197,39.648611],[67.216216,39.648593],[67.216236,39.648574],[67.216251,39.648559],[67.216277,39.648534],[67.216293,39.648518],[67.216318,39.648494],[67.216328,39.648484],[67.216355,39.648458],[67.216368,39.648446],[67.216404,39.648411],[67.216407,39.648408],[67.216445,39.648371],[67.216446,39.64837],[67.216481,39.648336],[67.216514,39.648304],[67.216521,39.648297],[67.216525,39.648294],[67.21653,39.648289],[67.216541,39.648278],[67.216564,39.648256],[67.216578,39.648242],[67.216592,39.648229],[67.2166,39.648221],[67.216602,39.64822],[67.216792,39.648047],[67.217043,39.647793],[67.217134,39.647706],[67.217134,39.647706],[67.217141,39.647698],[67.217207,39.647632],[67.217274,39.647565],[67.217327,39.6476],[67.218183,39.648098],[67.218488,39.648271]]]}},{"type":"Feature","id":594,"properties":{},"geometry":{"type":"Polygon","coordinates":[[[67.221624,39.645227],[67.221324,39.645535],[67.221216,39.645649],[67.221014,39.645862],[67.220708,39.646179],[67.220588,39.646296],[67.220495,39.646386],[67.220444,39.646353],[67.219802,39.64594],[67.219414,39.645694],[67.219359,39.645652],[67.219361,39.64565],[67.219363,39.645652],[67.220108,39.644905],[67.220153,39.644861],[67.220234,39.644788],[67.220348,39.644671],[67.220552,39.644471],[67.220608,39.644514],[67.220656,39.644546],[67.220915,39.644728],[67.221624,39.645227]]]}},{"type":"Feature","id":595,"properties":{},"geometry":{"type":"Polygon","coordinates":[[[67.253504,39.600022],[67.253482,39.599995],[67.253461,39.59999],[67.253398,39.599975],[67.253397,39.599975],[67.252858,39.599342],[67.252838,39.599302],[67.252929,39.599253],[67.252931,39.599254],[67.253184,39.599118],[67.253491,39.598937],[67.253588,39.598879],[67.2536,39.598872],[67.253662,39.598835],[67.253991,39.598641],[67.254142,39.598551],[67.254162,39.598539],[67.254634,39.59826],[67.254635,39.598261],[67.254775,39.598178],[67.255117,39.59802],[67.255354,39.59791],[67.255391,39.597894],[67.255403,39.597882],[67.25552,39.597988],[67.25637,39.598932],[67.256702,39.59925],[67.256748,39.599299],[67.25682,39.599388],[67.256623,39.599497],[67.256571,39.599525],[67.256493,39.599568],[67.255734,39.599983],[67.255111,39.60032],[67.254739,39.600519],[67.254649,39.600421],[67.254439,39.600172],[67.254342,39.600057],[67.254083,39.599747],[67.253504,39.600022]]]}},{"type":"Feature","id":596,"properties":{},"geometry":{"type":"Polygon","coordinates":[[[67.269018,39.596794],[67.269015,39.596905],[67.269006,39.597042],[67.269083,39.597223],[67.26914,39.597328],[67.267459,39.597915],[67.267408,39.597933],[67.267265,39.597983],[67.267236,39.59793],[67.267185,39.597946],[67.266855,39.598062],[67.266808,39.598078],[67.266753,39.598097],[67.266213,39.598282],[67.265739,39.598431],[67.265185,39.598605],[67.264603,39.598813],[67.264439,39.598644],[67.264218,39.59844],[67.264063,39.598269],[67.263924,39.598114],[67.263728,39.597838],[67.263815,39.597796],[67.264767,39.597464],[67.264985,39.597386],[67.265095,39.597347],[67.265856,39.597074],[67.265856,39.597073],[67.266021,39.597014],[67.266155,39.596966],[67.267183,39.596597],[67.268573,39.596149],[67.268627,39.596227],[67.268732,39.596362],[67.268853,39.596489],[67.268915,39.596611],[67.269018,39.596794]]]}},{"type":"Feature","id":597,"properties":{},"geometry":{"type":"Polygon","coordinates":[[[67.272629,39.594356],[67.272614,39.594303],[67.272615,39.594286],[67.272616,39.594286],[67.272619,39.594175],[67.272579,39.594061],[67.272596,39.593999],[67.272769,39.593925],[67.273453,39.593634],[67.273453,39.593634],[67.275095,39.59414],[67.275766,39.594341],[67.275728,39.594355],[67.275034,39.594617],[67.27443,39.594839],[67.274195,39.594927],[67.273967,39.595012],[67.273821,39.595066],[67.273679,39.595118],[67.273314,39.595253],[67.273231,39.595285],[67.273122,39.595158],[67.272629,39.594356]]]}},{"type":"Feature","id":598,"properties":{},"geometry":{"type":"Polygon","coordinates":[[[67.255174,39.699083],[67.255156,39.69926],[67.255122,39.699491],[67.255103,39.699574],[67.255013,39.699902],[67.254923,39.700121],[67.254618,39.700717],[67.254446,39.700988],[67.25416,39.701339],[67.254071,39.70144],[67.253891,39.701672],[67.253833,39.70176],[67.253771,39.701853],[67.253499,39.702332],[67.25348,39.702418],[67.253309,39.702415],[67.252688,39.70237],[67.252208,39.702314],[67.251982,39.702263],[67.251804,39.702162],[67.250918,39.701672],[67.25039,39.701373],[67.249973,39.701128],[67.250071,39.700982],[67.250202,39.700718],[67.250405,39.700386],[67.250537,39.700162],[67.25073,39.699708],[67.250876,39.699376],[67.250992,39.699162],[67.251366,39.698465],[67.251395,39.698406],[67.25518,39.698897],[67.255175,39.699054],[67.255174,39.699083]]]}},{"type":"Feature","id":599,"properties":{},"geometry":{"type":"Polygon","coordinates":[[[67.289183,39.633588],[67.288215,39.634018],[67.287866,39.633659],[67.287664,39.633442],[67.287421,39.63318],[67.287422,39.633179],[67.287367,39.63312],[67.287121,39.632849],[67.287838,39.632411],[67.28786,39.632426],[67.287993,39.632314],[67.289183,39.633588]]]}},{"type":"Feature","id":600,"properties":{},"geometry":{"type":"Polygon","coordinates":[[[67.288774,39.634632],[67.28854,39.634724],[67.287991,39.634949],[67.287277,39.635279],[67.287254,39.63529],[67.287179,39.635323],[67.286827,39.635486],[67.286799,39.635555],[67.286574,39.635153],[67.286411,39.634969],[67.28608,39.63439],[67.285875,39.634072],[67.28582,39.633991],[67.285822,39.63399],[67.287283,39.633249],[67.287421,39.63318],[67.287664,39.633442],[67.287866,39.633659],[67.288215,39.634018],[67.28844,39.634248],[67.288774,39.634632]]]}},{"type":"Feature","id":601,"properties":{},"geometry":{"type":"Polygon","coordinates":[[[67.304384,39.623518],[67.304089,39.62381],[67.303514,39.624404],[67.303427,39.624363],[67.303339,39.624321],[67.303276,39.624282],[67.303033,39.624135],[67.302875,39.624076],[67.30284,39.624016],[67.302811,39.623966],[67.302729,39.623827],[67.302687,39.623756],[67.302687,39.623756],[67.302664,39.623717],[67.302664,39.623717],[67.302629,39.623653],[67.30258,39.623599],[67.30258,39.623599],[67.302536,39.623549],[67.302432,39.623419],[67.302254,39.623197],[67.301972,39.622842],[67.301865,39.622708],[67.30177,39.622587],[67.301768,39.622584],[67.301663,39.622453],[67.301575,39.622342],[67.301568,39.622333],[67.301492,39.622238],[67.301418,39.622145],[67.301243,39.621927],[67.301059,39.621649],[67.300954,39.621422],[67.300881,39.621262],[67.300832,39.621064],[67.300824,39.621023],[67.300824,39.621023],[67.300789,39.620837],[67.300789,39.620827],[67.300894,39.620779],[67.300896,39.620778],[67.300892,39.620752],[67.300884,39.620681],[67.300864,39.620569],[67.300864,39.620568],[67.301109,39.620351],[67.301347,39.620096],[67.301634,39.619849],[67.301812,39.619651],[67.301867,39.619633],[67.301868,39.619633],[67.302038,39.619609],[67.302197,39.619586],[67.3022,39.619589],[67.302826,39.620309],[67.302825,39.62031],[67.302821,39.620497],[67.302835,39.620841],[67.302898,39.620982],[67.303094,39.621344],[67.303205,39.621574],[67.303262,39.62176],[67.303273,39.621857],[67.303316,39.622],[67.303377,39.622065],[67.303496,39.622201],[67.303627,39.622298],[67.303753,39.62237],[67.303826,39.622391],[67.303886,39.622397],[67.303991,39.622431],[67.30406,39.622487],[67.303979,39.622486],[67.303824,39.622561],[67.303746,39.622654],[67.303635,39.622761],[67.303555,39.622843],[67.303617,39.622934],[67.303789,39.623079],[67.303962,39.623192],[67.304144,39.623372],[67.304239,39.623442],[67.304384,39.623518]]]}},{"type":"Feature","id":602,"properties":{},"geometry":{"type":"Polygon","coordinates":[[[67.229036,39.656759],[67.225672,39.65842],[67.225451,39.658188],[67.224955,39.657661],[67.224962,39.657658],[67.225049,39.657615],[67.225019,39.657576],[67.225087,39.657541],[67.22504,39.657472],[67.224898,39.65733],[67.224823,39.657254],[67.224609,39.657037],[67.224575,39.657002],[67.224486,39.656913],[67.224243,39.656666],[67.223789,39.656202],[67.223792,39.656201],[67.224095,39.656062],[67.224342,39.655947],[67.224345,39.655946],[67.224348,39.655944],[67.225051,39.655357],[67.225195,39.655393],[67.225216,39.655399],[67.225314,39.655423],[67.225571,39.65522],[67.226003,39.654879],[67.226535,39.654529],[67.226678,39.654463],[67.226749,39.654531],[67.227179,39.654945],[67.227553,39.655305],[67.227864,39.655604],[67.227948,39.655687],[67.228135,39.65587],[67.228443,39.656173],[67.229036,39.656759]]]}},{"type":"Feature","id":603,"properties":{},"geometry":{"type":"Polygon","coordinates":[[[67.231041,39.654901],[67.231433,39.655048],[67.231864,39.655209],[67.232437,39.655424],[67.232845,39.655814],[67.233097,39.656055],[67.229889,39.657654],[67.229192,39.656918],[67.229112,39.656834],[67.229036,39.656759],[67.228443,39.656173],[67.228781,39.656005],[67.229056,39.655869],[67.230019,39.655378],[67.231039,39.654989],[67.231041,39.654901]]]}},{"type":"Feature","id":604,"properties":{},"geometry":{"type":"Polygon","coordinates":[[[67.231041,39.654901],[67.231039,39.654989],[67.230019,39.655378],[67.229056,39.655869],[67.228781,39.656005],[67.228443,39.656173],[67.228135,39.65587],[67.227948,39.655687],[67.227864,39.655604],[67.227553,39.655305],[67.227179,39.654945],[67.227239,39.654919],[67.227506,39.654806],[67.228913,39.654208],[67.229021,39.654167],[67.229269,39.654307],[67.229649,39.654429],[67.230415,39.654683],[67.230779,39.654793],[67.230896,39.654842],[67.231041,39.654901]]]}},{"type":"Feature","id":605,"properties":{},"geometry":{"type":"Polygon","coordinates":[[[67.216154,39.660407],[67.216134,39.660387],[67.215971,39.660526],[67.215969,39.660528],[67.215953,39.660542],[67.21592,39.66057],[67.2159,39.660588],[67.215888,39.660598],[67.215818,39.660658],[67.215733,39.660731],[67.21563,39.660628],[67.21435,39.659356],[67.214433,39.659272],[67.214514,39.659196],[67.215032,39.658704],[67.215236,39.65851],[67.215414,39.658337],[67.215474,39.658278],[67.215557,39.658185],[67.215625,39.658095],[67.215714,39.65796],[67.215807,39.657814],[67.215853,39.657735],[67.215896,39.657671],[67.215994,39.657602],[67.216053,39.657584],[67.216204,39.657763],[67.216406,39.658003],[67.216463,39.658071],[67.216575,39.658203],[67.216806,39.658426],[67.217086,39.658695],[67.217197,39.658814],[67.217207,39.658879],[67.217243,39.659107],[67.217299,39.659245],[67.217334,39.659286],[67.217355,39.659304],[67.217273,39.65938],[67.216911,39.65972],[67.216927,39.659737],[67.216867,39.659793],[67.216792,39.65986],[67.216691,39.659947],[67.216628,39.660001],[67.216251,39.660324],[67.216154,39.660407]]]}},{"type":"Feature","id":606,"properties":{},"geometry":{"type":"Polygon","coordinates":[[[67.216927,39.659737],[67.217456,39.6603],[67.217484,39.66033],[67.217412,39.660372],[67.217842,39.660828],[67.217926,39.660918],[67.217989,39.660984],[67.218338,39.661361],[67.217738,39.661753],[67.216251,39.660324],[67.216628,39.660001],[67.216691,39.659947],[67.216792,39.65986],[67.216867,39.659793],[67.216927,39.659737]]]}},{"type":"Feature","id":607,"properties":{},"geometry":{"type":"Polygon","coordinates":[[[67.22051,39.657946],[67.220577,39.658007],[67.220981,39.658377],[67.221234,39.658609],[67.221675,39.659013],[67.221826,39.65915],[67.221318,39.659472],[67.220934,39.65974],[67.220505,39.660034],[67.220143,39.660256],[67.220121,39.660234],[67.21711,39.657145],[67.2173,39.6571],[67.217499,39.657062],[67.217911,39.656985],[67.218385,39.656895],[67.218642,39.656864],[67.219254,39.656803],[67.219267,39.656815],[67.219333,39.656875],[67.220418,39.657862],[67.22051,39.657946]]]}},{"type":"Feature","id":608,"properties":{},"geometry":{"type":"Polygon","coordinates":[[[67.372715,39.782257],[67.374399,39.783524],[67.374397,39.783531],[67.373875,39.784722],[67.373866,39.784743],[67.373603,39.785307],[67.37351,39.785531],[67.3734,39.785793],[67.370408,39.78359],[67.370508,39.783544],[67.370884,39.783368],[67.371519,39.783063],[67.37178,39.782902],[67.372127,39.782659],[67.372344,39.782507],[67.372651,39.782215],[67.372715,39.782257]]]}},{"type":"Feature","id":609,"properties":{},"geometry":{"type":"Polygon","coordinates":[[[67.324275,39.709099],[67.32493,39.709551],[67.325104,39.709671],[67.325232,39.70976],[67.326147,39.710332],[67.32684,39.710768],[67.327052,39.710942],[67.326617,39.711274],[67.326385,39.711454],[67.326308,39.711512],[67.326209,39.711598],[67.326156,39.711764],[67.326121,39.711864],[67.326121,39.711864],[67.325967,39.711847],[67.325697,39.711852],[67.322881,39.710027],[67.323148,39.709859],[67.323407,39.709684],[67.323535,39.709598],[67.324275,39.709099]]]}},{"type":"Feature","id":610,"properties":{},"geometry":{"type":"Polygon","coordinates":[[[67.266154,39.618662],[67.265003,39.619135],[67.264952,39.619047],[67.264949,39.619043],[67.264851,39.618862],[67.264564,39.618382],[67.264486,39.618248],[67.264485,39.618247],[67.265106,39.617973],[67.265513,39.617786],[67.266154,39.618662]]]}},{"type":"Feature","id":611,"properties":{},"geometry":{"type":"Polygon","coordinates":[[[67.266154,39.618662],[67.266191,39.618713],[67.266316,39.618663],[67.266468,39.618599],[67.268417,39.617784],[67.268553,39.617929],[67.268741,39.618129],[67.267035,39.61885],[67.266179,39.619204],[67.265382,39.619568],[67.265302,39.619496],[67.265161,39.619334],[67.265055,39.61919],[67.265003,39.619136],[67.265003,39.619135],[67.266154,39.618662]]]}},{"type":"Feature","id":612,"properties":{},"geometry":{"type":"Polygon","coordinates":[[[67.284695,39.736539],[67.28479,39.736566],[67.285175,39.736675],[67.285234,39.736701],[67.285184,39.736771],[67.285131,39.736916],[67.285135,39.736987],[67.285066,39.737379],[67.285014,39.737507],[67.284958,39.737598],[67.284802,39.737776],[67.284642,39.737886],[67.2845,39.737971],[67.284376,39.737928],[67.284157,39.737849],[67.283902,39.737779],[67.283551,39.737683],[67.284342,39.736439],[67.284695,39.736539]]]}},{"type":"Feature","id":613,"properties":{},"geometry":{"type":"Polygon","coordinates":[[[67.321955,39.724072],[67.321938,39.724109],[67.321748,39.724309],[67.321713,39.724346],[67.321472,39.724599],[67.32121,39.724855],[67.320217,39.724155],[67.320954,39.72337],[67.321955,39.724072]]]}},{"type":"Feature","id":614,"properties":{},"geometry":{"type":"Polygon","coordinates":[[[67.244852,39.651047],[67.246066,39.650084],[67.24612,39.650046],[67.246132,39.650059],[67.246425,39.650305],[67.24652,39.650393],[67.246561,39.650427],[67.246757,39.650589],[67.246959,39.650763],[67.246962,39.65084],[67.246942,39.650909],[67.247098,39.651037],[67.247839,39.651644],[67.247892,39.651687],[67.248053,39.65183],[67.248075,39.651899],[67.248092,39.651983],[67.248062,39.652122],[67.247901,39.652217],[67.247804,39.65227],[67.247489,39.652441],[67.247117,39.652644],[67.24689,39.652743],[67.246792,39.652681],[67.246567,39.652488],[67.245803,39.65185],[67.245296,39.651416],[67.244852,39.651047]]]}},{"type":"Feature","id":615,"properties":{},"geometry":{"type":"Polygon","coordinates":[[[67.252322,39.653418],[67.252246,39.653419],[67.252121,39.653452],[67.251988,39.653492],[67.251798,39.653529],[67.251642,39.653547],[67.251476,39.653566],[67.251257,39.653583],[67.2511,39.653606],[67.251032,39.653537],[67.250984,39.653489],[67.250758,39.653246],[67.249851,39.65227],[67.249798,39.652224],[67.249572,39.652026],[67.249217,39.651715],[67.249172,39.651672],[67.248987,39.651495],[67.249121,39.651404],[67.249222,39.651335],[67.249422,39.651187],[67.249605,39.65105],[67.249606,39.651051],[67.249611,39.651048],[67.2497,39.650982],[67.249738,39.650956],[67.249928,39.650835],[67.250523,39.651501],[67.250579,39.651567],[67.250698,39.651695],[67.250792,39.651794],[67.250878,39.651889],[67.251203,39.652229],[67.251498,39.652535],[67.25166,39.652702],[67.251907,39.652973],[67.252191,39.65327],[67.252256,39.65331],[67.252322,39.653418]]]}},{"type":"Feature","id":616,"properties":{},"geometry":{"type":"Polygon","coordinates":[[[67.24689,39.652743],[67.246959,39.652819],[67.24697,39.652829],[67.246766,39.652918],[67.246675,39.652965],[67.246492,39.65305],[67.246445,39.653082],[67.246404,39.653099],[67.245984,39.653068],[67.244187,39.652837],[67.243524,39.652732],[67.243505,39.652721],[67.24384,39.652759],[67.243848,39.652709],[67.243803,39.652671],[67.243774,39.652634],[67.243685,39.652521],[67.243522,39.652364],[67.24337,39.652244],[67.243482,39.652145],[67.244081,39.651663],[67.244171,39.651591],[67.244238,39.651539],[67.244584,39.651266],[67.244812,39.651079],[67.244852,39.651047],[67.245296,39.651416],[67.245803,39.65185],[67.246567,39.652488],[67.246792,39.652681],[67.24689,39.652743]]]}},{"type":"Feature","id":617,"properties":{},"geometry":{"type":"Polygon","coordinates":[[[67.2511,39.653606],[67.250963,39.653662],[67.250835,39.653713],[67.250748,39.653755],[67.250675,39.65378],[67.250657,39.653787],[67.250563,39.653802],[67.250495,39.653805],[67.250442,39.653788],[67.250277,39.653675],[67.250097,39.653539],[67.249657,39.653194],[67.249233,39.65289],[67.248897,39.652629],[67.248722,39.652493],[67.248449,39.652282],[67.248319,39.652182],[67.248254,39.652114],[67.248236,39.652062],[67.248264,39.652023],[67.248523,39.65183],[67.248686,39.651711],[67.248853,39.651589],[67.248987,39.651495],[67.249172,39.651672],[67.249217,39.651715],[67.249572,39.652026],[67.249798,39.652224],[67.249851,39.65227],[67.250758,39.653246],[67.250984,39.653489],[67.251032,39.653537],[67.2511,39.653606]]]}},{"type":"Feature","id":618,"properties":{},"geometry":{"type":"Polygon","coordinates":[[[67.340869,39.730191],[67.34079,39.730137],[67.339773,39.729414],[67.34007,39.729163],[67.340394,39.728883],[67.340409,39.728883],[67.341057,39.729356],[67.341455,39.729666],[67.341525,39.72968],[67.341585,39.729672],[67.341671,39.729608],[67.343324,39.730829],[67.343093,39.731013],[67.342817,39.731241],[67.341076,39.730065],[67.341048,39.730046],[67.340869,39.730191]]]}},{"type":"Feature","id":619,"properties":{},"geometry":{"type":"Polygon","coordinates":[[[67.344702,39.725576],[67.345053,39.725347],[67.345301,39.725526],[67.345562,39.725723],[67.345826,39.72592],[67.34674,39.726607],[67.346377,39.726869],[67.345611,39.726278],[67.345402,39.726117],[67.344702,39.725576]]]}},{"type":"Feature","id":620,"properties":{},"geometry":{"type":"Polygon","coordinates":[[[67.34277,39.721282],[67.342905,39.721378],[67.343033,39.721469],[67.34345,39.721764],[67.342712,39.722365],[67.34149,39.721496],[67.341142,39.721258],[67.341056,39.721206],[67.341041,39.721198],[67.34176,39.720571],[67.34277,39.721282]]]}},{"type":"Feature","id":621,"properties":{},"geometry":{"type":"Polygon","coordinates":[[[67.342683,39.719713],[67.34358,39.718958],[67.34489,39.719876],[67.345384,39.720222],[67.34449,39.720941],[67.342683,39.719713]]]}},{"type":"Feature","id":622,"properties":{},"geometry":{"type":"Polygon","coordinates":[[[67.330662,39.726602],[67.330875,39.726735],[67.331966,39.727464],[67.332647,39.727929],[67.33273,39.727963],[67.332666,39.72805],[67.331279,39.729277],[67.328395,39.727237],[67.328665,39.726964],[67.329141,39.726507],[67.329131,39.72647],[67.329111,39.726435],[67.329017,39.726268],[67.328945,39.726129],[67.328914,39.726037],[67.328892,39.725848],[67.3289,39.725723],[67.328913,39.725665],[67.328881,39.725631],[67.328936,39.725589],[67.329003,39.725537],[67.330662,39.726602]]]}},{"type":"Feature","id":623,"properties":{},"geometry":{"type":"Polygon","coordinates":[[[67.338079,39.727365],[67.33808,39.727366],[67.338413,39.727613],[67.338523,39.727694],[67.338623,39.727768],[67.338648,39.727787],[67.338666,39.7278],[67.338909,39.72798],[67.338952,39.728012],[67.338952,39.728012],[67.339104,39.728124],[67.339107,39.728127],[67.338294,39.728785],[67.337883,39.729118],[67.337882,39.729119],[67.337878,39.729122],[67.337814,39.729054],[67.337629,39.728953],[67.336603,39.728254],[67.336039,39.727871],[67.336039,39.727871],[67.336011,39.727851],[67.335301,39.727368],[67.335471,39.727239],[67.335545,39.727182],[67.335588,39.727229],[67.335602,39.727244],[67.33579,39.72713],[67.335872,39.727091],[67.335932,39.727064],[67.336033,39.727017],[67.336116,39.726979],[67.336151,39.726962],[67.336197,39.726938],[67.336285,39.726894],[67.336672,39.726858],[67.336758,39.726859],[67.336758,39.726859],[67.336872,39.726861],[67.336984,39.726862],[67.336984,39.726862],[67.337016,39.726867],[67.337085,39.726876],[67.337257,39.726906],[67.337394,39.72693],[67.3375,39.726949],[67.337861,39.727212],[67.338072,39.727361],[67.338079,39.727365]]]}},{"type":"Feature","id":624,"properties":{},"geometry":{"type":"Polygon","coordinates":[[[67.359539,39.661078],[67.359182,39.661149],[67.358766,39.661227],[67.358489,39.661286],[67.357057,39.661568],[67.357044,39.661524],[67.35693,39.661134],[67.35689,39.66083],[67.356887,39.660803],[67.356886,39.660804],[67.356884,39.660787],[67.356883,39.66078],[67.356943,39.660769],[67.356989,39.66076],[67.357389,39.660685],[67.359238,39.660335],[67.359514,39.660283],[67.359577,39.660495],[67.359567,39.660712],[67.359539,39.661078]]]}},{"type":"Feature","id":625,"properties":{},"geometry":{"type":"Polygon","coordinates":[[[67.356642,39.659852],[67.356642,39.65985],[67.356567,39.659727],[67.356538,39.65968],[67.356519,39.659649],[67.359236,39.659101],[67.359231,39.659133],[67.359257,39.659209],[67.359286,39.659343],[67.359336,39.659604],[67.359377,39.65982],[67.359458,39.660092],[67.35934,39.660114],[67.356858,39.660585],[67.356856,39.66057],[67.356839,39.660427],[67.356829,39.660365],[67.356803,39.660205],[67.356761,39.660094],[67.357123,39.660032],[67.357362,39.659991],[67.358313,39.65983],[67.358389,39.65981],[67.358417,39.659765],[67.358479,39.659661],[67.358479,39.659532],[67.356812,39.659813],[67.356642,39.659852]]]}},{"type":"Feature","id":626,"properties":{},"geometry":{"type":"Polygon","coordinates":[[[67.35565,39.658256],[67.354866,39.65852],[67.353789,39.658834],[67.353447,39.658934],[67.353252,39.659002],[67.353251,39.659001],[67.353087,39.658656],[67.353082,39.658644],[67.352991,39.658318],[67.352923,39.657996],[67.353318,39.657881],[67.35374,39.657759],[67.355131,39.657355],[67.355326,39.657715],[67.355457,39.657957],[67.355598,39.658172],[67.35565,39.658256]]]}},{"type":"Feature","id":627,"properties":{},"geometry":{"type":"Polygon","coordinates":[[[67.356755,39.654231],[67.356837,39.654199],[67.35706,39.654152],[67.358195,39.65388],[67.359402,39.653502],[67.359428,39.653551],[67.359457,39.653611],[67.35949,39.653673],[67.359818,39.65422],[67.359644,39.654251],[67.359051,39.654422],[67.358371,39.654605],[67.358305,39.654623],[67.357698,39.654787],[67.357067,39.654966],[67.35699,39.654971],[67.356755,39.654231]]]}},{"type":"Feature","id":628,"properties":{},"geometry":{"type":"Polygon","coordinates":[[[67.313658,39.741076],[67.315904,39.742214],[67.315136,39.742599],[67.314438,39.742937],[67.313862,39.743189],[67.313802,39.743215],[67.312783,39.743695],[67.31268,39.743739],[67.312035,39.743258],[67.311974,39.743214],[67.311975,39.74316],[67.311859,39.743077],[67.311982,39.74294],[67.312409,39.742465],[67.312581,39.742274],[67.312859,39.741964],[67.313658,39.741076]]]}},{"type":"Feature","id":629,"properties":{},"geometry":{"type":"Polygon","coordinates":[[[67.255384,39.621802],[67.254756,39.621942],[67.254705,39.621956],[67.254705,39.621956],[67.253744,39.622206],[67.253545,39.621944],[67.253207,39.621493],[67.252991,39.621213],[67.252868,39.621052],[67.251901,39.619808],[67.252962,39.619317],[67.252986,39.619365],[67.253078,39.619483],[67.253336,39.619817],[67.253803,39.620325],[67.253805,39.620324],[67.253806,39.620325],[67.254164,39.620251],[67.25437,39.620208],[67.254433,39.620196],[67.255384,39.621802]]]}},{"type":"Feature","id":630,"properties":{},"geometry":{"type":"Polygon","coordinates":[[[67.269962,39.619319],[67.269896,39.619346],[67.269046,39.619704],[67.268954,39.619743],[67.268575,39.619902],[67.268516,39.619927],[67.268179,39.620068],[67.268105,39.61998],[67.26758,39.619427],[67.267264,39.619095],[67.267038,39.618879],[67.267039,39.618879],[67.2676,39.618641],[67.268259,39.618363],[67.268822,39.618125],[67.26953,39.618886],[67.269962,39.619319]]]}},{"type":"Feature","id":631,"properties":{},"geometry":{"type":"Polygon","coordinates":[[[67.268179,39.620068],[67.266891,39.620613],[67.266516,39.620773],[67.266438,39.620685],[67.266161,39.620396],[67.265937,39.620169],[67.265668,39.619896],[67.265386,39.619597],[67.265513,39.619539],[67.265868,39.619377],[67.266367,39.619157],[67.267038,39.618879],[67.267264,39.619095],[67.26758,39.619427],[67.268105,39.61998],[67.268179,39.620068]]]}},{"type":"Feature","id":632,"properties":{},"geometry":{"type":"Polygon","coordinates":[[[67.269962,39.619319],[67.270065,39.619424],[67.270182,39.619543],[67.270334,39.619699],[67.268389,39.620569],[67.268766,39.621163],[67.268026,39.621479],[67.26771,39.621614],[67.26771,39.621614],[67.26764,39.621644],[67.267479,39.621711],[67.266754,39.622013],[67.266706,39.622039],[67.266374,39.621674],[67.266013,39.621276],[67.265824,39.621067],[67.265905,39.621025],[67.266517,39.620774],[67.266516,39.620773],[67.266891,39.620613],[67.268179,39.620068],[67.268516,39.619927],[67.268575,39.619902],[67.268954,39.619743],[67.269046,39.619704],[67.269896,39.619346],[67.269962,39.619319]]]}},{"type":"Feature","id":633,"properties":{},"geometry":{"type":"Polygon","coordinates":[[[67.311878,39.726245],[67.310114,39.728076],[67.307447,39.726619],[67.30923,39.724767],[67.310342,39.725338],[67.31039,39.725282],[67.310757,39.725521],[67.311172,39.725803],[67.311225,39.725839],[67.311592,39.726088],[67.311878,39.726245]]]}},{"type":"Feature","id":634,"properties":{},"geometry":{"type":"Polygon","coordinates":[[[67.314374,39.723024],[67.31465,39.722794],[67.314787,39.722667],[67.315063,39.722409],[67.317045,39.723678],[67.316186,39.724508],[67.316154,39.724539],[67.316037,39.724643],[67.314056,39.723344],[67.31409,39.723313],[67.314093,39.72331],[67.314131,39.723275],[67.314374,39.723024]]]}},{"type":"Feature","id":635,"properties":{},"geometry":{"type":"Polygon","coordinates":[[[67.313301,39.724768],[67.311878,39.726245],[67.311592,39.726088],[67.311225,39.725839],[67.311172,39.725803],[67.310757,39.725521],[67.311589,39.724702],[67.311654,39.724704],[67.31183,39.724537],[67.312267,39.724119],[67.312746,39.724423],[67.312849,39.724487],[67.313301,39.724768]]]}},{"type":"Feature","id":636,"properties":{},"geometry":{"type":"Polygon","coordinates":[[[67.340538,39.745665],[67.340475,39.745742],[67.340271,39.745987],[67.340092,39.746202],[67.339827,39.746527],[67.338876,39.746097],[67.339534,39.745274],[67.340538,39.745665]]]}},{"type":"Feature","id":637,"properties":{},"geometry":{"type":"Polygon","coordinates":[[[67.34193,39.74392],[67.341895,39.743963],[67.340915,39.745193],[67.34086,39.745262],[67.340538,39.745665],[67.339534,39.745274],[67.340181,39.744467],[67.340473,39.744088],[67.340806,39.743657],[67.340882,39.743558],[67.340909,39.743524],[67.341262,39.743661],[67.34193,39.74392]]]}},{"type":"Feature","id":638,"properties":{},"geometry":{"type":"Polygon","coordinates":[[[67.335008,39.745249],[67.334389,39.746048],[67.334209,39.746281],[67.334181,39.746266],[67.333251,39.745829],[67.334069,39.744883],[67.335008,39.745249]]]}},{"type":"Feature","id":639,"properties":{},"geometry":{"type":"Polygon","coordinates":[[[67.318444,39.728838],[67.317695,39.729486],[67.315923,39.728221],[67.316014,39.728137],[67.316221,39.727955],[67.316189,39.727935],[67.316639,39.72751],[67.317648,39.728259],[67.31779,39.728362],[67.31813,39.72861],[67.318444,39.728838]]]}},{"type":"Feature","id":640,"properties":{},"geometry":{"type":"Polygon","coordinates":[[[67.31529,39.726433],[67.315211,39.726433],[67.314746,39.726426],[67.314123,39.726463],[67.314037,39.726466],[67.314141,39.726397],[67.314571,39.726044],[67.31489,39.725782],[67.314999,39.72569],[67.315018,39.725703],[67.315369,39.72542],[67.315383,39.725423],[67.315722,39.725554],[67.315809,39.725614],[67.316036,39.725764],[67.316165,39.725662],[67.316252,39.725592],[67.316355,39.725509],[67.316429,39.725449],[67.316496,39.725387],[67.317347,39.725942],[67.317623,39.726142],[67.317552,39.726183],[67.317496,39.726257],[67.317369,39.726368],[67.317304,39.726392],[67.317044,39.726401],[67.31694,39.726406],[67.316487,39.726426],[67.31529,39.726433]]]}},{"type":"Feature","id":641,"properties":{},"geometry":{"type":"Polygon","coordinates":[[[67.317681,39.726142],[67.317623,39.726142],[67.317347,39.725942],[67.316496,39.725387],[67.316197,39.725202],[67.31623,39.725174],[67.316018,39.725045],[67.315958,39.725008],[67.315937,39.724994],[67.315893,39.724965],[67.31632,39.724584],[67.316363,39.724613],[67.318005,39.725744],[67.317939,39.725821],[67.31785,39.725941],[67.317738,39.726081],[67.317681,39.726142]]]}},{"type":"Feature","id":642,"properties":{},"geometry":{"type":"Polygon","coordinates":[[[67.308995,39.752389],[67.307407,39.752557],[67.307374,39.752387],[67.30732,39.752116],[67.307267,39.751845],[67.307305,39.751825],[67.30744,39.751674],[67.307558,39.751542],[67.307403,39.751182],[67.307386,39.751133],[67.307611,39.751026],[67.308386,39.750665],[67.30846,39.750645],[67.308531,39.750877],[67.308549,39.750933],[67.308792,39.751715],[67.308869,39.751972],[67.308944,39.752221],[67.308995,39.752389]]]}},{"type":"Feature","id":643,"properties":{},"geometry":{"type":"Polygon","coordinates":[[[67.375572,39.56884],[67.375561,39.568902],[67.37555,39.568967],[67.37552,39.569069],[67.375436,39.569235],[67.375233,39.569507],[67.375205,39.569545],[67.375175,39.56958],[67.375142,39.569619],[67.375041,39.56974],[67.374926,39.569879],[67.374777,39.570056],[67.374516,39.570405],[67.374224,39.570768],[67.373809,39.570425],[67.373662,39.570293],[67.373626,39.570261],[67.373456,39.570109],[67.373175,39.569856],[67.372511,39.569279],[67.372634,39.569216],[67.373213,39.568811],[67.373435,39.568656],[67.374058,39.568284],[67.374214,39.568191],[67.374417,39.568283],[67.374865,39.568499],[67.375082,39.56861],[67.375207,39.568674],[67.375311,39.568727],[67.375417,39.568782],[67.375572,39.56884]]]}},{"type":"Feature","id":644,"properties":{},"geometry":{"type":"Polygon","coordinates":[[[67.371812,39.566888],[67.371926,39.566842],[67.372502,39.566678],[67.373091,39.566507],[67.373562,39.566355],[67.374135,39.566192],[67.374222,39.566168],[67.37443,39.566108],[67.374654,39.566043],[67.375351,39.565842],[67.375896,39.56569],[67.376144,39.56619],[67.375859,39.566409],[67.375462,39.566665],[67.375164,39.566981],[67.374906,39.567247],[67.374465,39.567394],[67.374029,39.567516],[67.372521,39.568027],[67.372516,39.568019],[67.372488,39.567971],[67.37244,39.567889],[67.372322,39.567668],[67.37248,39.567615],[67.372796,39.567484],[67.37306,39.567394],[67.372978,39.567228],[67.372857,39.567045],[67.372754,39.56707],[67.372452,39.567193],[67.372089,39.567287],[67.372008,39.567154],[67.371812,39.566888]]]}},{"type":"Feature","id":645,"properties":{},"geometry":{"type":"Polygon","coordinates":[[[67.247943,39.720664],[67.247656,39.720714],[67.247277,39.720968],[67.247277,39.720968],[67.247039,39.721128],[67.247038,39.721129],[67.247032,39.721133],[67.246945,39.721206],[67.245787,39.720956],[67.245716,39.721022],[67.245588,39.72102],[67.245121,39.721552],[67.244564,39.721994],[67.244466,39.722001],[67.24337,39.721861],[67.243211,39.72184],[67.243177,39.721836],[67.243178,39.721833],[67.243214,39.721745],[67.24325,39.721657],[67.243285,39.721525],[67.243334,39.721255],[67.243417,39.720957],[67.24348,39.720753],[67.243629,39.720289],[67.243679,39.720273],[67.243894,39.720334],[67.243917,39.7203],[67.243951,39.720252],[67.243965,39.72023],[67.243999,39.720191],[67.244278,39.720379],[67.244456,39.720498],[67.244462,39.7205],[67.244463,39.720504],[67.244492,39.720509],[67.244726,39.72058],[67.244788,39.720599],[67.245183,39.720601],[67.245184,39.720599],[67.245187,39.720599],[67.245275,39.720487],[67.245434,39.720285],[67.245535,39.720174],[67.245788,39.719832],[67.245787,39.719831],[67.245816,39.719795],[67.244803,39.719155],[67.244632,39.719298],[67.244423,39.719457],[67.244279,39.719593],[67.244239,39.719627],[67.243776,39.719988],[67.243742,39.720013],[67.243727,39.719983],[67.243712,39.719953],[67.243801,39.719733],[67.243905,39.719354],[67.243967,39.719115],[67.243997,39.71903],[67.24408,39.718792],[67.244176,39.718395],[67.244198,39.7183],[67.24435,39.717777],[67.244406,39.717784],[67.244952,39.717772],[67.24586,39.717789],[67.246481,39.717799],[67.246767,39.71782],[67.247197,39.717922],[67.247984,39.718118],[67.248378,39.718216],[67.248445,39.718234],[67.248555,39.718264],[67.249089,39.718408],[67.249615,39.718509],[67.249797,39.718539],[67.249853,39.718548],[67.249926,39.718561],[67.24932,39.719189],[67.249222,39.719221],[67.248584,39.71993],[67.247943,39.720664]]]}},{"type":"Feature","id":646,"properties":{},"geometry":{"type":"Polygon","coordinates":[[[67.282914,39.583987],[67.282677,39.584068],[67.28119,39.584579],[67.281105,39.584608],[67.278523,39.585495],[67.278486,39.585441],[67.278427,39.585355],[67.278348,39.585238],[67.278316,39.585192],[67.278294,39.58516],[67.278238,39.585077],[67.278145,39.58494],[67.278102,39.584877],[67.2781,39.584874],[67.278196,39.584823],[67.279212,39.584491],[67.279423,39.58442],[67.279666,39.584339],[67.279871,39.58427],[67.280214,39.584155],[67.280772,39.583964],[67.280928,39.583911],[67.281264,39.583795],[67.282185,39.583464],[67.282297,39.583429],[67.282559,39.583347],[67.282617,39.583467],[67.282721,39.583649],[67.282914,39.583987]]]}},{"type":"Feature","id":647,"properties":{},"geometry":{"type":"Polygon","coordinates":[[[67.333676,39.610417],[67.334268,39.609927],[67.334332,39.609858],[67.334801,39.61024],[67.334853,39.610277],[67.335013,39.610388],[67.335049,39.610457],[67.335031,39.610542],[67.334989,39.610629],[67.334875,39.61076],[67.334919,39.610785],[67.334894,39.610804],[67.334799,39.610849],[67.334628,39.61093],[67.334626,39.610931],[67.3345,39.610991],[67.334085,39.611163],[67.333988,39.611203],[67.333981,39.611203],[67.33398,39.611203],[67.333765,39.61128],[67.333688,39.611321],[67.333605,39.611213],[67.333593,39.611199],[67.333559,39.611129],[67.333518,39.611049],[67.333432,39.610942],[67.333416,39.610785],[67.33345,39.61069],[67.333471,39.610635],[67.333549,39.610547],[67.333676,39.610417]]]}},{"type":"Feature","id":648,"properties":{},"geometry":{"type":"Polygon","coordinates":[[[67.333366,39.609229],[67.333454,39.609159],[67.333896,39.609492],[67.334035,39.609597],[67.334347,39.609833],[67.334312,39.609862],[67.33366,39.610397],[67.333278,39.610141],[67.333013,39.609882],[67.332905,39.609762],[67.3328,39.609683],[67.33333,39.609258],[67.333367,39.60923],[67.333366,39.609229]]]}},{"type":"Feature","id":649,"properties":{},"geometry":{"type":"Polygon","coordinates":[[[67.248277,39.679405],[67.248254,39.679571],[67.248211,39.679946],[67.24817,39.680304],[67.248105,39.680749],[67.247568,39.680685],[67.247452,39.680671],[67.245913,39.680493],[67.245725,39.680472],[67.244339,39.680311],[67.243975,39.680269],[67.244503,39.679664],[67.245009,39.679133],[67.245103,39.67903],[67.245673,39.679126],[67.246578,39.679216],[67.24684,39.679242],[67.247033,39.679263],[67.248049,39.679375],[67.248277,39.679405]]]}},{"type":"Feature","id":650,"properties":{},"geometry":{"type":"Polygon","coordinates":[[[67.248249,39.680864],[67.248264,39.680773],[67.248331,39.680511],[67.248386,39.680084],[67.248444,39.679634],[67.248528,39.679225],[67.249991,39.680004],[67.249809,39.680214],[67.249224,39.680889],[67.250575,39.681669],[67.250205,39.682049],[67.250055,39.68196],[67.249989,39.681921],[67.249185,39.681453],[67.24888,39.681261],[67.248813,39.681219],[67.248249,39.680864]]]}},{"type":"Feature","id":651,"properties":{},"geometry":{"type":"Polygon","coordinates":[[[67.277847,39.655611],[67.277834,39.655619],[67.278711,39.656798],[67.278636,39.656829],[67.277973,39.655919],[67.277784,39.655704],[67.277758,39.655669],[67.277705,39.655588],[67.277646,39.655497],[67.277602,39.655387],[67.27749,39.655268],[67.27742,39.655181],[67.27728,39.655008],[67.277258,39.65498],[67.27699,39.654655],[67.276982,39.654646],[67.276587,39.654124],[67.276548,39.654079],[67.275667,39.653005],[67.27507,39.652214],[67.277081,39.65138],[67.277639,39.652254],[67.27809,39.65296],[67.280151,39.656192],[67.279517,39.656459],[67.279515,39.65646],[67.279361,39.656524],[67.278508,39.655331],[67.277847,39.655611]]]}},{"type":"Feature","id":652,"properties":{},"geometry":{"type":"Polygon","coordinates":[[[67.441026,39.788591],[67.442451,39.786447],[67.44322,39.786728],[67.442814,39.787364],[67.442146,39.788314],[67.441534,39.789262],[67.441621,39.789116],[67.441751,39.788879],[67.441026,39.788591]]]}},{"type":"Feature","id":653,"properties":{},"geometry":{"type":"Polygon","coordinates":[[[67.441534,39.789262],[67.441498,39.789318],[67.441412,39.789462],[67.441038,39.790071],[67.44053,39.790824],[67.439582,39.790762],[67.441026,39.788591],[67.441751,39.788879],[67.441621,39.789116],[67.441534,39.789262]]]}},{"type":"Feature","id":654,"properties":{},"geometry":{"type":"Polygon","coordinates":[[[67.386159,39.669611],[67.386153,39.669613],[67.386078,39.669641],[67.385832,39.669734],[67.385786,39.66976],[67.385771,39.669756],[67.383982,39.667862],[67.384113,39.667813],[67.38413,39.66781],[67.384231,39.667773],[67.384307,39.667745],[67.384466,39.667693],[67.386159,39.669611]]]}},{"type":"Feature","id":655,"properties":{},"geometry":{"type":"Polygon","coordinates":[[[67.387742,39.676737],[67.387725,39.676827],[67.387702,39.67691],[67.387695,39.676935],[67.387653,39.677043],[67.387632,39.677097],[67.387584,39.677151],[67.385015,39.674115],[67.38528,39.673982],[67.385348,39.673948],[67.387742,39.676737]]]}},{"type":"Feature","id":656,"properties":{},"geometry":{"type":"Polygon","coordinates":[[[67.385348,39.673948],[67.38598,39.673631],[67.386258,39.673492],[67.386291,39.673475],[67.386811,39.674091],[67.386941,39.67431],[67.387014,39.674407],[67.387078,39.674437],[67.387143,39.674438],[67.3873,39.67444],[67.387359,39.674441],[67.387408,39.674454],[67.387623,39.674691],[67.38784,39.674894],[67.38788,39.675039],[67.387844,39.67518],[67.387844,39.675182],[67.387844,39.675183],[67.387853,39.67527],[67.387853,39.675272],[67.387853,39.675274],[67.387906,39.675334],[67.387915,39.675387],[67.387914,39.675436],[67.387858,39.675531],[67.387817,39.675643],[67.387816,39.675944],[67.387812,39.676085],[67.38778,39.676544],[67.387742,39.676737],[67.385348,39.673948]]]}},{"type":"Feature","id":657,"properties":{},"geometry":{"type":"Polygon","coordinates":[[[67.286856,39.599411],[67.286253,39.59948],[67.285683,39.599544],[67.285608,39.599545],[67.285518,39.599201],[67.285522,39.599201],[67.285454,39.598922],[67.285623,39.598898],[67.285628,39.598898],[67.285815,39.598872],[67.285903,39.598859],[67.28596,39.598851],[67.28596,39.598851],[67.286188,39.598821],[67.286277,39.59881],[67.286721,39.598752],[67.286856,39.599411]]]}},{"type":"Feature","id":658,"properties":{},"geometry":{"type":"Polygon","coordinates":[[[67.291935,39.598093],[67.291147,39.598201],[67.291048,39.598215],[67.290992,39.598223],[67.290804,39.598249],[67.290332,39.598314],[67.290287,39.598155],[67.290213,39.597895],[67.29017,39.597673],[67.290126,39.597504],[67.290127,39.597504],[67.290131,39.59752],[67.291756,39.597291],[67.291834,39.597593],[67.291935,39.598093]]]}},{"type":"Feature","id":659,"properties":{},"geometry":{"type":"Polygon","coordinates":[[[67.290094,39.598344],[67.289498,39.598423],[67.288429,39.598552],[67.288357,39.598137],[67.288773,39.598082],[67.288903,39.598068],[67.290213,39.597895],[67.290287,39.598155],[67.290332,39.598314],[67.290094,39.598344]]]}},{"type":"Feature","id":660,"properties":{},"geometry":{"type":"Polygon","coordinates":[[[67.290267,39.599009],[67.289683,39.599066],[67.289362,39.599103],[67.288703,39.599181],[67.288465,39.599211],[67.288089,39.599261],[67.287289,39.59937],[67.287155,39.598697],[67.287878,39.598615],[67.28795,39.598607],[67.288297,39.598568],[67.288429,39.598552],[67.289498,39.598423],[67.290094,39.598344],[67.290267,39.599009]]]}},{"type":"Feature","id":661,"properties":{},"geometry":{"type":"Polygon","coordinates":[[[67.287289,39.59937],[67.287279,39.599372],[67.287149,39.599378],[67.286856,39.599411],[67.286721,39.598752],[67.286917,39.598727],[67.287155,39.598697],[67.287289,39.59937]]]}},{"type":"Feature","id":662,"properties":{},"geometry":{"type":"Polygon","coordinates":[[[67.280939,39.595731],[67.280905,39.595764],[67.280456,39.595193],[67.280418,39.595144],[67.280501,39.595101],[67.280611,39.594999],[67.280623,39.594957],[67.280592,39.594907],[67.280529,39.594826],[67.280299,39.594526],[67.280093,39.594225],[67.281956,39.593594],[67.281982,39.593639],[67.282051,39.593876],[67.282101,39.594031],[67.282133,39.594105],[67.282163,39.59418],[67.282176,39.594282],[67.281605,39.594941],[67.281472,39.595096],[67.281197,39.595415],[67.281082,39.595555],[67.280939,39.595731]]]}},{"type":"Feature","id":663,"properties":{},"geometry":{"type":"Polygon","coordinates":[[[67.359851,39.65829],[67.359742,39.658318],[67.359411,39.658393],[67.358558,39.658589],[67.357898,39.658718],[67.357748,39.658747],[67.356974,39.658897],[67.356864,39.65892],[67.35699,39.658697],[67.357062,39.658618],[67.357139,39.658565],[67.357164,39.658557],[67.35729,39.658527],[67.357301,39.658521],[67.357319,39.658511],[67.357324,39.658509],[67.357622,39.65839],[67.35782,39.658312],[67.357885,39.65824],[67.357915,39.658184],[67.357915,39.658182],[67.357915,39.658182],[67.357915,39.658181],[67.357932,39.658121],[67.357919,39.658077],[67.35792,39.658074],[67.357888,39.657965],[67.357761,39.657708],[67.357546,39.657142],[67.357433,39.656668],[67.360339,39.655962],[67.360355,39.656377],[67.360369,39.656616],[67.36037,39.656655],[67.360374,39.656696],[67.360386,39.656904],[67.360382,39.65705],[67.360347,39.657166],[67.360296,39.657295],[67.360236,39.657553],[67.360212,39.657853],[67.360194,39.657932],[67.360149,39.657998],[67.360077,39.658081],[67.360005,39.658155],[67.359851,39.65829]]]}},{"type":"Feature","id":664,"properties":{},"geometry":{"type":"Polygon","coordinates":[[[67.353199,39.66636],[67.353163,39.666359],[67.352816,39.6664],[67.3525,39.666525],[67.352392,39.666579],[67.352259,39.666644],[67.352078,39.666737],[67.35194,39.666806],[67.351936,39.666808],[67.351845,39.666808],[67.351667,39.666872],[67.351674,39.66681],[67.351714,39.665935],[67.351715,39.665665],[67.351719,39.665039],[67.35172,39.664822],[67.351722,39.664782],[67.352352,39.66475],[67.352812,39.664715],[67.352923,39.66471],[67.353199,39.66636]]]}},{"type":"Feature","id":665,"properties":{},"geometry":{"type":"Polygon","coordinates":[[[67.360036,39.654561],[67.360135,39.654734],[67.360267,39.655082],[67.360297,39.655166],[67.360301,39.655224],[67.360284,39.655277],[67.35883,39.65558],[67.357434,39.655909],[67.357364,39.655937],[67.357292,39.655946],[67.357206,39.6555],[67.357136,39.655274],[67.35708,39.655144],[67.359791,39.65448],[67.359933,39.654446],[67.359958,39.654439],[67.360036,39.654561]]]}},{"type":"Feature","id":666,"properties":{},"geometry":{"type":"Polygon","coordinates":[[[67.370391,39.758737],[67.369499,39.759597],[67.368204,39.758902],[67.368125,39.75886],[67.367994,39.75879],[67.367912,39.758759],[67.367972,39.758723],[67.368634,39.758177],[67.368904,39.757949],[67.370391,39.758737]]]}},{"type":"Feature","id":667,"properties":{},"geometry":{"type":"Polygon","coordinates":[[[67.367406,39.755307],[67.367073,39.755132],[67.366783,39.754979],[67.366553,39.754863],[67.366444,39.754862],[67.366408,39.754861],[67.366377,39.754862],[67.366285,39.754861],[67.366151,39.754865],[67.365755,39.754881],[67.365755,39.754885],[67.365753,39.754885],[67.365434,39.754675],[67.365376,39.754637],[67.365274,39.754569],[67.365045,39.754424],[67.364901,39.754338],[67.364752,39.754291],[67.364753,39.754286],[67.36469,39.75419],[67.364465,39.754119],[67.364287,39.754096],[67.364235,39.753995],[67.364279,39.753862],[67.364284,39.753856],[67.364509,39.753749],[67.364721,39.753735],[67.365,39.753597],[67.365109,39.753509],[67.365253,39.753392],[67.365363,39.753314],[67.36546,39.753344],[67.365407,39.753527],[67.36537,39.753723],[67.365366,39.753877],[67.365445,39.75397],[67.365669,39.753898],[67.365997,39.753728],[67.366102,39.753629],[67.366161,39.75343],[67.366162,39.753426],[67.366163,39.753425],[67.366162,39.753424],[67.366192,39.753259],[67.366303,39.753139],[67.366465,39.753158],[67.3667,39.753258],[67.366834,39.753335],[67.367049,39.753392],[67.367216,39.753394],[67.367762,39.753316],[67.368204,39.753692],[67.368864,39.754234],[67.368914,39.754275],[67.367406,39.755307]]]}},{"type":"Feature","id":668,"properties":{},"geometry":{"type":"Polygon","coordinates":[[[67.337112,39.819731],[67.337401,39.819869],[67.337647,39.820014],[67.337752,39.820076],[67.341191,39.831403],[67.340614,39.8315],[67.340581,39.831397],[67.34038,39.830759],[67.340038,39.829652],[67.34001,39.829567],[67.33976,39.828825],[67.339737,39.828755],[67.339675,39.82857],[67.339426,39.827665],[67.339039,39.826398],[67.33884,39.825694],[67.338764,39.825444],[67.338703,39.825246],[67.338481,39.824516],[67.338398,39.824244],[67.338355,39.82411],[67.338106,39.82335],[67.338101,39.823335],[67.33777,39.822239],[67.337608,39.82177],[67.33744,39.821275],[67.337355,39.821027],[67.337301,39.820801],[67.33717,39.820386],[67.337086,39.820059],[67.337085,39.820056],[67.337022,39.819812],[67.336969,39.819693],[67.337112,39.819731]]]}},{"type":"Feature","id":669,"properties":{},"geometry":{"type":"Polygon","coordinates":[[[67.362709,39.789243],[67.362291,39.789365],[67.362037,39.789424],[67.361409,39.789491],[67.361251,39.789487],[67.359663,39.787934],[67.359361,39.787615],[67.358776,39.787108],[67.358741,39.78702],[67.358899,39.786995],[67.359533,39.786913],[67.359609,39.786907],[67.360149,39.786838],[67.360462,39.787103],[67.360938,39.787533],[67.361581,39.788135],[67.361638,39.788191],[67.361748,39.788299],[67.362174,39.78872],[67.362677,39.789173],[67.362709,39.789243]]]}},{"type":"Feature","id":670,"properties":{},"geometry":{"type":"Polygon","coordinates":[[[67.347278,39.792552],[67.347313,39.792588],[67.347406,39.792596],[67.347714,39.79262],[67.348083,39.792668],[67.348624,39.794407],[67.348968,39.795516],[67.349052,39.795786],[67.348695,39.795628],[67.348243,39.795426],[67.347839,39.795246],[67.347656,39.795165],[67.34725,39.794988],[67.346963,39.794863],[67.34618,39.794518],[67.345894,39.794392],[67.345754,39.79433],[67.345749,39.794328],[67.345589,39.793802],[67.34548,39.793479],[67.34543,39.793333],[67.345395,39.793227],[67.345306,39.792959],[67.345243,39.792685],[67.347278,39.792552]]]}},{"type":"Feature","id":671,"properties":{},"geometry":{"type":"Polygon","coordinates":[[[67.29771,39.631026],[67.298019,39.631532],[67.298083,39.631635],[67.296936,39.632155],[67.296896,39.632173],[67.296455,39.632373],[67.296973,39.632866],[67.296989,39.632883],[67.296709,39.6332],[67.296166,39.633774],[67.296125,39.633814],[67.295165,39.634922],[67.295151,39.634938],[67.29507,39.635037],[67.294804,39.635348],[67.294749,39.635409],[67.294277,39.635909],[67.294271,39.635915],[67.294065,39.636132],[67.294062,39.636136],[67.293095,39.634956],[67.293153,39.634925],[67.29502,39.634013],[67.295014,39.634003],[67.295016,39.634002],[67.294686,39.633492],[67.294459,39.633138],[67.29444,39.63311],[67.294814,39.632888],[67.295021,39.632789],[67.29501,39.632772],[67.295065,39.63274],[67.294925,39.632527],[67.294806,39.632367],[67.294716,39.632251],[67.294764,39.632231],[67.295641,39.631858],[67.296092,39.631666],[67.297484,39.631075],[67.297598,39.631026],[67.29768,39.630982],[67.29771,39.631026]]]}},{"type":"Feature","id":672,"properties":{},"geometry":{"type":"Polygon","coordinates":[[[67.347739,39.597031],[67.347878,39.597162],[67.348331,39.597598],[67.348492,39.597753],[67.348752,39.598002],[67.349112,39.598348],[67.349278,39.5985],[67.349594,39.59879],[67.349697,39.598885],[67.349743,39.598927],[67.350039,39.599213],[67.349939,39.599316],[67.349804,39.59946],[67.349704,39.599577],[67.349658,39.59966],[67.349574,39.5997],[67.349436,39.599766],[67.349326,39.599811],[67.348697,39.599959],[67.347393,39.598835],[67.347316,39.598788],[67.346653,39.598194],[67.346068,39.597603],[67.345546,39.597065],[67.345548,39.597063],[67.345685,39.596986],[67.345813,39.596922],[67.34613,39.596764],[67.346335,39.596931],[67.347127,39.596591],[67.347226,39.596549],[67.347739,39.597031]]]}},{"type":"Feature","id":673,"properties":{},"geometry":{"type":"Polygon","coordinates":[[[67.369428,39.689892],[67.369509,39.689912],[67.369756,39.689997],[67.370044,39.690114],[67.370671,39.690344],[67.37147,39.69058],[67.371597,39.69061],[67.372366,39.690809],[67.372393,39.690818],[67.372118,39.691117],[67.372115,39.691121],[67.371984,39.691243],[67.371923,39.691309],[67.37189,39.691359],[67.371883,39.691404],[67.371882,39.691454],[67.371886,39.691499],[67.371692,39.69171],[67.371671,39.691719],[67.371637,39.691756],[67.371554,39.691846],[67.371455,39.691968],[67.371444,39.69198],[67.371429,39.691996],[67.371288,39.692139],[67.371023,39.69239],[67.370917,39.692501],[67.370733,39.692753],[67.370611,39.692922],[67.370605,39.692928],[67.369014,39.692249],[67.369076,39.692208],[67.369273,39.692094],[67.369346,39.692007],[67.369391,39.691912],[67.369393,39.691837],[67.369378,39.691778],[67.369353,39.691703],[67.369317,39.69161],[67.369213,39.691459],[67.369198,39.691396],[67.369163,39.69127],[67.369162,39.691107],[67.369163,39.691057],[67.369216,39.690849],[67.36932,39.690378],[67.369323,39.690368],[67.369428,39.689892]]]}},{"type":"Feature","id":674,"properties":{},"geometry":{"type":"Polygon","coordinates":[[[67.354257,39.7112],[67.353723,39.711039],[67.353108,39.710856],[67.353087,39.71085],[67.353039,39.710837],[67.352869,39.710941],[67.352698,39.711043],[67.352355,39.711374],[67.352322,39.711358],[67.352217,39.711309],[67.351968,39.711189],[67.351291,39.710861],[67.351198,39.710816],[67.351022,39.71073],[67.351233,39.708315],[67.351577,39.708296],[67.352306,39.70829],[67.352895,39.708319],[67.353031,39.708308],[67.35316,39.708298],[67.353566,39.708266],[67.35375,39.708268],[67.354004,39.70828],[67.354284,39.708301],[67.354436,39.708282],[67.354573,39.708205],[67.354676,39.708186],[67.354657,39.708297],[67.354613,39.708548],[67.354527,39.709232],[67.354464,39.709725],[67.354445,39.709876],[67.354361,39.710544],[67.354333,39.710722],[67.354257,39.7112]]]}},{"type":"Feature","id":675,"properties":{},"geometry":{"type":"Polygon","coordinates":[[[67.393769,39.706293],[67.393992,39.706319],[67.394233,39.706346],[67.394156,39.706574],[67.394057,39.706868],[67.394052,39.706883],[67.393923,39.707257],[67.393871,39.707462],[67.39387,39.707466],[67.39387,39.707467],[67.393869,39.707469],[67.39387,39.707517],[67.393574,39.707568],[67.393403,39.707598],[67.393769,39.706293]]]}},{"type":"Feature","id":676,"properties":{},"geometry":{"type":"Polygon","coordinates":[[[67.392394,39.70097],[67.392587,39.701703],[67.39261,39.701779],[67.392681,39.702207],[67.392439,39.702405],[67.392398,39.702437],[67.392035,39.702682],[67.391804,39.702858],[67.391699,39.702953],[67.391628,39.703002],[67.391623,39.703003],[67.39144,39.702936],[67.391327,39.702905],[67.391247,39.702887],[67.391215,39.702845],[67.391168,39.70268],[67.391056,39.702296],[67.39091,39.701789],[67.39082,39.70147],[67.390947,39.70138],[67.391052,39.701252],[67.391173,39.701166],[67.391322,39.701051],[67.391536,39.700883],[67.391728,39.700769],[67.391925,39.700688],[67.392235,39.700588],[67.392394,39.70097]]]}},{"type":"Feature","id":677,"properties":{},"geometry":{"type":"Polygon","coordinates":[[[67.440406,39.794885],[67.441078,39.793892],[67.441475,39.79324],[67.441823,39.792671],[67.442408,39.792846],[67.44315,39.793081],[67.444488,39.7935],[67.445288,39.793773],[67.445347,39.793808],[67.445467,39.79398],[67.445567,39.794128],[67.445571,39.79419],[67.444922,39.7949],[67.444697,39.795005],[67.444497,39.79524],[67.444045,39.795844],[67.443703,39.796267],[67.443583,39.796414],[67.443547,39.796455],[67.443297,39.796385],[67.44282,39.79617],[67.442523,39.796031],[67.442371,39.79596],[67.442323,39.795938],[67.441679,39.795637],[67.441605,39.795602],[67.441588,39.795593],[67.440803,39.795178],[67.440748,39.795149],[67.440765,39.795091],[67.440681,39.795047],[67.440616,39.795009],[67.440406,39.794885]]]}},{"type":"Feature","id":678,"properties":{},"geometry":{"type":"Polygon","coordinates":[[[67.437939,39.793267],[67.437884,39.793332],[67.436728,39.794541],[67.436498,39.794832],[67.436448,39.794905],[67.436389,39.794993],[67.43622,39.795242],[67.436134,39.79537],[67.435753,39.795695],[67.43572,39.79549],[67.435656,39.794975],[67.435583,39.794361],[67.435579,39.794274],[67.435558,39.793776],[67.435509,39.793325],[67.435611,39.793142],[67.435777,39.792937],[67.435963,39.79281],[67.436025,39.792768],[67.43626,39.792642],[67.436431,39.792498],[67.436565,39.792316],[67.436728,39.792195],[67.436815,39.792169],[67.43688,39.792095],[67.437186,39.792633],[67.43727,39.792743],[67.437279,39.792692],[67.437382,39.792786],[67.437539,39.792929],[67.437685,39.793062],[67.437871,39.79321],[67.437939,39.793267]]]}},{"type":"Feature","id":679,"properties":{},"geometry":{"type":"Polygon","coordinates":[[[67.292804,39.592304],[67.29146,39.592757],[67.290949,39.59289],[67.290891,39.592852],[67.290866,39.592832],[67.290816,39.592799],[67.290688,39.592717],[67.290324,39.592487],[67.29027,39.59245],[67.289304,39.591805],[67.289304,39.591805],[67.289317,39.591813],[67.289638,39.592027],[67.28971,39.592075],[67.289796,39.592133],[67.289814,39.592145],[67.290137,39.591879],[67.291942,39.591163],[67.292048,39.591121],[67.292102,39.591099],[67.292136,39.591086],[67.292626,39.591979],[67.292776,39.592252],[67.292804,39.592304]]]}},{"type":"Feature","id":680,"properties":{},"geometry":{"type":"Polygon","coordinates":[[[67.302663,39.589551],[67.302597,39.589709],[67.30258,39.589744],[67.302408,39.59061],[67.302334,39.591043],[67.302273,39.591052],[67.300298,39.591461],[67.300224,39.591478],[67.29993,39.590876],[67.299654,39.590322],[67.29957,39.590159],[67.299556,39.590135],[67.300115,39.589958],[67.300664,39.589832],[67.300744,39.589814],[67.301028,39.589761],[67.301275,39.589715],[67.301623,39.58965],[67.301927,39.589593],[67.302262,39.58953],[67.302576,39.589485],[67.302691,39.589452],[67.302663,39.589551]]]}},{"type":"Feature","id":681,"properties":{},"geometry":{"type":"Polygon","coordinates":[[[67.266078,39.775257],[67.265984,39.775165],[67.265865,39.774984],[67.265785,39.774924],[67.265774,39.774932],[67.265768,39.774928],[67.265679,39.774933],[67.265612,39.775005],[67.265526,39.775108],[67.265495,39.775195],[67.265422,39.775333],[67.265309,39.775433],[67.265196,39.775523],[67.26514,39.775618],[67.265182,39.775783],[67.265238,39.775997],[67.265268,39.776125],[67.265204,39.776189],[67.265164,39.776163],[67.26509,39.776087],[67.265056,39.775944],[67.264903,39.775667],[67.264875,39.775612],[67.264804,39.775419],[67.264699,39.775089],[67.264641,39.774801],[67.2646,39.774602],[67.264534,39.774473],[67.264673,39.774501],[67.264672,39.774308],[67.264665,39.773743],[67.264678,39.773551],[67.264778,39.773444],[67.265038,39.773314],[67.265124,39.773226],[67.265098,39.773187],[67.265107,39.773193],[67.265166,39.773238],[67.26535,39.773375],[67.26609,39.773927],[67.266203,39.774011],[67.266078,39.775257]]]}},{"type":"Feature","id":682,"properties":{},"geometry":{"type":"Polygon","coordinates":[[[67.376218,39.774438],[67.376226,39.774798],[67.376069,39.774882],[67.375832,39.775063],[67.375664,39.775102],[67.375297,39.775289],[67.375044,39.775448],[67.374818,39.77561],[67.371965,39.773721],[67.372179,39.773539],[67.372257,39.773474],[67.37248,39.773284],[67.373456,39.772496],[67.373925,39.772833],[67.374226,39.773052],[67.374473,39.773187],[67.375301,39.773866],[67.375382,39.77392],[67.375941,39.774288],[67.376218,39.774438]]]}},{"type":"Feature","id":683,"properties":{},"geometry":{"type":"Polygon","coordinates":[[[67.349926,39.581186],[67.350467,39.581115],[67.351261,39.581011],[67.352095,39.58091],[67.352108,39.580908],[67.352664,39.580856],[67.352665,39.580856],[67.352954,39.580822],[67.353272,39.580785],[67.353947,39.580707],[67.354178,39.580943],[67.354418,39.581187],[67.354443,39.581212],[67.354843,39.581619],[67.354904,39.581668],[67.354907,39.581671],[67.354652,39.582162],[67.354522,39.582411],[67.354529,39.582423],[67.354516,39.582468],[67.354515,39.582469],[67.354412,39.582477],[67.353933,39.582525],[67.353436,39.582574],[67.352244,39.582688],[67.352134,39.582701],[67.351125,39.582816],[67.350804,39.582852],[67.350746,39.582859],[67.350583,39.582878],[67.350582,39.582878],[67.350386,39.58232],[67.350146,39.581751],[67.349926,39.581186]]]}},{"type":"Feature","id":684,"properties":{},"geometry":{"type":"Polygon","coordinates":[[[67.369669,39.767371],[67.369484,39.7675],[67.36943,39.767537],[67.369233,39.767673],[67.367598,39.766465],[67.367633,39.766445],[67.368165,39.766106],[67.368958,39.765611],[67.370426,39.766665],[67.370553,39.76676],[67.369911,39.767204],[67.369866,39.767169],[67.369669,39.767371]]]}},{"type":"Feature","id":685,"properties":{},"geometry":{"type":"Polygon","coordinates":[[[67.249102,39.612191],[67.249063,39.612253],[67.249019,39.612321],[67.248973,39.612375],[67.248864,39.612444],[67.248788,39.612384],[67.24864,39.61224],[67.248623,39.612222],[67.248563,39.612163],[67.248395,39.611995],[67.248356,39.611964],[67.247923,39.611543],[67.247948,39.611508],[67.248091,39.611414],[67.248133,39.611348],[67.248062,39.611263],[67.247853,39.61101],[67.247923,39.610968],[67.249102,39.612191]]]}},{"type":"Feature","id":686,"properties":{},"geometry":{"type":"Polygon","coordinates":[[[67.245883,39.608446],[67.245709,39.608534],[67.245118,39.608835],[67.244898,39.608947],[67.244822,39.608985],[67.243359,39.609743],[67.2425,39.608744],[67.242449,39.608685],[67.242431,39.608664],[67.243219,39.608243],[67.243936,39.607872],[67.245191,39.607252],[67.245241,39.607376],[67.245389,39.607687],[67.245565,39.608011],[67.245715,39.608256],[67.24582,39.608374],[67.245883,39.608446]]]}},{"type":"Feature","id":687,"properties":{},"geometry":{"type":"Polygon","coordinates":[[[67.379658,39.764444],[67.379978,39.765035],[67.379864,39.765102],[67.37854,39.765879],[67.378493,39.765905],[67.378475,39.765915],[67.378117,39.765555],[67.377781,39.765226],[67.377538,39.764974],[67.377262,39.764694],[67.377133,39.764562],[67.377055,39.764481],[67.376947,39.76437],[67.376844,39.764262],[67.376745,39.764158],[67.376644,39.764052],[67.376547,39.763951],[67.376471,39.76387],[67.376448,39.763845],[67.376381,39.763777],[67.376432,39.763751],[67.377766,39.763267],[67.377891,39.763222],[67.378017,39.763176],[67.378122,39.763138],[67.378838,39.762879],[67.378907,39.76286],[67.378989,39.763094],[67.379077,39.76327],[67.378516,39.763574],[67.378455,39.763608],[67.378266,39.76371],[67.377921,39.763926],[67.378358,39.764433],[67.378944,39.764116],[67.379387,39.763897],[67.379537,39.76421],[67.379578,39.764296],[67.379658,39.764444]]]}},{"type":"Feature","id":688,"properties":{},"geometry":{"type":"Polygon","coordinates":[[[67.287173,39.630795],[67.284881,39.632232],[67.284624,39.631703],[67.284651,39.631681],[67.284672,39.631666],[67.284726,39.631628],[67.284889,39.631512],[67.284897,39.631506],[67.284962,39.631459],[67.284974,39.631451],[67.285137,39.631334],[67.285141,39.631332],[67.285297,39.631222],[67.285382,39.631163],[67.285551,39.631043],[67.285636,39.630983],[67.285697,39.630941],[67.285859,39.630826],[67.285948,39.630764],[67.286211,39.630589],[67.286241,39.630568],[67.286804,39.630192],[67.286994,39.630065],[67.28738,39.629806],[67.287381,39.629807],[67.287391,39.629802],[67.287449,39.629852],[67.287486,39.629884],[67.287548,39.62985],[67.287925,39.62968],[67.288179,39.629591],[67.288543,39.629591],[67.288883,39.629524],[67.28889,39.629524],[67.289075,39.629535],[67.289122,39.629547],[67.289139,39.62956],[67.28913,39.62957],[67.287173,39.630795]]]}},{"type":"Feature","id":689,"properties":{},"geometry":{"type":"Polygon","coordinates":[[[67.282954,39.624786],[67.283363,39.624972],[67.283544,39.625054],[67.283779,39.62516],[67.283965,39.625226],[67.283857,39.625297],[67.283675,39.625424],[67.283536,39.625532],[67.283339,39.625676],[67.283104,39.625834],[67.282893,39.625997],[67.282691,39.626159],[67.282555,39.626288],[67.282711,39.626374],[67.282846,39.626444],[67.282931,39.626491],[67.28304,39.626557],[67.282333,39.627102],[67.282315,39.627114],[67.282284,39.627068],[67.282274,39.627053],[67.282267,39.62704],[67.282176,39.626833],[67.282145,39.626812],[67.282116,39.626758],[67.282042,39.626703],[67.281795,39.626553],[67.281578,39.62641],[67.281358,39.626256],[67.28127,39.626196],[67.281179,39.626104],[67.281403,39.625961],[67.281838,39.625623],[67.282286,39.625286],[67.2825,39.625138],[67.282683,39.625011],[67.282852,39.624872],[67.282954,39.624786]]]}},{"type":"Feature","id":690,"properties":{},"geometry":{"type":"Polygon","coordinates":[[[67.288292,39.592696],[67.287536,39.592899],[67.286475,39.593205],[67.286315,39.593253],[67.285395,39.593499],[67.285209,39.593549],[67.284933,39.593625],[67.284774,39.59368],[67.284497,39.59376],[67.284065,39.593875],[67.283765,39.593956],[67.283242,39.594101],[67.282808,39.594228],[67.282316,39.593728],[67.288974,39.591868],[67.288292,39.592696]]]}},{"type":"Feature","id":691,"properties":{},"geometry":{"type":"Polygon","coordinates":[[[67.297087,39.593677],[67.296495,39.593875],[67.296174,39.593981],[67.294548,39.594523],[67.294528,39.594444],[67.294315,39.59366],[67.294229,39.593426],[67.296293,39.592738],[67.29644,39.592931],[67.296437,39.592939],[67.296518,39.593053],[67.296728,39.593299],[67.297045,39.593636],[67.297087,39.593677]]]}},{"type":"Feature","id":692,"properties":{},"geometry":{"type":"Polygon","coordinates":[[[67.288292,39.592696],[67.287401,39.593777],[67.284964,39.594383],[67.28496,39.594329],[67.284957,39.594279],[67.284957,39.594123],[67.283197,39.594617],[67.283196,39.594617],[67.283191,39.594619],[67.282929,39.594352],[67.282808,39.594228],[67.283242,39.594101],[67.283765,39.593956],[67.284065,39.593875],[67.284497,39.59376],[67.284774,39.59368],[67.284933,39.593625],[67.285209,39.593549],[67.285395,39.593499],[67.286315,39.593253],[67.286475,39.593205],[67.287536,39.592899],[67.288292,39.592696]]]}},{"type":"Feature","id":693,"properties":{},"geometry":{"type":"Polygon","coordinates":[[[67.431045,39.776634],[67.431071,39.776717],[67.431064,39.777383],[67.431126,39.777634],[67.431527,39.777828],[67.432037,39.777981],[67.43208,39.778482],[67.432202,39.779068],[67.432322,39.779738],[67.43233,39.779803],[67.432356,39.78001],[67.432377,39.780105],[67.432476,39.78056],[67.432492,39.780848],[67.432397,39.780893],[67.432306,39.780862],[67.431226,39.780477],[67.431034,39.780409],[67.430897,39.78036],[67.430896,39.780359],[67.430892,39.780288],[67.430877,39.780219],[67.430881,39.78022],[67.430881,39.780218],[67.430751,39.779586],[67.43072,39.77928],[67.430697,39.779101],[67.430613,39.778735],[67.430507,39.778284],[67.430474,39.778142],[67.430468,39.777973],[67.430402,39.777656],[67.430369,39.7775],[67.430335,39.777328],[67.430335,39.777323],[67.430334,39.777322],[67.430167,39.777276],[67.429969,39.777222],[67.429764,39.777167],[67.429472,39.777052],[67.429316,39.776992],[67.429294,39.776987],[67.429245,39.776976],[67.428967,39.776916],[67.428781,39.776876],[67.428781,39.776879],[67.428781,39.77688],[67.428782,39.776886],[67.428488,39.776824],[67.42863,39.777682],[67.42872,39.778013],[67.428854,39.778723],[67.42887,39.778808],[67.428886,39.778876],[67.428954,39.779156],[67.428964,39.779236],[67.429004,39.779561],[67.42901,39.77963],[67.42788,39.779235],[67.427696,39.779165],[67.426964,39.775164],[67.428165,39.775599],[67.428352,39.775666],[67.428985,39.775875],[67.430536,39.776447],[67.431045,39.776634]]]}},{"type":"Feature","id":694,"properties":{},"geometry":{"type":"Polygon","coordinates":[[[67.316183,39.760402],[67.31603,39.760635],[67.315742,39.761034],[67.315279,39.761605],[67.315142,39.761764],[67.315024,39.7619],[67.314787,39.762174],[67.314314,39.762692],[67.314275,39.762734],[67.31392,39.763118],[67.313748,39.763299],[67.313605,39.763447],[67.313179,39.763873],[67.312899,39.76418],[67.312775,39.764316],[67.31266,39.764443],[67.312544,39.76457],[67.312414,39.764384],[67.312228,39.764097],[67.312307,39.763942],[67.312608,39.763592],[67.313288,39.762803],[67.313538,39.762513],[67.313075,39.762366],[67.312665,39.762236],[67.312439,39.762164],[67.312424,39.76215],[67.312415,39.762134],[67.312463,39.762105],[67.312639,39.762],[67.31284,39.761886],[67.313079,39.761632],[67.31335,39.761324],[67.314446,39.760122],[67.315131,39.76031],[67.315269,39.760364],[67.315306,39.760371],[67.315435,39.760421],[67.315608,39.760423],[67.315639,39.760428],[67.315722,39.760432],[67.315775,39.760426],[67.315828,39.760426],[67.316183,39.760402]]]}},{"type":"Feature","id":695,"properties":{},"geometry":{"type":"Polygon","coordinates":[[[67.338719,39.577958],[67.338591,39.578035],[67.338997,39.57855],[67.336374,39.579836],[67.335861,39.580088],[67.335813,39.580114],[67.336051,39.580476],[67.335744,39.580648],[67.334977,39.579558],[67.335539,39.579266],[67.335846,39.579112],[67.338572,39.577787],[67.338719,39.577958]]]}},{"type":"Feature","id":696,"properties":{},"geometry":{"type":"Polygon","coordinates":[[[67.340343,39.574049],[67.340339,39.574043],[67.340319,39.574055],[67.340276,39.574019],[67.340179,39.573939],[67.340032,39.573818],[67.33969,39.573536],[67.3399,39.573411],[67.340111,39.573285],[67.342888,39.571637],[67.343349,39.572016],[67.343474,39.572118],[67.343544,39.572182],[67.342747,39.572647],[67.342365,39.57287],[67.342042,39.573058],[67.341939,39.573118],[67.341288,39.573498],[67.341032,39.573647],[67.340552,39.573927],[67.340343,39.574049]]]}},{"type":"Feature","id":697,"properties":{},"geometry":{"type":"Polygon","coordinates":[[[67.358726,39.772233],[67.359189,39.77254],[67.359878,39.773032],[67.359618,39.773274],[67.358412,39.772497],[67.358551,39.772352],[67.358542,39.772344],[67.358692,39.772211],[67.358726,39.772233]]]}},{"type":"Feature","id":698,"properties":{},"geometry":{"type":"Polygon","coordinates":[[[67.343571,39.748089],[67.343641,39.748042],[67.343877,39.747898],[67.344909,39.747267],[67.345237,39.74707],[67.345604,39.746851],[67.34871,39.749759],[67.346547,39.751068],[67.34582,39.750331],[67.345737,39.750246],[67.345639,39.750144],[67.344969,39.749476],[67.34479,39.749298],[67.344676,39.749185],[67.343571,39.748089]]]}},{"type":"Feature","id":699,"properties":{},"geometry":{"type":"Polygon","coordinates":[[[67.392091,39.764064],[67.393305,39.763088],[67.394886,39.764262],[67.395796,39.764905],[67.395879,39.764968],[67.395833,39.765007],[67.394609,39.765953],[67.393964,39.765489],[67.393071,39.764847],[67.392821,39.764668],[67.392774,39.764629],[67.392091,39.764064]]]}},{"type":"Feature","id":700,"properties":{},"geometry":{"type":"Polygon","coordinates":[[[67.471128,39.793716],[67.471102,39.793752],[67.470855,39.794076],[67.47069,39.794294],[67.47012,39.795046],[67.470096,39.795034],[67.470018,39.795014],[67.469987,39.795001],[67.469623,39.794847],[67.469417,39.794731],[67.469408,39.794726],[67.469228,39.794625],[67.468979,39.79448],[67.468437,39.794052],[67.467667,39.793625],[67.46746,39.79351],[67.467047,39.793277],[67.466845,39.793153],[67.46669,39.79306],[67.466613,39.793],[67.466399,39.792845],[67.466273,39.792754],[67.466266,39.792737],[67.4662,39.792547],[67.466177,39.792201],[67.466451,39.791854],[67.466821,39.792029],[67.467031,39.792129],[67.467123,39.792173],[67.46742,39.792315],[67.467455,39.79233],[67.467891,39.792536],[67.468405,39.791915],[67.46892,39.791268],[67.46927,39.790874],[67.469613,39.790989],[67.469828,39.791061],[67.469357,39.791852],[67.469145,39.792129],[67.469087,39.792291],[67.468673,39.792928],[67.468962,39.793062],[67.469613,39.793254],[67.470219,39.793452],[67.47035,39.793495],[67.471128,39.793716]]]}},{"type":"Feature","id":701,"properties":{},"geometry":{"type":"Polygon","coordinates":[[[67.223304,39.670582],[67.223239,39.670637],[67.222542,39.670085],[67.222017,39.669651],[67.222053,39.669631],[67.223085,39.669069],[67.223757,39.668705],[67.223949,39.668601],[67.224482,39.668313],[67.224719,39.668185],[67.224818,39.668131],[67.225051,39.668005],[67.225209,39.667974],[67.226122,39.66823],[67.223304,39.670582]]]}},{"type":"Feature","id":702,"properties":{},"geometry":{"type":"Polygon","coordinates":[[[67.216126,39.661964],[67.215286,39.662385],[67.214881,39.662653],[67.213973,39.661837],[67.213821,39.661732],[67.213876,39.661706],[67.214116,39.661626],[67.214428,39.661464],[67.214994,39.661285],[67.215337,39.661181],[67.215381,39.661144],[67.215712,39.661508],[67.215778,39.661581],[67.216126,39.661964]]]}},{"type":"Feature","id":703,"properties":{},"geometry":{"type":"Polygon","coordinates":[[[67.215345,39.661101],[67.215691,39.660804],[67.216092,39.66046],[67.216154,39.660407],[67.216193,39.660445],[67.21635,39.660602],[67.216433,39.660685],[67.216444,39.660696],[67.216446,39.660698],[67.21682,39.661072],[67.216939,39.661191],[67.217595,39.661846],[67.217333,39.662019],[67.217296,39.662043],[67.216695,39.662439],[67.216201,39.661926],[67.216126,39.661964],[67.215778,39.661581],[67.215712,39.661508],[67.215381,39.661144],[67.215345,39.661101]]]}},{"type":"Feature","id":704,"properties":{},"geometry":{"type":"Polygon","coordinates":[[[67.215381,39.661144],[67.215337,39.661181],[67.214994,39.661285],[67.214428,39.661464],[67.214116,39.661626],[67.213876,39.661706],[67.213843,39.661669],[67.213918,39.661632],[67.21321,39.660849],[67.213211,39.660711],[67.213289,39.660601],[67.213421,39.660403],[67.213424,39.660386],[67.213463,39.660329],[67.213492,39.660176],[67.213641,39.660059],[67.214001,39.659708],[67.214053,39.659655],[67.214192,39.659808],[67.214579,39.660234],[67.215114,39.660823],[67.215345,39.661101],[67.215381,39.661144]]]}},{"type":"Feature","id":705,"properties":{},"geometry":{"type":"Polygon","coordinates":[[[67.447964,39.78473],[67.448389,39.784135],[67.44848,39.784006],[67.44886,39.783394],[67.449009,39.783275],[67.449176,39.78331],[67.449395,39.783434],[67.449493,39.783632],[67.449623,39.784606],[67.449725,39.78535],[67.44974,39.785449],[67.449894,39.786492],[67.449945,39.786844],[67.449896,39.78695],[67.449863,39.787022],[67.449763,39.787237],[67.449702,39.787369],[67.449701,39.787369],[67.44945,39.787204],[67.449161,39.787013],[67.449161,39.787013],[67.448629,39.786708],[67.448363,39.78652],[67.448334,39.786494],[67.448067,39.78625],[67.448067,39.78625],[67.448037,39.786222],[67.448167,39.786085],[67.448334,39.785845],[67.448395,39.785759],[67.448614,39.785444],[67.448739,39.785174],[67.447964,39.78473]]]}},{"type":"Feature","id":706,"properties":{},"geometry":{"type":"Polygon","coordinates":[[[67.332045,39.709848],[67.331789,39.710091],[67.331304,39.71046],[67.330935,39.710776],[67.330708,39.710973],[67.33052,39.711166],[67.33042,39.711261],[67.330286,39.711359],[67.330201,39.711408],[67.330196,39.711409],[67.328588,39.710218],[67.328623,39.710022],[67.329397,39.709428],[67.329033,39.709179],[67.328882,39.709052],[67.328736,39.708928],[67.328551,39.708775],[67.328571,39.708756],[67.329539,39.70797],[67.329597,39.707955],[67.332045,39.709848]]]}},{"type":"Feature","id":707,"properties":{},"geometry":{"type":"Polygon","coordinates":[[[67.348019,39.743175],[67.34881,39.743979],[67.348847,39.744012],[67.348452,39.744342],[67.347836,39.744797],[67.347244,39.745255],[67.347209,39.745284],[67.347179,39.745307],[67.346823,39.745579],[67.346729,39.745651],[67.346668,39.74561],[67.346556,39.745558],[67.346096,39.745322],[67.345364,39.744945],[67.344881,39.744684],[67.343624,39.744005],[67.344198,39.743541],[67.344323,39.743439],[67.344733,39.743107],[67.345288,39.742665],[67.346117,39.741987],[67.346525,39.741655],[67.348019,39.743175]]]}},{"type":"Feature","id":708,"properties":{},"geometry":{"type":"Polygon","coordinates":[[[67.334848,39.770297],[67.334135,39.770315],[67.334136,39.770272],[67.33416,39.770074],[67.334207,39.76981],[67.334248,39.76956],[67.334276,39.769478],[67.3343,39.769406],[67.334369,39.769194],[67.334411,39.769062],[67.334497,39.768654],[67.334556,39.768467],[67.334786,39.768537],[67.335061,39.768601],[67.335031,39.768822],[67.335015,39.769037],[67.335004,39.769181],[67.335003,39.769222],[67.33496,39.769518],[67.334912,39.769707],[67.334899,39.769793],[67.334872,39.770035],[67.334848,39.770297]]]}},{"type":"Feature","id":709,"properties":{},"geometry":{"type":"Polygon","coordinates":[[[67.282598,39.602758],[67.282322,39.602788],[67.281667,39.601299],[67.281667,39.601297],[67.282007,39.600884],[67.28219,39.600754],[67.28231,39.600846],[67.282608,39.601457],[67.282706,39.601658],[67.282751,39.601755],[67.282817,39.601899],[67.282868,39.602009],[67.282958,39.602204],[67.283187,39.6027],[67.282598,39.602758]]]}},{"type":"Feature","id":710,"properties":{},"geometry":{"type":"Polygon","coordinates":[[[67.285349,39.602058],[67.285361,39.602056],[67.285379,39.602042],[67.285445,39.602033],[67.285691,39.602006],[67.285845,39.601983],[67.285914,39.602005],[67.286335,39.602916],[67.286706,39.603709],[67.286585,39.603746],[67.285851,39.603982],[67.285708,39.60402],[67.285505,39.604075],[67.285235,39.604148],[67.285118,39.60418],[67.284976,39.604223],[67.28414,39.604424],[67.283772,39.604494],[67.28354,39.604524],[67.2835,39.604512],[67.28346,39.604521],[67.283387,39.604436],[67.283237,39.604166],[67.282946,39.603528],[67.282685,39.602952],[67.282686,39.602951],[67.282679,39.602935],[67.282599,39.602759],[67.282598,39.602759],[67.282598,39.602758],[67.283187,39.6027],[67.283539,39.602672],[67.283792,39.602688],[67.284385,39.60271],[67.284898,39.602688],[67.28505,39.602678],[67.28512,39.60265],[67.28517,39.6026],[67.285209,39.602551],[67.285266,39.602451],[67.285284,39.602364],[67.285288,39.602189],[67.285318,39.602093],[67.285349,39.602058]]]}},{"type":"Feature","id":711,"properties":{},"geometry":{"type":"Polygon","coordinates":[[[67.240248,39.635092],[67.240188,39.635115],[67.240136,39.635135],[67.239957,39.635203],[67.239832,39.63525],[67.23966,39.635311],[67.239583,39.635315],[67.239489,39.635213],[67.239385,39.635053],[67.239265,39.634886],[67.239136,39.634662],[67.238973,39.634444],[67.238898,39.63439],[67.238895,39.634385],[67.238878,39.634381],[67.238877,39.634381],[67.237669,39.632692],[67.238058,39.632542],[67.238229,39.632476],[67.238305,39.632447],[67.240248,39.635092]]]}},{"type":"Feature","id":712,"properties":{},"geometry":{"type":"Polygon","coordinates":[[[67.238305,39.632447],[67.239528,39.631975],[67.239554,39.63199],[67.239565,39.632004],[67.239632,39.632095],[67.23978,39.632294],[67.240026,39.632625],[67.240218,39.632886],[67.240292,39.632988],[67.240734,39.63359],[67.240892,39.633806],[67.240924,39.633849],[67.241231,39.634269],[67.241264,39.634313],[67.241295,39.634356],[67.241483,39.634607],[67.241436,39.634627],[67.241232,39.634701],[67.241145,39.634748],[67.24085,39.634856],[67.240541,39.634977],[67.240248,39.635092],[67.238305,39.632447]]]}},{"type":"Feature","id":713,"properties":{},"geometry":{"type":"Polygon","coordinates":[[[67.266502,39.59273],[67.266323,39.592782],[67.265775,39.592915],[67.264763,39.593177],[67.26457,39.59278],[67.264496,39.592629],[67.264452,39.592539],[67.26433,39.592287],[67.264289,39.592202],[67.26422,39.592061],[67.264148,39.591913],[67.264106,39.591827],[67.263995,39.591598],[67.264497,39.591464],[67.265622,39.591144],[67.265663,39.591134],[67.265991,39.591759],[67.26619,39.59214],[67.266224,39.592204],[67.266461,39.592654],[67.266502,39.59273]]]}},{"type":"Feature","id":714,"properties":{},"geometry":{"type":"Polygon","coordinates":[[[67.301472,39.589016],[67.30146,39.589019],[67.301036,39.589141],[67.300656,39.5887],[67.300623,39.588714],[67.300486,39.588559],[67.300317,39.588356],[67.300421,39.588247],[67.300525,39.588217],[67.300649,39.58818],[67.300795,39.588165],[67.301149,39.588609],[67.301276,39.588769],[67.301472,39.589016]]]}},{"type":"Feature","id":715,"properties":{},"geometry":{"type":"Polygon","coordinates":[[[67.271817,39.589454],[67.271434,39.587339],[67.273114,39.586771],[67.273048,39.58697],[67.272938,39.587307],[67.272821,39.587735],[67.272817,39.588036],[67.272837,39.58839],[67.272835,39.588802],[67.272844,39.589069],[67.272852,39.589067],[67.272846,39.589097],[67.272802,39.58913],[67.272665,39.589203],[67.272461,39.589281],[67.272436,39.589225],[67.271817,39.589454]]]}},{"type":"Feature","id":716,"properties":{},"geometry":{"type":"Polygon","coordinates":[[[67.441588,39.785099],[67.441821,39.785158],[67.442191,39.78525],[67.442492,39.785324],[67.442777,39.785391],[67.443046,39.785399],[67.443003,39.785469],[67.442896,39.785644],[67.442795,39.78581],[67.442529,39.786246],[67.442439,39.786393],[67.442396,39.786463],[67.442339,39.786548],[67.442277,39.786641],[67.442184,39.786779],[67.441964,39.787106],[67.441843,39.787286],[67.441718,39.787472],[67.441593,39.787658],[67.44146,39.787856],[67.441345,39.788027],[67.441219,39.788232],[67.441041,39.78853],[67.441032,39.788546],[67.440925,39.788708],[67.440723,39.789004],[67.440676,39.789072],[67.439961,39.788861],[67.439913,39.788846],[67.439259,39.788653],[67.43938,39.788455],[67.439786,39.787819],[67.440096,39.787332],[67.440865,39.786204],[67.441588,39.785099]]]}},{"type":"Feature","id":717,"properties":{},"geometry":{"type":"Polygon","coordinates":[[[67.257082,39.649797],[67.256834,39.650204],[67.256729,39.650403],[67.256729,39.650403],[67.256025,39.651601],[67.256018,39.651613],[67.2558,39.651479],[67.255356,39.651226],[67.255053,39.651025],[67.254656,39.650714],[67.254436,39.650538],[67.254319,39.650453],[67.254257,39.65037],[67.25423,39.650325],[67.254231,39.650321],[67.254234,39.650303],[67.254245,39.650264],[67.254249,39.650259],[67.254321,39.650267],[67.254761,39.649762],[67.255127,39.649275],[67.255128,39.649273],[67.25513,39.649275],[67.255378,39.648965],[67.255496,39.648818],[67.255662,39.648905],[67.25575,39.64895],[67.255825,39.649004],[67.255895,39.649084],[67.255993,39.649167],[67.256195,39.649297],[67.256552,39.649501],[67.256754,39.649608],[67.256906,39.649705],[67.257004,39.64976],[67.257082,39.649797]]]}},{"type":"Feature","id":718,"properties":{},"geometry":{"type":"Polygon","coordinates":[[[67.256018,39.651613],[67.255618,39.652357],[67.255509,39.652552],[67.25491,39.653559],[67.254845,39.653662],[67.254807,39.653722],[67.254747,39.653828],[67.254707,39.653865],[67.254672,39.653897],[67.254453,39.65385],[67.254262,39.653801],[67.254147,39.653753],[67.254062,39.6537],[67.254022,39.653657],[67.254008,39.653639],[67.253994,39.653613],[67.253969,39.653542],[67.253948,39.653314],[67.253943,39.65306],[67.253956,39.652864],[67.253961,39.652798],[67.253966,39.652711],[67.253985,39.652472],[67.254003,39.652248],[67.254013,39.652134],[67.254045,39.651719],[67.25408,39.651294],[67.254153,39.650761],[67.254154,39.650751],[67.254169,39.650646],[67.254185,39.650509],[67.254216,39.650383],[67.25423,39.650325],[67.254257,39.65037],[67.254319,39.650453],[67.254436,39.650538],[67.254656,39.650714],[67.255053,39.651025],[67.255356,39.651226],[67.2558,39.651479],[67.256018,39.651613]]]}},{"type":"Feature","id":719,"properties":{},"geometry":{"type":"Polygon","coordinates":[[[67.346128,39.777041],[67.346097,39.777093],[67.345881,39.777449],[67.345786,39.77745],[67.34514,39.777071],[67.343775,39.776291],[67.342707,39.77568],[67.342536,39.775618],[67.342589,39.775568],[67.342947,39.775287],[67.342993,39.77525],[67.343036,39.775217],[67.346128,39.777041]]]}},{"type":"Feature","id":720,"properties":{},"geometry":{"type":"Polygon","coordinates":[[[67.309751,39.580392],[67.310125,39.581005],[67.30914,39.581345],[67.308949,39.581416],[67.308856,39.581451],[67.308434,39.581597],[67.308047,39.581695],[67.308008,39.581704],[67.307993,39.581692],[67.307876,39.581631],[67.307776,39.581542],[67.307764,39.581532],[67.30767,39.581396],[67.307662,39.581348],[67.307659,39.581214],[67.307657,39.581148],[67.30769,39.581097],[67.307708,39.581085],[67.307801,39.58102],[67.307974,39.580942],[67.309051,39.580512],[67.309125,39.580484],[67.309272,39.58043],[67.309561,39.580316],[67.309603,39.580302],[67.309666,39.58028],[67.309751,39.580392]]]}},{"type":"Feature","id":721,"properties":{},"geometry":{"type":"Polygon","coordinates":[[[67.323676,39.57543],[67.3235,39.57556],[67.323324,39.575689],[67.3228,39.576061],[67.322649,39.576174],[67.322584,39.576222],[67.322494,39.576289],[67.32193,39.57671],[67.321578,39.576959],[67.32141,39.576951],[67.321399,39.57695],[67.321288,39.576952],[67.321181,39.576982],[67.320584,39.577335],[67.320412,39.577437],[67.320078,39.577634],[67.319993,39.577684],[67.319473,39.577992],[67.319136,39.578191],[67.319065,39.578233],[67.318974,39.57829],[67.318741,39.578435],[67.318627,39.578479],[67.318598,39.578423],[67.318585,39.578376],[67.31858,39.578334],[67.318643,39.578295],[67.318945,39.577863],[67.319513,39.57693],[67.31958,39.576925],[67.321517,39.575655],[67.321941,39.575361],[67.322052,39.575284],[67.322799,39.574766],[67.323473,39.575268],[67.323578,39.575346],[67.323676,39.57543]]]}},{"type":"Feature","id":722,"properties":{},"geometry":{"type":"Polygon","coordinates":[[[67.354748,39.580035],[67.355329,39.580481],[67.355413,39.580543],[67.355815,39.5809],[67.355812,39.580902],[67.355014,39.581541],[67.354952,39.581595],[67.354926,39.581639],[67.354922,39.581642],[67.354911,39.581663],[67.354847,39.581609],[67.354785,39.581548],[67.354535,39.581288],[67.354234,39.580984],[67.353951,39.580697],[67.353938,39.580698],[67.353913,39.580675],[67.354703,39.580091],[67.354748,39.580035]]]}},{"type":"Feature","id":723,"properties":{},"geometry":{"type":"Polygon","coordinates":[[[67.348936,39.581291],[67.34889,39.581291],[67.348823,39.581286],[67.350025,39.58034],[67.350997,39.579591],[67.35121,39.579422],[67.352668,39.578272],[67.353132,39.578673],[67.35325,39.578773],[67.353487,39.578946],[67.353336,39.579089],[67.353122,39.579263],[67.352764,39.579515],[67.352721,39.579539],[67.352749,39.579567],[67.352821,39.579645],[67.352936,39.579754],[67.352677,39.579796],[67.352677,39.579796],[67.352666,39.579798],[67.352645,39.579801],[67.351994,39.579906],[67.351986,39.57993],[67.351941,39.579989],[67.351897,39.580004],[67.352031,39.580461],[67.352017,39.580465],[67.351984,39.580374],[67.351884,39.5803],[67.351779,39.580284],[67.351461,39.580368],[67.351077,39.58043],[67.350867,39.580427],[67.350686,39.580417],[67.350498,39.580385],[67.350359,39.580432],[67.350232,39.58049],[67.350014,39.580482],[67.349632,39.580785],[67.349027,39.581225],[67.348936,39.581291]]]}},{"type":"Feature","id":724,"properties":{},"geometry":{"type":"Polygon","coordinates":[[[67.386989,39.770289],[67.387831,39.771087],[67.387999,39.771246],[67.388259,39.771492],[67.388961,39.772224],[67.389438,39.772695],[67.389448,39.772705],[67.389422,39.772718],[67.389233,39.772769],[67.388715,39.772968],[67.38823,39.773224],[67.387891,39.773429],[67.387615,39.773682],[67.387356,39.77394],[67.386811,39.773467],[67.386656,39.773305],[67.386617,39.773263],[67.38632,39.772951],[67.386217,39.772844],[67.385192,39.771766],[67.385159,39.771732],[67.385203,39.771678],[67.386987,39.770288],[67.386989,39.770289]]]}},{"type":"Feature","id":725,"properties":{},"geometry":{"type":"Polygon","coordinates":[[[67.268914,39.628302],[67.268914,39.628302],[67.271067,39.627333],[67.271079,39.627354],[67.271417,39.627864],[67.271652,39.628202],[67.271654,39.628201],[67.271654,39.628202],[67.27186,39.628151],[67.272145,39.628004],[67.272241,39.627957],[67.27227,39.628073],[67.272305,39.628207],[67.272359,39.628409],[67.272445,39.628749],[67.272467,39.628896],[67.272495,39.629079],[67.270195,39.6301],[67.270114,39.629982],[67.269933,39.629724],[67.269724,39.629427],[67.269619,39.629278],[67.26958,39.629222],[67.269489,39.629093],[67.269488,39.629092],[67.269431,39.629012],[67.269314,39.628851],[67.269313,39.628849],[67.269146,39.628621],[67.268951,39.628354],[67.268947,39.628348],[67.268914,39.628302],[67.268914,39.628302]]]}},{"type":"Feature","id":726,"properties":{},"geometry":{"type":"Polygon","coordinates":[[[67.276585,39.618021],[67.276535,39.618038],[67.276464,39.61807],[67.27637,39.618114],[67.276332,39.618146],[67.276305,39.618188],[67.275429,39.618104],[67.274148,39.61797],[67.273246,39.616815],[67.273774,39.616617],[67.273868,39.616582],[67.273979,39.61654],[67.274125,39.616483],[67.274798,39.616222],[67.2749,39.616182],[67.275125,39.616095],[67.276585,39.618021]]]}},{"type":"Feature","id":727,"properties":{},"geometry":{"type":"Polygon","coordinates":[[[67.287733,39.646054],[67.287797,39.646063],[67.287894,39.646084],[67.287932,39.646289],[67.288017,39.646712],[67.288023,39.646744],[67.288069,39.647021],[67.288027,39.647036],[67.287902,39.647073],[67.287435,39.647239],[67.28668,39.647499],[67.284416,39.648272],[67.28303,39.648736],[67.282865,39.648497],[67.282319,39.647692],[67.285046,39.646782],[67.286896,39.646142],[67.287711,39.645871],[67.287733,39.646054]]]}},{"type":"Feature","id":728,"properties":{},"geometry":{"type":"Polygon","coordinates":[[[67.387338,39.711739],[67.387245,39.711792],[67.387174,39.711843],[67.386518,39.712143],[67.385966,39.712423],[67.385966,39.71242],[67.385967,39.71242],[67.385967,39.712415],[67.38597,39.712338],[67.38597,39.712337],[67.385972,39.71229],[67.385974,39.712227],[67.385981,39.712057],[67.385986,39.711941],[67.385986,39.711914],[67.385991,39.711789],[67.385989,39.711733],[67.385989,39.711717],[67.385984,39.711572],[67.385983,39.711567],[67.385983,39.71156],[67.385978,39.711424],[67.385976,39.711374],[67.385972,39.711276],[67.385983,39.711206],[67.385991,39.71115],[67.385997,39.711114],[67.385978,39.71107],[67.386655,39.710679],[67.386984,39.710459],[67.387061,39.710388],[67.387067,39.710384],[67.387091,39.710383],[67.387161,39.710492],[67.387162,39.710499],[67.387174,39.710687],[67.387318,39.711626],[67.387318,39.711737],[67.387338,39.711736],[67.387338,39.711739]]]}},{"type":"Feature","id":729,"properties":{},"geometry":{"type":"Polygon","coordinates":[[[67.386339,39.706309],[67.386383,39.706566],[67.386462,39.707037],[67.386473,39.707079],[67.384918,39.707299],[67.384847,39.707315],[67.384778,39.70706],[67.384758,39.706984],[67.384666,39.706675],[67.384634,39.706437],[67.385406,39.706321],[67.386298,39.706183],[67.386339,39.706309]]]}},{"type":"Feature","id":730,"properties":{},"geometry":{"type":"Polygon","coordinates":[[[67.398799,39.71003],[67.398799,39.710031],[67.398798,39.710034],[67.398861,39.710151],[67.398999,39.710483],[67.39902,39.710582],[67.399052,39.710727],[67.399024,39.710731],[67.398798,39.710739],[67.398562,39.710799],[67.398532,39.710803],[67.398454,39.71068],[67.398321,39.71047],[67.398203,39.710294],[67.398057,39.710083],[67.397907,39.709788],[67.397884,39.709638],[67.397882,39.709464],[67.397906,39.709379],[67.397974,39.709221],[67.39803,39.709142],[67.398162,39.709048],[67.398347,39.708967],[67.398349,39.708967],[67.398799,39.71003]]]}},{"type":"Feature","id":731,"properties":{},"geometry":{"type":"Polygon","coordinates":[[[67.397553,39.719094],[67.397135,39.719214],[67.397094,39.719211],[67.396752,39.719318],[67.396447,39.719394],[67.396418,39.719394],[67.396022,39.719472],[67.395897,39.719478],[67.395915,39.717919],[67.39596,39.717877],[67.396325,39.717822],[67.396482,39.7178],[67.396619,39.717777],[67.396721,39.717791],[67.396892,39.717842],[67.396988,39.717858],[67.397192,39.717824],[67.39754,39.717811],[67.39757,39.717814],[67.397649,39.717838],[67.397553,39.719094]]]}},{"type":"Feature","id":732,"properties":{},"geometry":{"type":"Polygon","coordinates":[[[67.398144,39.714765],[67.398218,39.714772],[67.398294,39.714773],[67.398337,39.714803],[67.398378,39.71487],[67.398404,39.715063],[67.398383,39.715181],[67.398385,39.715267],[67.398422,39.715326],[67.398507,39.715377],[67.398614,39.715412],[67.398667,39.715467],[67.39866,39.715534],[67.398621,39.7156],[67.398425,39.715664],[67.398293,39.715758],[67.398232,39.715832],[67.398203,39.71592],[67.398109,39.715983],[67.397967,39.716054],[67.397922,39.716116],[67.397861,39.71622],[67.397861,39.716276],[67.39786,39.716278],[67.397576,39.716336],[67.397394,39.71629],[67.397256,39.716258],[67.39719,39.716245],[67.397151,39.716231],[67.397094,39.716212],[67.397038,39.71619],[67.397035,39.716188],[67.39703,39.716179],[67.397026,39.716171],[67.397019,39.716157],[67.397009,39.716134],[67.396988,39.716064],[67.396983,39.716053],[67.396968,39.716007],[67.396941,39.715962],[67.396932,39.715945],[67.396896,39.715886],[67.396794,39.715824],[67.396727,39.715716],[67.396643,39.715603],[67.396442,39.715424],[67.396347,39.715327],[67.396327,39.715256],[67.396352,39.715092],[67.396409,39.714947],[67.396511,39.714728],[67.396695,39.71473],[67.397022,39.714709],[67.397051,39.714708],[67.398144,39.714765]]]}},{"type":"Feature","id":733,"properties":{},"geometry":{"type":"Polygon","coordinates":[[[67.301766,39.597877],[67.301749,39.598144],[67.301716,39.598511],[67.301623,39.599559],[67.301596,39.599857],[67.298087,39.60014],[67.298064,39.599955],[67.298032,39.599691],[67.298019,39.599566],[67.298009,39.599416],[67.297989,39.599144],[67.297979,39.599024],[67.298014,39.59835],[67.298117,39.598321],[67.298136,39.598317],[67.298212,39.598276],[67.298213,39.598269],[67.298234,39.598213],[67.298253,39.598041],[67.298256,39.598022],[67.298256,39.598021],[67.298258,39.597982],[67.298283,39.597602],[67.30113,39.597276],[67.30127,39.59726],[67.301827,39.597197],[67.301766,39.597877]]]}},{"type":"Feature","id":734,"properties":{},"geometry":{"type":"Polygon","coordinates":[[[67.335173,39.747155],[67.335526,39.747335],[67.336012,39.74758],[67.336191,39.747661],[67.337013,39.748033],[67.337098,39.748086],[67.336802,39.748493],[67.336727,39.748595],[67.336651,39.748687],[67.336499,39.748871],[67.334333,39.747881],[67.334721,39.747403],[67.334997,39.747064],[67.335173,39.747155]]]}},{"type":"Feature","id":735,"properties":{},"geometry":{"type":"Polygon","coordinates":[[[67.427502,39.780653],[67.425103,39.783514],[67.425085,39.783489],[67.424972,39.783415],[67.424706,39.783242],[67.424543,39.783114],[67.424406,39.782996],[67.424304,39.78285],[67.424216,39.782705],[67.424113,39.782614],[67.423977,39.782493],[67.423793,39.782364],[67.423663,39.782272],[67.423585,39.782189],[67.423816,39.781937],[67.424072,39.781602],[67.424115,39.781557],[67.424516,39.781128],[67.424184,39.780974],[67.424011,39.781188],[67.423875,39.781339],[67.423802,39.78142],[67.423684,39.781551],[67.423654,39.781585],[67.42336,39.78187],[67.423358,39.781867],[67.423263,39.781725],[67.423161,39.781574],[67.423086,39.781462],[67.424703,39.779379],[67.425907,39.779928],[67.426201,39.780062],[67.426629,39.780257],[67.426865,39.780364],[67.427502,39.780653]]]}},{"type":"Feature","id":736,"properties":{},"geometry":{"type":"Polygon","coordinates":[[[67.256578,39.621713],[67.256827,39.621944],[67.257206,39.622293],[67.257449,39.62252],[67.25784,39.622891],[67.258086,39.623123],[67.257814,39.623439],[67.257519,39.62377],[67.256822,39.623085],[67.255941,39.622223],[67.255838,39.622128],[67.255613,39.62192],[67.255621,39.621899],[67.25566,39.621881],[67.256532,39.621662],[67.256578,39.621713]]]}},{"type":"Feature","id":737,"properties":{},"geometry":{"type":"Polygon","coordinates":[[[67.261153,39.628074],[67.26079,39.628264],[67.260732,39.628295],[67.260303,39.62852],[67.259628,39.628874],[67.259495,39.628944],[67.25921,39.629095],[67.259098,39.629153],[67.259017,39.629197],[67.258948,39.629233],[67.258866,39.629276],[67.258797,39.629313],[67.258723,39.629351],[67.258651,39.629388],[67.2586,39.629415],[67.258514,39.629458],[67.257556,39.629961],[67.257322,39.629718],[67.2573,39.629695],[67.257108,39.629486],[67.257012,39.629381],[67.256657,39.628979],[67.256649,39.62897],[67.256568,39.62888],[67.256516,39.628803],[67.256492,39.62877],[67.256711,39.628575],[67.256762,39.62853],[67.256893,39.628413],[67.256899,39.628408],[67.257392,39.628005],[67.25744,39.628018],[67.2575,39.627999],[67.257604,39.627937],[67.257716,39.627828],[67.257783,39.627762],[67.258047,39.627506],[67.258071,39.627484],[67.258102,39.627505],[67.258253,39.627347],[67.258522,39.627102],[67.258588,39.627042],[67.258684,39.627119],[67.258798,39.627222],[67.259464,39.627819],[67.259485,39.627837],[67.259509,39.627859],[67.25951,39.62786],[67.259873,39.627662],[67.260046,39.627568],[67.260126,39.627525],[67.260318,39.62742],[67.260348,39.627404],[67.260369,39.627391],[67.260369,39.627391],[67.260255,39.627287],[67.259982,39.627037],[67.259738,39.626815],[67.259309,39.62643],[67.259505,39.62627],[67.259588,39.626243],[67.259664,39.626311],[67.260259,39.626884],[67.260888,39.627494],[67.261015,39.627618],[67.261109,39.627708],[67.261193,39.62779],[67.261272,39.627867],[67.261301,39.627895],[67.261329,39.627922],[67.261349,39.627971],[67.261153,39.628074]]]}},{"type":"Feature","id":738,"properties":{},"geometry":{"type":"Polygon","coordinates":[[[67.270195,39.6301],[67.270332,39.630298],[67.270531,39.630598],[67.270433,39.630642],[67.270265,39.630711],[67.270069,39.630786],[67.26985,39.630859],[67.269719,39.630903],[67.269636,39.630945],[67.269439,39.631081],[67.269305,39.631197],[67.269037,39.631387],[67.26887,39.631469],[67.268797,39.631505],[67.268772,39.631517],[67.268388,39.631702],[67.268379,39.631697],[67.268372,39.631688],[67.268366,39.63168],[67.268358,39.631669],[67.267627,39.630675],[67.2676,39.630638],[67.267371,39.630327],[67.266624,39.629312],[67.266621,39.629308],[67.266799,39.629228],[67.266967,39.629151],[67.267166,39.629061],[67.267343,39.628982],[67.267655,39.628841],[67.267734,39.628805],[67.267936,39.628713],[67.268147,39.628625],[67.268462,39.628492],[67.268603,39.628433],[67.268826,39.628339],[67.268914,39.628302],[67.268936,39.628332],[67.268947,39.628348],[67.268951,39.628354],[67.269146,39.628621],[67.269314,39.628851],[67.269488,39.629092],[67.26958,39.629222],[67.269619,39.629278],[67.269663,39.629341],[67.270024,39.629854],[67.270114,39.629982],[67.270195,39.6301],[67.270195,39.6301]]]}},{"type":"Feature","id":739,"properties":{},"geometry":{"type":"Polygon","coordinates":[[[67.32131,39.618592],[67.321217,39.6186],[67.320426,39.618684],[67.319559,39.618775],[67.319289,39.618843],[67.318759,39.618996],[67.318618,39.619039],[67.318528,39.619068],[67.318502,39.619018],[67.318437,39.618913],[67.319375,39.618622],[67.320525,39.618272],[67.321677,39.617961],[67.322817,39.617591],[67.323938,39.617223],[67.325094,39.616831],[67.325208,39.616791],[67.325565,39.616664],[67.326409,39.616395],[67.32645,39.616569],[67.326484,39.616732],[67.326499,39.616803],[67.326499,39.616805],[67.326202,39.616907],[67.326,39.616977],[67.324926,39.61734],[67.324857,39.617364],[67.323725,39.617754],[67.322568,39.618161],[67.321831,39.618416],[67.321696,39.618462],[67.321419,39.618555],[67.32131,39.618592]]]}},{"type":"Feature","id":740,"properties":{},"geometry":{"type":"Polygon","coordinates":[[[67.326409,39.616395],[67.325565,39.616664],[67.325208,39.616791],[67.325094,39.616831],[67.323938,39.617223],[67.322817,39.617591],[67.321677,39.617961],[67.320525,39.618272],[67.319375,39.618622],[67.318437,39.618913],[67.318365,39.618822],[67.3183,39.618745],[67.326298,39.616104],[67.326347,39.61625],[67.326364,39.616287],[67.326409,39.616395]]]}},{"type":"Feature","id":741,"properties":{},"geometry":{"type":"Polygon","coordinates":[[[67.383681,39.774765],[67.383537,39.775071],[67.382831,39.775609],[67.382702,39.775707],[67.382407,39.775932],[67.381545,39.776628],[67.380259,39.775743],[67.378618,39.774561],[67.378718,39.77437],[67.378793,39.774228],[67.380288,39.774196],[67.380685,39.774189],[67.381071,39.77421],[67.38211,39.774174],[67.382393,39.774124],[67.382714,39.774049],[67.383681,39.774765]]]}},{"type":"Feature","id":742,"properties":{},"geometry":{"type":"Polygon","coordinates":[[[67.224178,39.656956],[67.224267,39.657049],[67.224624,39.65743],[67.224143,39.657682],[67.223834,39.657843],[67.223554,39.657984],[67.223211,39.658158],[67.222913,39.658307],[67.222559,39.658478],[67.22221,39.658665],[67.221922,39.658813],[67.221726,39.658919],[67.22171,39.658927],[67.221589,39.658816],[67.221494,39.65873],[67.221383,39.658628],[67.221285,39.658537],[67.221154,39.658418],[67.221023,39.658297],[67.220967,39.658246],[67.224059,39.656829],[67.224178,39.656956]]]}},{"type":"Feature","id":743,"properties":{},"geometry":{"type":"Polygon","coordinates":[[[67.22027,39.667797],[67.218673,39.668494],[67.218682,39.668463],[67.218662,39.668317],[67.218504,39.668059],[67.218244,39.667759],[67.218086,39.667577],[67.217958,39.667429],[67.21792,39.667385],[67.217987,39.667353],[67.218998,39.666877],[67.219336,39.666765],[67.219442,39.666712],[67.219947,39.667374],[67.220062,39.667539],[67.220159,39.667652],[67.22027,39.667797]]]}},{"type":"Feature","id":744,"properties":{},"geometry":{"type":"Polygon","coordinates":[[[67.22027,39.667797],[67.220284,39.667815],[67.221191,39.668832],[67.221329,39.66899],[67.221416,39.669089],[67.221454,39.669132],[67.221572,39.669267],[67.221756,39.669477],[67.221778,39.669503],[67.221836,39.669622],[67.221615,39.669731],[67.221295,39.6699],[67.221014,39.670044],[67.220765,39.670172],[67.220478,39.670313],[67.220376,39.670368],[67.220319,39.670307],[67.219561,39.669493],[67.219212,39.669118],[67.219165,39.669068],[67.218677,39.668545],[67.218662,39.668529],[67.218673,39.668494],[67.22027,39.667797]]]}},{"type":"Feature","id":745,"properties":{},"geometry":{"type":"Polygon","coordinates":[[[67.234573,39.652177],[67.233758,39.652769],[67.233586,39.652883],[67.23358,39.652887],[67.233248,39.653091],[67.23324,39.653089],[67.233188,39.653076],[67.233122,39.653059],[67.232563,39.652917],[67.232149,39.65281],[67.231902,39.652746],[67.231489,39.652579],[67.232236,39.652022],[67.232268,39.651998],[67.232644,39.652171],[67.232745,39.652123],[67.232951,39.652025],[67.233628,39.651493],[67.233778,39.65139],[67.234159,39.651666],[67.234296,39.651766],[67.234697,39.652074],[67.234662,39.652104],[67.234573,39.652177]]]}},{"type":"Feature","id":746,"properties":{},"geometry":{"type":"Polygon","coordinates":[[[67.330783,39.613306],[67.330783,39.613306],[67.330825,39.613355],[67.330849,39.613378],[67.330871,39.613399],[67.330887,39.613415],[67.330889,39.613417],[67.331414,39.614025],[67.331286,39.614159],[67.331124,39.614329],[67.330918,39.614623],[67.330831,39.614733],[67.330575,39.614488],[67.330327,39.614263],[67.330237,39.614182],[67.330053,39.614004],[67.329924,39.613867],[67.329893,39.613834],[67.330783,39.613306]]]}},{"type":"Feature","id":747,"properties":{},"geometry":{"type":"Polygon","coordinates":[[[67.329826,39.60933],[67.328848,39.609819],[67.328404,39.609295],[67.328352,39.609243],[67.328222,39.609077],[67.329199,39.608549],[67.329199,39.608549],[67.329308,39.608685],[67.329325,39.608707],[67.329408,39.60881],[67.32942,39.608825],[67.329426,39.608832],[67.329452,39.608864],[67.329486,39.608906],[67.329498,39.608921],[67.329515,39.608942],[67.329534,39.608966],[67.329547,39.608983],[67.329565,39.609005],[67.329581,39.609025],[67.32961,39.609061],[67.329631,39.609087],[67.329656,39.609118],[67.329672,39.609138],[67.329692,39.609163],[67.329712,39.609188],[67.329731,39.609212],[67.32975,39.609235],[67.329778,39.60927],[67.329804,39.609303],[67.329824,39.609328],[67.329826,39.60933]]]}},{"type":"Feature","id":748,"properties":{},"geometry":{"type":"Polygon","coordinates":[[[67.329199,39.608549],[67.328222,39.609077],[67.32817,39.609012],[67.327895,39.608662],[67.327442,39.60808],[67.326992,39.607531],[67.327284,39.60737],[67.327516,39.607242],[67.327911,39.607024],[67.328265,39.60746],[67.32831,39.60747],[67.328691,39.60793],[67.328713,39.607957],[67.328798,39.608059],[67.329043,39.608355],[67.32918,39.608526],[67.329199,39.608549]]]}},{"type":"Feature","id":749,"properties":{},"geometry":{"type":"Polygon","coordinates":[[[67.33006,39.60962],[67.330325,39.609447],[67.330338,39.609439],[67.33057,39.609294],[67.330755,39.60918],[67.330763,39.609175],[67.331277,39.608859],[67.332225,39.608265],[67.332297,39.608212],[67.332325,39.60824],[67.332333,39.608248],[67.332353,39.608268],[67.332434,39.60835],[67.332546,39.608461],[67.332655,39.608571],[67.332781,39.608697],[67.332853,39.608769],[67.332885,39.608802],[67.332885,39.608802],[67.332761,39.608886],[67.332199,39.609266],[67.331402,39.609783],[67.331079,39.609992],[67.330724,39.610222],[67.330658,39.610265],[67.330586,39.610313],[67.330555,39.610276],[67.330492,39.610192],[67.33006,39.60962]]]}},{"type":"Feature","id":750,"properties":{},"geometry":{"type":"Polygon","coordinates":[[[67.215702,39.716829],[67.215366,39.716752],[67.215298,39.716733],[67.21469,39.716836],[67.214246,39.716846],[67.214829,39.715013],[67.214881,39.714839],[67.21536,39.713233],[67.216814,39.713127],[67.216845,39.713126],[67.215702,39.716829]]]}},{"type":"Feature","id":751,"properties":{},"geometry":{"type":"Polygon","coordinates":[[[67.218557,39.713001],[67.217101,39.717241],[67.217032,39.717221],[67.217026,39.717218],[67.216999,39.717211],[67.21678,39.717145],[67.216411,39.717034],[67.215814,39.716855],[67.215702,39.716829],[67.216845,39.713126],[67.216903,39.713123],[67.217157,39.713103],[67.217857,39.713052],[67.217858,39.713052],[67.21791,39.713048],[67.218336,39.713017],[67.218557,39.713001]]]}},{"type":"Feature","id":752,"properties":{},"geometry":{"type":"Polygon","coordinates":[[[67.229773,39.694378],[67.229668,39.694723],[67.226247,39.69339],[67.226313,39.693335],[67.226602,39.693096],[67.227282,39.692509],[67.227599,39.692176],[67.230118,39.693185],[67.229959,39.693681],[67.229773,39.694378],[67.229773,39.694378],[67.229773,39.694378]]]}},{"type":"Feature","id":753,"properties":{},"geometry":{"type":"Polygon","coordinates":[[[67.230162,39.693108],[67.230135,39.693133],[67.230118,39.693185],[67.227599,39.692176],[67.227756,39.692011],[67.228092,39.691658],[67.228232,39.69148],[67.228672,39.690953],[67.229098,39.690358],[67.229168,39.690392],[67.229636,39.690578],[67.229681,39.690596],[67.231174,39.691183],[67.231544,39.691345],[67.231815,39.691464],[67.231954,39.691586],[67.231465,39.691914],[67.230965,39.69234],[67.230797,39.692484],[67.230681,39.692591],[67.230354,39.692894],[67.230281,39.692963],[67.230177,39.693059],[67.230162,39.693108]]]}},{"type":"Feature","id":754,"properties":{},"geometry":{"type":"Polygon","coordinates":[[[67.226723,39.628548],[67.226722,39.628556],[67.226755,39.628586],[67.226755,39.628589],[67.226931,39.629084],[67.227027,39.629353],[67.227074,39.62948],[67.227117,39.6296],[67.226661,39.629748],[67.226515,39.629793],[67.225724,39.630031],[67.224808,39.63031],[67.223984,39.630554],[67.223773,39.630621],[67.223746,39.630633],[67.223595,39.630679],[67.222486,39.63103],[67.222373,39.631064],[67.221946,39.631199],[67.221946,39.63115],[67.221959,39.631031],[67.222024,39.630465],[67.222055,39.630187],[67.222066,39.630111],[67.222071,39.630068],[67.222122,39.629691],[67.222142,39.629545],[67.222165,39.629241],[67.222183,39.629012],[67.222199,39.628938],[67.22221,39.628925],[67.222418,39.628697],[67.222467,39.628649],[67.222738,39.628352],[67.222798,39.62828],[67.222852,39.628222],[67.223123,39.628066],[67.226171,39.627162],[67.226184,39.627187],[67.226305,39.6275],[67.226495,39.628009],[67.226668,39.628551],[67.226723,39.628548]]]}},{"type":"Feature","id":755,"properties":{},"geometry":{"type":"Polygon","coordinates":[[[67.387635,39.76909],[67.387556,39.769023],[67.387357,39.768862],[67.387014,39.768584],[67.386717,39.768344],[67.386732,39.768276],[67.386746,39.76821],[67.387824,39.767318],[67.388217,39.76701],[67.388324,39.766932],[67.388376,39.766963],[67.388454,39.76701],[67.388672,39.767167],[67.38869,39.767179],[67.389263,39.767607],[67.392481,39.770109],[67.392447,39.770108],[67.391837,39.770086],[67.391367,39.770068],[67.390507,39.770037],[67.390501,39.770037],[67.390093,39.769614],[67.388596,39.768416],[67.388461,39.768511],[67.388403,39.768552],[67.387635,39.76909]]]}},{"type":"Feature","id":756,"properties":{},"geometry":{"type":"Polygon","coordinates":[[[67.377818,39.654418],[67.378116,39.654751],[67.379211,39.656108],[67.376947,39.65731],[67.375735,39.655653],[67.375724,39.655639],[67.376421,39.655236],[67.376595,39.655134],[67.377818,39.654418]]]}},{"type":"Feature","id":757,"properties":{},"geometry":{"type":"Polygon","coordinates":[[[67.375309,39.656633],[67.375446,39.656906],[67.375512,39.657038],[67.375551,39.657116],[67.375664,39.657397],[67.375795,39.657566],[67.376056,39.657929],[67.376171,39.658081],[67.375649,39.658197],[67.375395,39.658254],[67.374538,39.658647],[67.374529,39.65865],[67.37417,39.658042],[67.374281,39.65801],[67.374463,39.657996],[67.37456,39.657849],[67.374571,39.657693],[67.374476,39.657483],[67.374448,39.657352],[67.374543,39.657249],[67.374718,39.657116],[67.37468,39.656869],[67.37463,39.656781],[67.374701,39.656718],[67.374726,39.65671],[67.374738,39.656678],[67.37516,39.656543],[67.375309,39.656633]]]}},{"type":"Feature","id":758,"properties":{},"geometry":{"type":"Polygon","coordinates":[[[67.377818,39.654418],[67.376595,39.655134],[67.376421,39.655236],[67.375724,39.655639],[67.375641,39.655528],[67.375053,39.654749],[67.374909,39.654544],[67.375348,39.654254],[67.375687,39.65404],[67.375919,39.653894],[67.375995,39.653846],[67.37685,39.653306],[67.377528,39.654113],[67.377818,39.654418]]]}},{"type":"Feature","id":759,"properties":{},"geometry":{"type":"Polygon","coordinates":[[[67.37685,39.653306],[67.375995,39.653846],[67.375919,39.653894],[67.375687,39.65404],[67.375348,39.654254],[67.374909,39.654544],[67.374124,39.653429],[67.374035,39.653323],[67.37423,39.653195],[67.375792,39.652148],[67.376003,39.652346],[67.376035,39.652377],[67.376188,39.652551],[67.376545,39.65296],[67.37685,39.653306]]]}},{"type":"Feature","id":760,"properties":{},"geometry":{"type":"Polygon","coordinates":[[[67.375792,39.652148],[67.37423,39.653195],[67.374035,39.653323],[67.373461,39.65264],[67.375183,39.651655],[67.375363,39.651791],[67.375792,39.652148]]]}},{"type":"Feature","id":761,"properties":{},"geometry":{"type":"Polygon","coordinates":[[[67.284099,39.695605],[67.283709,39.695702],[67.283099,39.695807],[67.282903,39.6958],[67.28265,39.695792],[67.282572,39.695789],[67.282201,39.695738],[67.282133,39.695653],[67.28212,39.695562],[67.282082,39.695285],[67.281959,39.69482],[67.281862,39.694585],[67.281732,39.694174],[67.281662,39.693943],[67.281705,39.693084],[67.281769,39.692471],[67.281738,39.692299],[67.281977,39.69215],[67.28198,39.692149],[67.281987,39.692145],[67.281989,39.692144],[67.282306,39.691955],[67.282529,39.691891],[67.282537,39.691888],[67.282631,39.691953],[67.282735,39.692023],[67.282842,39.692099],[67.282961,39.692176],[67.283065,39.692251],[67.283216,39.692353],[67.283338,39.69244],[67.283471,39.692529],[67.283601,39.69262],[67.283716,39.692715],[67.283805,39.692788],[67.283912,39.692873],[67.28406,39.692995],[67.284173,39.693083],[67.284208,39.693103],[67.284356,39.693187],[67.284526,39.693287],[67.284618,39.693335],[67.284849,39.693445],[67.28498,39.693505],[67.285209,39.693603],[67.285336,39.693661],[67.285571,39.69376],[67.285744,39.69383],[67.285927,39.693907],[67.286118,39.693986],[67.286295,39.694061],[67.286511,39.694151],[67.286767,39.694257],[67.286997,39.694359],[67.287058,39.694387],[67.286932,39.694448],[67.286833,39.694494],[67.286808,39.694502],[67.286733,39.69454],[67.286195,39.694789],[67.285537,39.695175],[67.284741,39.695469],[67.284741,39.695469],[67.284685,39.695486],[67.28462,39.695499],[67.284515,39.69552],[67.284398,39.695543],[67.284292,39.695564],[67.284155,39.695591],[67.284107,39.695601],[67.284098,39.695603],[67.284099,39.695605]]]}},{"type":"Feature","id":762,"properties":{},"geometry":{"type":"Polygon","coordinates":[[[67.308797,39.692678],[67.309357,39.693195],[67.309421,39.693258],[67.309446,39.693326],[67.309351,39.693382],[67.309293,39.693413],[67.308787,39.693683],[67.308445,39.693856],[67.30832,39.693918],[67.308187,39.693984],[67.307947,39.694097],[67.307932,39.694105],[67.307928,39.694104],[67.306874,39.693208],[67.306589,39.692966],[67.306643,39.692923],[67.307984,39.691983],[67.308797,39.692678]]]}},{"type":"Feature","id":763,"properties":{},"geometry":{"type":"Polygon","coordinates":[[[67.306839,39.695851],[67.306654,39.696653],[67.306616,39.696816],[67.306557,39.697072],[67.306525,39.697211],[67.306474,39.697464],[67.306359,39.698035],[67.306313,39.698235],[67.304974,39.698017],[67.304884,39.698002],[67.304846,39.697994],[67.304905,39.697729],[67.304912,39.697691],[67.30492,39.697649],[67.304926,39.697617],[67.304821,39.697511],[67.304914,39.697074],[67.304998,39.69668],[67.305008,39.696621],[67.305099,39.696714],[67.305129,39.69673],[67.305241,39.696112],[67.305291,39.695813],[67.305353,39.695552],[67.305415,39.695529],[67.305801,39.695431],[67.306133,39.695365],[67.306235,39.695383],[67.306297,39.6955],[67.306323,39.695538],[67.306839,39.695851]]]}},{"type":"Feature","id":764,"properties":{},"geometry":{"type":"Polygon","coordinates":[[[67.315267,39.697475],[67.315466,39.697673],[67.315563,39.697769],[67.315715,39.697921],[67.315945,39.698149],[67.316001,39.698205],[67.316074,39.698278],[67.316038,39.698366],[67.316007,39.69842],[67.315891,39.698623],[67.315824,39.698719],[67.315723,39.698862],[67.315621,39.698978],[67.315519,39.699094],[67.315505,39.699108],[67.315152,39.699468],[67.315013,39.699616],[67.314902,39.699748],[67.314833,39.699922],[67.314836,39.700035],[67.314855,39.700144],[67.31493,39.700387],[67.314971,39.700471],[67.31503,39.70071],[67.315101,39.70092],[67.315103,39.701045],[67.315085,39.701137],[67.315005,39.701306],[67.31497,39.701359],[67.314965,39.701365],[67.314905,39.701456],[67.314875,39.7015],[67.314792,39.701625],[67.314707,39.701741],[67.314451,39.702092],[67.314315,39.702297],[67.313958,39.702232],[67.313926,39.702226],[67.313806,39.702204],[67.313577,39.70218],[67.313476,39.702204],[67.313391,39.702266],[67.313387,39.702269],[67.313003,39.702195],[67.312205,39.70204],[67.312205,39.702039],[67.312842,39.701091],[67.315267,39.697475]]]}},{"type":"Feature","id":765,"properties":{},"geometry":{"type":"Polygon","coordinates":[[[67.280005,39.627257],[67.280005,39.627257],[67.280007,39.627257],[67.280045,39.626177],[67.280048,39.626043],[67.280049,39.626037],[67.280061,39.625958],[67.280192,39.625893],[67.280324,39.625805],[67.280406,39.625767],[67.280465,39.625765],[67.280504,39.625794],[67.280515,39.625847],[67.280532,39.625904],[67.280571,39.625965],[67.28061,39.626014],[67.280671,39.626067],[67.280819,39.626198],[67.28099,39.626374],[67.28117,39.626525],[67.281371,39.626676],[67.281549,39.626834],[67.281671,39.626952],[67.281801,39.62709],[67.281859,39.62717],[67.281903,39.627235],[67.282031,39.627506],[67.282183,39.627817],[67.282272,39.628005],[67.282311,39.628112],[67.282336,39.628179],[67.282354,39.628233],[67.28073,39.62859],[67.280663,39.628603],[67.280277,39.62868],[67.280263,39.628682],[67.280255,39.628367],[67.280253,39.628367],[67.280252,39.628296],[67.280268,39.62796],[67.280274,39.627865],[67.280292,39.627556],[67.280305,39.627443],[67.280304,39.627383],[67.280302,39.627339],[67.280215,39.627279],[67.280121,39.627263],[67.280005,39.627257]]]}},{"type":"Feature","id":766,"properties":{},"geometry":{"type":"Polygon","coordinates":[[[67.27775,39.637729],[67.277623,39.637754],[67.277549,39.637772],[67.277532,39.637832],[67.277573,39.63793],[67.277602,39.638048],[67.277653,39.638264],[67.277735,39.63845],[67.27755,39.638517],[67.277378,39.638591],[67.277171,39.638663],[67.277062,39.638697],[67.27697,39.638708],[67.276843,39.638721],[67.276667,39.63875],[67.276428,39.638798],[67.276121,39.638854],[67.275898,39.638888],[67.275896,39.638888],[67.275892,39.638536],[67.275892,39.638425],[67.27589,39.638317],[67.275872,39.636716],[67.276272,39.636707],[67.276618,39.636687],[67.276878,39.636662],[67.277051,39.636639],[67.27713,39.636624],[67.27718,39.636591],[67.277179,39.636482],[67.277147,39.636382],[67.277108,39.636267],[67.277198,39.636251],[67.277421,39.63621],[67.277492,39.636512],[67.277512,39.636606],[67.277644,39.637224],[67.277656,39.637283],[67.27775,39.637729]]]}},{"type":"Feature","id":767,"properties":{},"geometry":{"type":"Polygon","coordinates":[[[67.270609,39.637785],[67.270548,39.637787],[67.270484,39.637794],[67.270105,39.637836],[67.269719,39.637891],[67.268918,39.635205],[67.269004,39.635098],[67.269202,39.634882],[67.269369,39.634671],[67.269433,39.634591],[67.269742,39.634193],[67.269792,39.634275],[67.269854,39.634395],[67.269958,39.634645],[67.270081,39.635003],[67.270207,39.635285],[67.2703,39.635553],[67.270341,39.635759],[67.270383,39.635891],[67.270454,39.63595],[67.270543,39.635966],[67.270646,39.635959],[67.270833,39.635927],[67.270966,39.63591],[67.271022,39.635911],[67.271072,39.635962],[67.271113,39.636058],[67.271212,39.636323],[67.271312,39.636625],[67.27132,39.636765],[67.271306,39.636818],[67.271295,39.636873],[67.271313,39.636913],[67.271341,39.636999],[67.271438,39.637209],[67.271602,39.637675],[67.271554,39.637683],[67.271369,39.637704],[67.27136,39.637705],[67.271023,39.637733],[67.270941,39.637742],[67.270791,39.637762],[67.270619,39.637779],[67.270621,39.637784],[67.270609,39.637785]]]}},{"type":"Feature","id":768,"properties":{},"geometry":{"type":"Polygon","coordinates":[[[67.269742,39.634193],[67.26995,39.63394],[67.269991,39.633878],[67.270026,39.633824],[67.270037,39.63381],[67.270098,39.633994],[67.270781,39.633725],[67.270924,39.634287],[67.271475,39.635529],[67.271649,39.635923],[67.271736,39.636249],[67.271879,39.636648],[67.27194,39.636805],[67.271986,39.636953],[67.272042,39.63712],[67.272144,39.637446],[67.272197,39.63761],[67.271704,39.637666],[67.271602,39.637675],[67.271438,39.637209],[67.271341,39.636999],[67.271313,39.636913],[67.271295,39.636873],[67.271306,39.636818],[67.27132,39.636765],[67.271312,39.636625],[67.271212,39.636323],[67.271113,39.636058],[67.271072,39.635962],[67.271022,39.635911],[67.270966,39.63591],[67.270833,39.635927],[67.270646,39.635959],[67.270543,39.635966],[67.270454,39.63595],[67.270383,39.635891],[67.270341,39.635759],[67.2703,39.635553],[67.270207,39.635285],[67.270081,39.635003],[67.269958,39.634645],[67.269854,39.634395],[67.269792,39.634275],[67.269742,39.634193]]]}},{"type":"Feature","id":769,"properties":{},"geometry":{"type":"Polygon","coordinates":[[[67.381657,39.776715],[67.381921,39.776499],[67.382842,39.775791],[67.383656,39.775166],[67.383733,39.775005],[67.385684,39.776106],[67.385591,39.776243],[67.384997,39.776898],[67.384216,39.777173],[67.383523,39.777382],[67.383378,39.777426],[67.382818,39.777577],[67.382275,39.777174],[67.381657,39.776715]]]}},{"type":"Feature","id":770,"properties":{},"geometry":{"type":"Polygon","coordinates":[[[67.369198,39.779424],[67.369243,39.779465],[67.369064,39.779551],[67.368949,39.779606],[67.36888,39.779642],[67.368824,39.779669],[67.368764,39.779704],[67.368697,39.77974],[67.368382,39.779923],[67.367905,39.780201],[67.367549,39.780416],[67.367372,39.780523],[67.367312,39.78047],[67.366792,39.780033],[67.366703,39.779959],[67.366412,39.779717],[67.366476,39.779682],[67.3667,39.779493],[67.367654,39.778687],[67.367772,39.778587],[67.3679,39.778479],[67.368097,39.778622],[67.368381,39.778816],[67.368482,39.778876],[67.368529,39.778904],[67.368707,39.77901],[67.368884,39.779171],[67.36907,39.779312],[67.369198,39.779424]]]}},{"type":"Feature","id":771,"properties":{},"geometry":{"type":"Polygon","coordinates":[[[67.36356,39.781467],[67.363522,39.781483],[67.363476,39.781498],[67.363437,39.78152],[67.363415,39.78153],[67.359027,39.7786],[67.359453,39.777835],[67.359454,39.777834],[67.359869,39.778111],[67.360461,39.778487],[67.361143,39.778902],[67.361627,39.779255],[67.362421,39.779775],[67.36331,39.780372],[67.363519,39.780455],[67.363584,39.780472],[67.363572,39.78053],[67.363569,39.78075],[67.363568,39.780858],[67.363561,39.7814],[67.36356,39.781467]]]}},{"type":"Feature","id":772,"properties":{},"geometry":{"type":"Polygon","coordinates":[[[67.37139,39.786868],[67.371316,39.786894],[67.371132,39.786973],[67.371044,39.787021],[67.371033,39.787026],[67.370899,39.787091],[67.370863,39.787113],[67.370825,39.787132],[67.370699,39.787207],[67.370475,39.787078],[67.370274,39.786963],[67.369797,39.786681],[67.369189,39.786314],[67.368909,39.786146],[67.368531,39.785919],[67.368082,39.785648],[67.368255,39.785545],[67.368538,39.785353],[67.368837,39.785165],[67.368962,39.78514],[67.369227,39.785315],[67.369362,39.785405],[67.369458,39.785468],[67.369838,39.785759],[67.370323,39.786063],[67.370417,39.78613],[67.370842,39.786433],[67.371132,39.78664],[67.37139,39.786868]]]}},{"type":"Feature","id":773,"properties":{},"geometry":{"type":"Polygon","coordinates":[[[67.368082,39.785648],[67.368079,39.785646],[67.367727,39.785439],[67.367464,39.785285],[67.367065,39.78505],[67.366998,39.784967],[67.3673,39.784833],[67.367917,39.784622],[67.3686,39.784348],[67.369143,39.784147],[67.369148,39.784144],[67.371569,39.785983],[67.371566,39.785988],[67.371654,39.786073],[67.371752,39.786141],[67.371915,39.786258],[67.372151,39.786424],[67.372293,39.786576],[67.372082,39.786628],[67.371961,39.786658],[67.371886,39.786685],[67.371763,39.786731],[67.371701,39.786754],[67.371555,39.786808],[67.371396,39.786866],[67.37139,39.786868],[67.371132,39.78664],[67.370842,39.786433],[67.370417,39.78613],[67.370323,39.786063],[67.369838,39.785759],[67.369458,39.785468],[67.369362,39.785405],[67.369227,39.785315],[67.368962,39.78514],[67.368837,39.785165],[67.368538,39.785353],[67.368255,39.785545],[67.368082,39.785648]]]}},{"type":"Feature","id":774,"properties":{},"geometry":{"type":"Polygon","coordinates":[[[67.329474,39.730818],[67.329837,39.731083],[67.330792,39.731768],[67.330737,39.731804],[67.330528,39.731956],[67.330461,39.732017],[67.330368,39.732083],[67.330269,39.732117],[67.330237,39.732128],[67.330195,39.73214],[67.329883,39.732352],[67.329826,39.732355],[67.329744,39.732387],[67.329667,39.73244],[67.329589,39.732531],[67.32955,39.73258],[67.329501,39.732613],[67.329289,39.73273],[67.329238,39.732764],[67.329133,39.732837],[67.329017,39.732965],[67.328999,39.733002],[67.328986,39.733057],[67.328986,39.733316],[67.328573,39.733036],[67.327933,39.732603],[67.327691,39.732439],[67.327763,39.73238],[67.328049,39.732148],[67.328494,39.731784],[67.328712,39.731595],[67.32864,39.731521],[67.32938,39.7309],[67.329408,39.730843],[67.329474,39.730818]]]}},{"type":"Feature","id":775,"properties":{},"geometry":{"type":"Polygon","coordinates":[[[67.324593,39.727416],[67.325589,39.728149],[67.325544,39.728184],[67.32548,39.72824],[67.324933,39.728726],[67.324783,39.728859],[67.323967,39.728275],[67.323902,39.728244],[67.323773,39.728153],[67.323937,39.728008],[67.324007,39.727946],[67.324046,39.727911],[67.324256,39.727721],[67.324593,39.727416]]]}},{"type":"Feature","id":776,"properties":{},"geometry":{"type":"Polygon","coordinates":[[[67.22811,39.671594],[67.227894,39.671772],[67.227744,39.671895],[67.227651,39.671973],[67.227583,39.672034],[67.227454,39.672149],[67.22682,39.672716],[67.226662,39.672643],[67.225888,39.672288],[67.224871,39.671799],[67.224668,39.671652],[67.228174,39.668658],[67.228479,39.668721],[67.228658,39.66878],[67.229106,39.668927],[67.229384,39.66913],[67.22973,39.669281],[67.229833,39.669443],[67.230353,39.669749],[67.229839,39.670171],[67.229277,39.670633],[67.229014,39.67085],[67.22894,39.67091],[67.228914,39.670932],[67.228657,39.671142],[67.228506,39.671268],[67.22811,39.671594]]]}},{"type":"Feature","id":777,"properties":{},"geometry":{"type":"Polygon","coordinates":[[[67.222277,39.704553],[67.22225,39.704522],[67.222198,39.704473],[67.222188,39.704094],[67.222159,39.703954],[67.222129,39.703888],[67.222116,39.703878],[67.221871,39.703701],[67.221856,39.703715],[67.221783,39.703775],[67.221763,39.703764],[67.221656,39.703706],[67.222896,39.702753],[67.223405,39.703128],[67.223868,39.703415],[67.222277,39.704553]]]}},{"type":"Feature","id":778,"properties":{},"geometry":{"type":"Polygon","coordinates":[[[67.344229,39.738694],[67.341959,39.740672],[67.341646,39.740571],[67.341581,39.74054],[67.34142,39.740463],[67.341069,39.740296],[67.340911,39.740205],[67.340168,39.739778],[67.340107,39.739741],[67.340064,39.73979],[67.340049,39.739784],[67.339989,39.739761],[67.340058,39.739614],[67.340112,39.739501],[67.340179,39.73934],[67.340564,39.738526],[67.340646,39.738561],[67.342688,39.739747],[67.342755,39.739681],[67.341901,39.739172],[67.341709,39.739058],[67.340681,39.738445],[67.340617,39.738413],[67.340774,39.73808],[67.340803,39.73804],[67.341289,39.737009],[67.341379,39.737065],[67.341839,39.737276],[67.342416,39.737568],[67.342646,39.737702],[67.343018,39.737919],[67.343635,39.738358],[67.343998,39.738567],[67.344229,39.738694]]]}},{"type":"Feature","id":779,"properties":{},"geometry":{"type":"Polygon","coordinates":[[[67.340064,39.73979],[67.340057,39.739877],[67.340116,39.739889],[67.341296,39.740533],[67.341729,39.740731],[67.342352,39.740915],[67.342459,39.74095],[67.3424,39.741145],[67.342381,39.741496],[67.342384,39.742268],[67.342389,39.742365],[67.342398,39.742585],[67.342457,39.742833],[67.342705,39.743874],[67.342405,39.74376],[67.342,39.743607],[67.341539,39.743434],[67.340509,39.743022],[67.340369,39.742966],[67.340358,39.742954],[67.340349,39.742911],[67.340353,39.742736],[67.340298,39.742486],[67.340295,39.742475],[67.340207,39.742075],[67.340116,39.741805],[67.340077,39.741688],[67.340043,39.741588],[67.339853,39.74073],[67.339856,39.740693],[67.339842,39.7406],[67.339837,39.740563],[67.339788,39.740407],[67.339826,39.740105],[67.339989,39.739761],[67.340049,39.739784],[67.340064,39.73979]]]}},{"type":"Feature","id":780,"properties":{},"geometry":{"type":"Polygon","coordinates":[[[67.352358,39.734007],[67.352328,39.734103],[67.352505,39.73418],[67.353369,39.734278],[67.35343,39.734288],[67.353988,39.734383],[67.352996,39.735795],[67.352802,39.736072],[67.352799,39.736076],[67.352708,39.736083],[67.351853,39.736125],[67.351404,39.7361],[67.351353,39.736093],[67.351281,39.736076],[67.351109,39.736026],[67.351111,39.736022],[67.351296,39.735777],[67.350598,39.735382],[67.350419,39.735281],[67.35113,39.734626],[67.351187,39.734573],[67.35148,39.734304],[67.352099,39.733728],[67.352662,39.733202],[67.3527,39.733166],[67.352783,39.733166],[67.354124,39.732926],[67.353711,39.733551],[67.353679,39.733551],[67.353652,39.73355],[67.353571,39.733616],[67.353572,39.733617],[67.353479,39.733693],[67.3533,39.733945],[67.353111,39.733943],[67.352872,39.733952],[67.352666,39.733978],[67.352456,39.733967],[67.352358,39.734007]]]}},{"type":"Feature","id":781,"properties":{},"geometry":{"type":"Polygon","coordinates":[[[67.343059,39.736237],[67.343466,39.736244],[67.344607,39.736446],[67.344679,39.736463],[67.344807,39.736497],[67.34488,39.736522],[67.345665,39.736838],[67.34501,39.737561],[67.345058,39.737582],[67.345053,39.737588],[67.345576,39.73785],[67.344762,39.738783],[67.34476,39.738783],[67.344205,39.738504],[67.343778,39.738255],[67.343726,39.738226],[67.343586,39.738144],[67.342788,39.737628],[67.342584,39.73752],[67.342077,39.73725],[67.341446,39.736957],[67.341342,39.736905],[67.341534,39.73665],[67.342184,39.735991],[67.342208,39.735995],[67.342255,39.736013],[67.342478,39.736102],[67.342721,39.736214],[67.342793,39.736128],[67.342797,39.736129],[67.343059,39.736237]]]}},{"type":"Feature","id":782,"properties":{},"geometry":{"type":"Polygon","coordinates":[[[67.28019,39.667781],[67.280068,39.667817],[67.279503,39.668397],[67.27901,39.668132],[67.278373,39.667791],[67.278136,39.667658],[67.27808,39.667633],[67.278358,39.6668],[67.278472,39.666502],[67.278586,39.666205],[67.278741,39.665798],[67.278866,39.665482],[67.279175,39.664695],[67.279181,39.664681],[67.279258,39.66463],[67.279263,39.664627],[67.27943,39.664489],[67.279599,39.66432],[67.279752,39.664153],[67.279753,39.664152],[67.279829,39.664071],[67.279974,39.664106],[67.280062,39.664125],[67.280065,39.664126],[67.280157,39.66414],[67.280248,39.664148],[67.280333,39.664128],[67.280444,39.664095],[67.280453,39.664092],[67.280528,39.664063],[67.280545,39.664057],[67.280617,39.66403],[67.280701,39.664038],[67.280762,39.664063],[67.280916,39.66414],[67.281983,39.66567],[67.282064,39.665787],[67.282104,39.665847],[67.281712,39.666247],[67.281154,39.666806],[67.28019,39.667781]]]}},{"type":"Feature","id":783,"properties":{},"geometry":{"type":"Polygon","coordinates":[[[67.28123,39.668661],[67.280442,39.669309],[67.279613,39.669993],[67.279449,39.670129],[67.279343,39.670208],[67.279147,39.670251],[67.279018,39.67034],[67.278946,39.670425],[67.278636,39.670721],[67.278465,39.670884],[67.278033,39.671297],[67.277189,39.670251],[67.277329,39.669855],[67.2776,39.669132],[67.277756,39.668726],[67.278143,39.667729],[67.279524,39.668451],[67.279718,39.668257],[67.280117,39.667856],[67.280627,39.66813],[67.281117,39.66842],[67.281242,39.668492],[67.281357,39.668558],[67.28123,39.668661]]]}},{"type":"Feature","id":784,"properties":{},"geometry":{"type":"Polygon","coordinates":[[[67.342949,39.598088],[67.342869,39.598135],[67.342412,39.598398],[67.342172,39.598542],[67.341092,39.59919],[67.341072,39.599202],[67.341028,39.599221],[67.340811,39.599064],[67.340357,39.598722],[67.339606,39.598197],[67.339073,39.597824],[67.33875,39.597581],[67.338789,39.597499],[67.338828,39.597419],[67.338803,39.59737],[67.33878,39.597293],[67.340159,39.596578],[67.340571,39.596369],[67.340695,39.596306],[67.340838,39.596562],[67.341061,39.596811],[67.341098,39.596852],[67.341142,39.596862],[67.341405,39.596765],[67.341443,39.596743],[67.341501,39.59671],[67.342949,39.598088]]]}},{"type":"Feature","id":785,"properties":{},"geometry":{"type":"Polygon","coordinates":[[[67.243998,39.698504],[67.244281,39.698751],[67.244397,39.698841],[67.244616,39.69901],[67.24471,39.699082],[67.244522,39.69933],[67.244503,39.699355],[67.243963,39.700069],[67.24378,39.700309],[67.243632,39.700504],[67.243497,39.700682],[67.243471,39.700685],[67.243445,39.700668],[67.243309,39.70058],[67.243028,39.700407],[67.242677,39.70021],[67.242395,39.700153],[67.242412,39.699907],[67.2425,39.699812],[67.242553,39.699756],[67.242604,39.699701],[67.242862,39.699425],[67.243261,39.69891],[67.243438,39.69868],[67.243501,39.69861],[67.243803,39.698333],[67.243998,39.698504]]]}},{"type":"Feature","id":786,"properties":{},"geometry":{"type":"Polygon","coordinates":[[[67.241005,39.697669],[67.240781,39.697961],[67.240748,39.697942],[67.240722,39.697972],[67.240659,39.698045],[67.240521,39.698205],[67.24053,39.698211],[67.240403,39.698139],[67.240237,39.698045],[67.238817,39.697241],[67.239117,39.696858],[67.23959,39.696256],[67.239637,39.696196],[67.24042,39.696633],[67.24128,39.697132],[67.241336,39.697165],[67.241179,39.697392],[67.241005,39.697669]]]}},{"type":"Feature","id":787,"properties":{},"geometry":{"type":"Polygon","coordinates":[[[67.235364,39.697625],[67.235339,39.697779],[67.235335,39.697946],[67.23544,39.698048],[67.235665,39.698143],[67.235694,39.698252],[67.235696,39.698266],[67.235671,39.698458],[67.235416,39.69897],[67.235109,39.699444],[67.234995,39.69962],[67.234971,39.699658],[67.234958,39.699677],[67.233545,39.699042],[67.233617,39.698955],[67.233786,39.698682],[67.234081,39.698248],[67.234106,39.698211],[67.234164,39.698104],[67.234209,39.698021],[67.234215,39.69777],[67.234212,39.697735],[67.234228,39.697696],[67.234154,39.697411],[67.234128,39.697285],[67.235364,39.697625]]]}},{"type":"Feature","id":788,"properties":{},"geometry":{"type":"Polygon","coordinates":[[[67.268363,39.657726],[67.26852,39.657632],[67.268745,39.657502],[67.269455,39.657087],[67.26974,39.656915],[67.270003,39.656751],[67.270257,39.656624],[67.270316,39.656611],[67.270516,39.65684],[67.270604,39.656941],[67.270748,39.657103],[67.270942,39.65732],[67.271286,39.657718],[67.271334,39.65777],[67.271607,39.658067],[67.271607,39.658067],[67.2697,39.659236],[67.269721,39.659259],[67.269744,39.659284],[67.269789,39.65933],[67.269824,39.659366],[67.269852,39.659394],[67.26985,39.659395],[67.269741,39.659285],[67.269697,39.659237],[67.269228,39.658716],[67.268799,39.658226],[67.268658,39.658064],[67.268363,39.657726]]]}},{"type":"Feature","id":789,"properties":{},"geometry":{"type":"Polygon","coordinates":[[[67.4537,39.784311],[67.453614,39.784407],[67.453601,39.784421],[67.453433,39.78431],[67.452694,39.783745],[67.452454,39.783584],[67.451611,39.783063],[67.451088,39.782747],[67.450866,39.782515],[67.451706,39.78161],[67.453024,39.782389],[67.453169,39.782366],[67.453411,39.782637],[67.453572,39.782692],[67.453793,39.7827],[67.454522,39.783217],[67.454719,39.783009],[67.454808,39.783081],[67.4537,39.784311]]]}},{"type":"Feature","id":790,"properties":{},"geometry":{"type":"Polygon","coordinates":[[[67.253041,39.682856],[67.252008,39.683952],[67.251162,39.684754],[67.251154,39.684761],[67.250825,39.685068],[67.250527,39.685352],[67.250428,39.68545],[67.250111,39.685751],[67.248942,39.684995],[67.248953,39.684983],[67.24954,39.684403],[67.249517,39.684387],[67.249542,39.684362],[67.249567,39.684334],[67.249439,39.684266],[67.249433,39.68428],[67.249315,39.684199],[67.248974,39.683991],[67.248642,39.683775],[67.248595,39.683741],[67.248883,39.683462],[67.249928,39.682371],[67.249949,39.682353],[67.250018,39.68228],[67.250113,39.682179],[67.250193,39.682101],[67.250203,39.68209],[67.250252,39.682037],[67.250374,39.681911],[67.250482,39.681803],[67.250535,39.681752],[67.250572,39.681705],[67.250597,39.681674],[67.250619,39.68165],[67.250657,39.681613],[67.250668,39.681602],[67.250783,39.681484],[67.250857,39.681413],[67.250944,39.681336],[67.251029,39.681259],[67.251103,39.681201],[67.251114,39.681191],[67.251165,39.681146],[67.251242,39.68108],[67.251323,39.681015],[67.251372,39.68098],[67.251383,39.680971],[67.251399,39.680971],[67.251409,39.680978],[67.251454,39.680996],[67.25169,39.681101],[67.251905,39.681197],[67.252132,39.681289],[67.252357,39.681381],[67.252375,39.681388],[67.252466,39.68142],[67.252467,39.68142],[67.252552,39.681449],[67.25266,39.681494],[67.252753,39.681526],[67.252846,39.681557],[67.25304,39.681626],[67.253258,39.681704],[67.253302,39.681723],[67.253445,39.681783],[67.253714,39.681896],[67.253741,39.681908],[67.253742,39.681908],[67.25385,39.681955],[67.253724,39.682132],[67.253664,39.682197],[67.253304,39.682009],[67.252847,39.681727],[67.252821,39.681626],[67.252314,39.681418],[67.252197,39.681547],[67.251731,39.68206],[67.25263,39.682604],[67.252859,39.682745],[67.253041,39.682856]]]}},{"type":"Feature","id":791,"properties":{},"geometry":{"type":"Polygon","coordinates":[[[67.25458,39.658105],[67.254451,39.658222],[67.253251,39.657398],[67.253252,39.657396],[67.25326,39.657365],[67.253339,39.657335],[67.253438,39.657229],[67.253523,39.657139],[67.253575,39.657084],[67.253837,39.656746],[67.253903,39.656646],[67.254079,39.656382],[67.254118,39.656326],[67.254252,39.656134],[67.254551,39.655742],[67.254776,39.655414],[67.254823,39.655346],[67.25484,39.655329],[67.25499,39.655473],[67.255112,39.655589],[67.255272,39.655743],[67.255816,39.656259],[67.25582,39.656262],[67.2559,39.656339],[67.25594,39.656376],[67.25607,39.6565],[67.256259,39.656692],[67.25623,39.656712],[67.256162,39.656752],[67.256116,39.656777],[67.256046,39.656822],[67.256009,39.656846],[67.255972,39.656872],[67.255962,39.656879],[67.255943,39.656891],[67.255901,39.65692],[67.255895,39.656925],[67.255831,39.656974],[67.255777,39.657015],[67.255686,39.657082],[67.255646,39.657114],[67.255593,39.657159],[67.25559,39.657161],[67.255522,39.657221],[67.255464,39.657267],[67.255436,39.657289],[67.255356,39.657358],[67.255297,39.657409],[67.255247,39.657452],[67.255171,39.657512],[67.255077,39.657597],[67.254998,39.65768],[67.254934,39.657741],[67.254902,39.657772],[67.254849,39.657827],[67.254776,39.657904],[67.254761,39.657921],[67.254716,39.657973],[67.254663,39.658026],[67.254591,39.658095],[67.25458,39.658105]]]}},{"type":"Feature","id":792,"properties":{},"geometry":{"type":"Polygon","coordinates":[[[67.26418,39.689858],[67.261775,39.6917],[67.261421,39.691567],[67.261151,39.691509],[67.261133,39.691503],[67.261003,39.691341],[67.261048,39.691211],[67.26105,39.691197],[67.261058,39.691173],[67.261064,39.691094],[67.261072,39.691039],[67.261101,39.690681],[67.261127,39.690662],[67.261163,39.690636],[67.261241,39.690578],[67.261306,39.69053],[67.261715,39.690222],[67.262044,39.689977],[67.262336,39.689765],[67.263922,39.68856],[67.264088,39.688435],[67.264352,39.688661],[67.264251,39.6888],[67.264121,39.689048],[67.264036,39.689304],[67.26402,39.689523],[67.264105,39.689768],[67.26418,39.689858]]]}},{"type":"Feature","id":793,"properties":{},"geometry":{"type":"Polygon","coordinates":[[[67.320072,39.747591],[67.320598,39.747925],[67.320922,39.748147],[67.320931,39.748153],[67.320973,39.748182],[67.321022,39.748217],[67.321263,39.74839],[67.321567,39.748592],[67.321901,39.7488],[67.321907,39.748804],[67.322078,39.748903],[67.322236,39.74901],[67.322265,39.749029],[67.322308,39.749055],[67.320303,39.751135],[67.320161,39.751087],[67.319291,39.750791],[67.318511,39.750529],[67.318511,39.750529],[67.318346,39.750467],[67.317844,39.750277],[67.317757,39.750238],[67.317676,39.750201],[67.317383,39.750032],[67.316513,39.749509],[67.317483,39.748872],[67.317483,39.748872],[67.319737,39.747414],[67.319737,39.747414],[67.319768,39.747392],[67.320072,39.747591]]]}},{"type":"Feature","id":794,"properties":{},"geometry":{"type":"Polygon","coordinates":[[[67.284099,39.695605],[67.283709,39.695702],[67.283099,39.695807],[67.282903,39.6958],[67.28265,39.695792],[67.282572,39.695789],[67.282201,39.695738],[67.282133,39.695653],[67.28212,39.695562],[67.282082,39.695285],[67.281959,39.69482],[67.281862,39.694585],[67.281732,39.694174],[67.281662,39.693943],[67.281705,39.693084],[67.281769,39.692471],[67.281738,39.692299],[67.281977,39.69215],[67.28198,39.692149],[67.281987,39.692145],[67.281989,39.692144],[67.282306,39.691955],[67.282529,39.691891],[67.282537,39.691888],[67.282631,39.691953],[67.282735,39.692023],[67.282842,39.692099],[67.282961,39.692176],[67.283065,39.692251],[67.283216,39.692353],[67.283338,39.69244],[67.283471,39.692529],[67.283601,39.69262],[67.283716,39.692715],[67.283805,39.692788],[67.283912,39.692873],[67.28406,39.692995],[67.284173,39.693083],[67.284208,39.693103],[67.284356,39.693187],[67.284526,39.693287],[67.284618,39.693335],[67.284849,39.693445],[67.28498,39.693505],[67.285209,39.693603],[67.285336,39.693661],[67.285571,39.69376],[67.285744,39.69383],[67.285927,39.693907],[67.286118,39.693986],[67.286295,39.694061],[67.286511,39.694151],[67.286767,39.694257],[67.286997,39.694359],[67.287058,39.694387],[67.286932,39.694448],[67.286833,39.694494],[67.286808,39.694502],[67.286733,39.69454],[67.286195,39.694789],[67.285537,39.695175],[67.284741,39.695469],[67.284741,39.695469],[67.284685,39.695486],[67.28462,39.695499],[67.284515,39.69552],[67.284398,39.695543],[67.284292,39.695564],[67.284155,39.695591],[67.284107,39.695601],[67.284098,39.695603],[67.284099,39.695605]]]}},{"type":"Feature","id":795,"properties":{},"geometry":{"type":"Polygon","coordinates":[[[67.352966,39.783183],[67.352286,39.783726],[67.352286,39.783727],[67.352121,39.783587],[67.351812,39.783401],[67.351473,39.783206],[67.350863,39.782809],[67.350595,39.782641],[67.350428,39.782537],[67.349927,39.782224],[67.349098,39.781703],[67.348907,39.781575],[67.349051,39.781425],[67.349265,39.781185],[67.349378,39.781021],[67.349402,39.780975],[67.352966,39.783183]]]}},{"type":"Feature","id":796,"properties":{},"geometry":{"type":"Polygon","coordinates":[[[67.366286,39.773986],[67.365958,39.774203],[67.365574,39.774457],[67.365569,39.77446],[67.365196,39.774215],[67.364939,39.774049],[67.364855,39.773995],[67.364654,39.773865],[67.36438,39.77369],[67.364136,39.773519],[67.363907,39.773332],[67.364576,39.772847],[67.365034,39.77315],[67.365354,39.773377],[67.365561,39.773525],[67.365992,39.773811],[67.366286,39.773986]]]}},{"type":"Feature","id":797,"properties":{},"geometry":{"type":"Polygon","coordinates":[[[67.365264,39.772368],[67.365703,39.772074],[67.366024,39.772258],[67.366359,39.772466],[67.366685,39.772668],[67.367133,39.772946],[67.367466,39.773175],[67.36703,39.773487],[67.367025,39.77349],[67.366878,39.773435],[67.366558,39.773205],[67.366165,39.772932],[67.366048,39.772857],[67.365925,39.772778],[67.365621,39.772582],[67.365264,39.772368]]]}},{"type":"Feature","id":798,"properties":{},"geometry":{"type":"Polygon","coordinates":[[[67.367849,39.776579],[67.367959,39.776672],[67.367953,39.776714],[67.367504,39.777082],[67.364661,39.775047],[67.364909,39.77501],[67.365288,39.774777],[67.367849,39.776579]]]}},{"type":"Feature","id":799,"properties":{},"geometry":{"type":"Polygon","coordinates":[[[67.365569,39.77446],[67.365532,39.774482],[67.365337,39.774607],[67.365203,39.774694],[67.365205,39.774696],[67.36486,39.774917],[67.364331,39.774979],[67.364045,39.775024],[67.364006,39.775027],[67.363983,39.775034],[67.363935,39.775042],[67.363939,39.77505],[67.36383,39.775087],[67.363714,39.775133],[67.36349,39.775279],[67.362321,39.774426],[67.362383,39.774411],[67.362493,39.774339],[67.362595,39.774262],[67.362704,39.774183],[67.362935,39.774023],[67.363002,39.773977],[67.363907,39.773332],[67.364136,39.773519],[67.36438,39.77369],[67.364654,39.773865],[67.364855,39.773995],[67.364939,39.774049],[67.365196,39.774215],[67.365569,39.77446]]]}},{"type":"Feature","id":800,"properties":{},"geometry":{"type":"Polygon","coordinates":[[[67.364384,39.784614],[67.364489,39.784502],[67.364663,39.784323],[67.364717,39.784245],[67.364796,39.784193],[67.364929,39.784112],[67.365101,39.784037],[67.365254,39.78403],[67.365455,39.784154],[67.366006,39.784496],[67.366222,39.78463],[67.366332,39.784704],[67.366154,39.784784],[67.365985,39.784845],[67.365701,39.784947],[67.365592,39.784986],[67.36557,39.784994],[67.365431,39.785043],[67.365082,39.785183],[67.365076,39.785185],[67.36492,39.785049],[67.364594,39.784761],[67.364384,39.784614]]]}},{"type":"Feature","id":801,"properties":{},"geometry":{"type":"Polygon","coordinates":[[[67.368026,39.734209],[67.36789,39.734537],[67.367805,39.734556],[67.367738,39.734598],[67.367737,39.734699],[67.367591,39.734751],[67.367342,39.734767],[67.366953,39.734768],[67.36649,39.734759],[67.366081,39.734674],[67.365501,39.734531],[67.364843,39.734356],[67.364431,39.73425],[67.364152,39.734163],[67.364227,39.734005],[67.364229,39.734],[67.364265,39.733926],[67.364283,39.733883],[67.364286,39.733876],[67.364365,39.733697],[67.364421,39.733569],[67.364421,39.733567],[67.364453,39.733495],[67.364483,39.733398],[67.364487,39.733388],[67.364538,39.733226],[67.364597,39.733115],[67.364674,39.733087],[67.364746,39.733124],[67.364812,39.733161],[67.365182,39.733304],[67.365268,39.733332],[67.366164,39.733615],[67.367071,39.73389],[67.36786,39.734152],[67.368026,39.734209]]]}},{"type":"Feature","id":802,"properties":{},"geometry":{"type":"Polygon","coordinates":[[[67.368626,39.733422],[67.36857,39.733445],[67.36845,39.733484],[67.368445,39.733488],[67.368416,39.7335],[67.368366,39.733537],[67.368302,39.733648],[67.3683,39.733649],[67.368215,39.733841],[67.368201,39.733874],[67.368083,39.734133],[67.368026,39.734209],[67.36786,39.734152],[67.367071,39.73389],[67.366164,39.733615],[67.365268,39.733332],[67.365182,39.733304],[67.364812,39.733161],[67.364746,39.733124],[67.364674,39.733087],[67.364734,39.73305],[67.364872,39.732935],[67.365008,39.732795],[67.365237,39.732575],[67.365292,39.732507],[67.365335,39.732455],[67.365383,39.732341],[67.36605,39.732503],[67.367551,39.73302],[67.367728,39.733081],[67.36842,39.733329],[67.368576,39.733377],[67.368626,39.733422]]]}},{"type":"Feature","id":803,"properties":{},"geometry":{"type":"Polygon","coordinates":[[[67.359372,39.797886],[67.358418,39.799375],[67.357525,39.799025],[67.358496,39.797229],[67.360542,39.793808],[67.36113,39.793942],[67.361207,39.793947],[67.361208,39.793947],[67.361574,39.79403],[67.359372,39.797886]]]}},{"type":"Feature","id":804,"properties":{},"geometry":{"type":"Polygon","coordinates":[[[67.364884,39.779189],[67.364683,39.779345],[67.363918,39.779983],[67.363641,39.780187],[67.363579,39.780204],[67.363463,39.78019],[67.363146,39.779981],[67.362768,39.779732],[67.362561,39.779605],[67.362216,39.779394],[67.36204,39.779281],[67.36131,39.77881],[67.360439,39.778238],[67.35989,39.777904],[67.359597,39.777698],[67.35962,39.777548],[67.359744,39.777273],[67.35997,39.77692],[67.360058,39.776782],[67.360302,39.776344],[67.364884,39.779189]]]}},{"type":"Feature","id":805,"properties":{},"geometry":{"type":"Polygon","coordinates":[[[67.210171,39.79845],[67.209643,39.79939],[67.209209,39.800165],[67.208865,39.800008],[67.208631,39.799862],[67.208563,39.799741],[67.208623,39.799602],[67.208786,39.799376],[67.208895,39.799249],[67.208964,39.799117],[67.209012,39.79893],[67.209016,39.798759],[67.208999,39.798583],[67.208948,39.798471],[67.208914,39.798415],[67.20889,39.798364],[67.208847,39.798304],[67.208802,39.79823],[67.208798,39.798237],[67.208796,39.798234],[67.209335,39.797273],[67.210867,39.794337],[67.211611,39.7929],[67.211639,39.792845],[67.211945,39.792938],[67.21223,39.793026],[67.213044,39.793305],[67.212708,39.793894],[67.212208,39.794806],[67.211789,39.795512],[67.211358,39.796294],[67.21105,39.796874],[67.21075,39.797407],[67.210586,39.797702],[67.210171,39.79845]]]}},{"type":"Feature","id":806,"properties":{},"geometry":{"type":"Polygon","coordinates":[[[67.260481,39.702517],[67.260423,39.702517],[67.260018,39.702574],[67.258817,39.702824],[67.257659,39.703075],[67.257514,39.703111],[67.259342,39.700901],[67.259453,39.700888],[67.259485,39.700886],[67.260496,39.700643],[67.260979,39.700498],[67.261751,39.700267],[67.262268,39.700131],[67.262115,39.700433],[67.262069,39.700524],[67.26185,39.700736],[67.261641,39.701071],[67.261369,39.701392],[67.261161,39.701555],[67.260994,39.701687],[67.26073,39.701832],[67.260681,39.701858],[67.260553,39.702019],[67.260468,39.702214],[67.260481,39.702517]]]}},{"type":"Feature","id":807,"properties":{},"geometry":{"type":"Polygon","coordinates":[[[67.262268,39.700131],[67.263016,39.699921],[67.264402,39.699515],[67.264704,39.699426],[67.264763,39.699408],[67.265526,39.699175],[67.265605,39.699156],[67.265972,39.699069],[67.266002,39.699145],[67.265585,39.699602],[67.265013,39.700319],[67.264966,39.700378],[67.264851,39.700439],[67.264842,39.700359],[67.264679,39.700258],[67.264575,39.700242],[67.264498,39.700291],[67.264408,39.700424],[67.264411,39.700549],[67.264472,39.700671],[67.264628,39.700732],[67.2644,39.700994],[67.26372,39.701778],[67.263626,39.701869],[67.263584,39.701917],[67.262852,39.702768],[67.26073,39.701832],[67.260994,39.701687],[67.261161,39.701555],[67.261369,39.701392],[67.261641,39.701071],[67.26185,39.700736],[67.262069,39.700524],[67.262115,39.700433],[67.262268,39.700131]]]}},{"type":"Feature","id":808,"properties":{},"geometry":{"type":"Polygon","coordinates":[[[67.213237,39.782463],[67.213276,39.782405],[67.213155,39.782199],[67.213075,39.782129],[67.21297,39.782129],[67.212963,39.782131],[67.212753,39.781737],[67.212708,39.78165],[67.212625,39.781495],[67.212554,39.78136],[67.212315,39.780968],[67.21205,39.78044],[67.211929,39.7802],[67.211877,39.780133],[67.211231,39.77964],[67.211231,39.779478],[67.211233,39.779397],[67.211242,39.779345],[67.211249,39.779341],[67.211279,39.779305],[67.211415,39.779243],[67.211601,39.779187],[67.211786,39.779123],[67.211917,39.779102],[67.212025,39.779115],[67.212182,39.779215],[67.21238,39.779346],[67.212874,39.779645],[67.213559,39.780044],[67.213953,39.780294],[67.214091,39.780393],[67.214216,39.780482],[67.214292,39.780546],[67.214619,39.780793],[67.214807,39.780954],[67.215013,39.781125],[67.215259,39.781369],[67.215213,39.781443],[67.215028,39.781673],[67.214972,39.781741],[67.214869,39.781862],[67.214801,39.781851],[67.2148,39.78185],[67.21475,39.781842],[67.214745,39.781845],[67.214744,39.781845],[67.214511,39.782027],[67.214355,39.782115],[67.214267,39.78213],[67.214238,39.782134],[67.214212,39.782132],[67.214147,39.782126],[67.214077,39.782104],[67.213999,39.782097],[67.213931,39.7821],[67.213925,39.782103],[67.213887,39.782124],[67.213881,39.782128],[67.213853,39.782175],[67.213828,39.782271],[67.213817,39.782313],[67.213806,39.782358],[67.213804,39.782363],[67.213765,39.7824],[67.213712,39.78242],[67.213582,39.782424],[67.213414,39.782422],[67.213237,39.782463]]]}},{"type":"Feature","id":809,"properties":{},"geometry":{"type":"Polygon","coordinates":[[[67.230255,39.787698],[67.230244,39.787713],[67.230028,39.787911],[67.229762,39.788159],[67.229546,39.788347],[67.229458,39.788424],[67.2294,39.788476],[67.229001,39.78884],[67.228682,39.789128],[67.228262,39.789491],[67.227794,39.789915],[67.226997,39.789321],[67.226973,39.789304],[67.226977,39.789299],[67.227042,39.789224],[67.227019,39.789207],[67.227017,39.789206],[67.227041,39.789182],[67.227484,39.788788],[67.227967,39.78834],[67.228338,39.788006],[67.228842,39.787558],[67.229063,39.787382],[67.229115,39.787334],[67.229281,39.787183],[67.229368,39.787093],[67.229401,39.787072],[67.229717,39.787311],[67.230255,39.787698]]]}},{"type":"Feature","id":810,"properties":{},"geometry":{"type":"Polygon","coordinates":[[[67.232044,39.789044],[67.232099,39.789078],[67.232391,39.789309],[67.23232,39.789567],[67.232175,39.790091],[67.232153,39.790163],[67.231913,39.790555],[67.231838,39.790654],[67.231714,39.79082],[67.231563,39.79102],[67.231399,39.791184],[67.231282,39.791092],[67.231015,39.790881],[67.23049,39.790481],[67.230672,39.790325],[67.230842,39.790167],[67.23111,39.789927],[67.23117,39.789873],[67.231207,39.78984],[67.231348,39.789713],[67.231667,39.789409],[67.231867,39.78922],[67.231964,39.789135],[67.232007,39.789097],[67.232044,39.789044]]]}},{"type":"Feature","id":811,"properties":{},"geometry":{"type":"Polygon","coordinates":[[[67.27258,39.739181],[67.272772,39.739279],[67.272957,39.739409],[67.273134,39.739534],[67.273638,39.739889],[67.274329,39.740354],[67.274393,39.740402],[67.274531,39.740493],[67.275461,39.741152],[67.276024,39.741553],[67.276179,39.741643],[67.276291,39.741711],[67.276365,39.741745],[67.276185,39.741894],[67.276087,39.741838],[67.275842,39.7417],[67.275374,39.741401],[67.274798,39.741084],[67.274146,39.741568],[67.274089,39.741612],[67.274072,39.741625],[67.274039,39.741651],[67.271689,39.740098],[67.271764,39.740009],[67.271848,39.73991],[67.271904,39.739942],[67.272395,39.739389],[67.27258,39.739181]]]}},{"type":"Feature","id":812,"properties":{},"geometry":{"type":"Polygon","coordinates":[[[67.273458,39.742107],[67.273033,39.742451],[67.273045,39.742458],[67.273028,39.742466],[67.273026,39.742465],[67.27274,39.742285],[67.271367,39.741426],[67.271356,39.741348],[67.271339,39.741216],[67.271307,39.741092],[67.271285,39.74101],[67.271258,39.740789],[67.271282,39.740689],[67.27134,39.740548],[67.271525,39.740292],[67.271689,39.740098],[67.274039,39.741651],[67.273458,39.742107]]]}},{"type":"Feature","id":813,"properties":{},"geometry":{"type":"Polygon","coordinates":[[[67.216237,39.800661],[67.216159,39.80068],[67.216159,39.80068],[67.216077,39.800687],[67.216018,39.800657],[67.215896,39.800593],[67.215661,39.800464],[67.215438,39.800333],[67.215435,39.800331],[67.215304,39.800254],[67.215045,39.800096],[67.215044,39.800095],[67.215037,39.800091],[67.214989,39.800061],[67.214776,39.799928],[67.214456,39.799752],[67.214252,39.799666],[67.214141,39.799619],[67.214098,39.799601],[67.214077,39.799589],[67.214418,39.79921],[67.214638,39.798982],[67.215062,39.798541],[67.215095,39.798508],[67.215339,39.798255],[67.215912,39.797658],[67.216581,39.796968],[67.216671,39.796892],[67.217467,39.797356],[67.217976,39.797634],[67.218146,39.797725],[67.219077,39.798229],[67.219055,39.798256],[67.219018,39.798295],[67.218893,39.798429],[67.218833,39.798493],[67.218821,39.798505],[67.218843,39.798509],[67.218842,39.798511],[67.218465,39.79885],[67.218374,39.798939],[67.21711,39.800173],[67.216974,39.8001],[67.216942,39.800083],[67.2168,39.800152],[67.216794,39.800155],[67.216664,39.800233],[67.216652,39.800241],[67.216651,39.800241],[67.216645,39.800245],[67.216389,39.800508],[67.216237,39.800661]]]}},{"type":"Feature","id":814,"properties":{},"geometry":{"type":"Polygon","coordinates":[[[67.349256,39.792532],[67.349236,39.792464],[67.349241,39.792381],[67.349228,39.79231],[67.349195,39.792125],[67.349165,39.792078],[67.349004,39.791985],[67.348844,39.791985],[67.348637,39.792034],[67.348541,39.792108],[67.34841,39.792258],[67.348357,39.792417],[67.348366,39.792531],[67.348403,39.79258],[67.348171,39.79258],[67.348057,39.79258],[67.347943,39.792581],[67.348032,39.792393],[67.348123,39.792289],[67.348267,39.792125],[67.348662,39.791811],[67.348986,39.791704],[67.349132,39.791648],[67.349204,39.791622],[67.349335,39.79158],[67.349354,39.791573],[67.349845,39.791508],[67.34987,39.791509],[67.34999,39.791571],[67.350028,39.791636],[67.350091,39.791874],[67.350164,39.792133],[67.350172,39.792173],[67.350182,39.792218],[67.350212,39.792447],[67.350211,39.792464],[67.349397,39.792519],[67.349256,39.792532]]]}},{"type":"Feature","id":815,"properties":{},"geometry":{"type":"Polygon","coordinates":[[[67.354911,39.79202],[67.351756,39.796986],[67.351754,39.796985],[67.351545,39.796893],[67.3509,39.79661],[67.350898,39.796609],[67.350913,39.79656],[67.35116,39.7962],[67.351209,39.796122],[67.351236,39.796081],[67.351352,39.795898],[67.351528,39.795621],[67.351879,39.795058],[67.351916,39.795],[67.352241,39.79448],[67.352607,39.793931],[67.353009,39.79328],[67.353053,39.793209],[67.353361,39.792711],[67.353482,39.792518],[67.353697,39.792141],[67.353728,39.792089],[67.354134,39.79205],[67.354216,39.792042],[67.354237,39.79204],[67.354911,39.79202]]]}},{"type":"Feature","id":816,"properties":{},"geometry":{"type":"Polygon","coordinates":[[[67.323962,39.680211],[67.324025,39.680312],[67.324063,39.680406],[67.324079,39.680472],[67.323673,39.681008],[67.323329,39.681446],[67.323286,39.6815],[67.323199,39.681611],[67.323059,39.681834],[67.323018,39.681871],[67.323,39.68186],[67.322725,39.681736],[67.322584,39.681673],[67.322445,39.68161],[67.322403,39.681591],[67.323569,39.680019],[67.323717,39.680074],[67.323834,39.680128],[67.323893,39.680155],[67.323962,39.680211]]]}},{"type":"Feature","id":817,"properties":{},"geometry":{"type":"Polygon","coordinates":[[[67.331071,39.678182],[67.331068,39.678182],[67.331014,39.678346],[67.331008,39.678359],[67.330957,39.678455],[67.330862,39.678631],[67.330801,39.678691],[67.330741,39.678749],[67.330654,39.678803],[67.330501,39.678867],[67.330302,39.678589],[67.330149,39.678219],[67.330024,39.677925],[67.329974,39.677805],[67.329966,39.67779],[67.329949,39.67775],[67.32979,39.677425],[67.329374,39.676743],[67.329144,39.67646],[67.329563,39.675946],[67.332005,39.67694],[67.331235,39.678214],[67.331192,39.678188],[67.331133,39.678179],[67.331118,39.67818],[67.331072,39.678176],[67.331071,39.678182]]]}},{"type":"Feature","id":818,"properties":{},"geometry":{"type":"Polygon","coordinates":[[[67.275107,39.677708],[67.274022,39.677879],[67.272169,39.678102],[67.272169,39.678101],[67.272114,39.677628],[67.27192,39.675952],[67.275742,39.675485],[67.275896,39.675466],[67.275979,39.675453],[67.275191,39.677501],[67.275107,39.677708]]]}},{"type":"Feature","id":819,"properties":{},"geometry":{"type":"Polygon","coordinates":[[[67.283015,39.672265],[67.283023,39.672256],[67.283756,39.673441],[67.284372,39.673152],[67.284097,39.672755],[67.284134,39.672726],[67.284262,39.672626],[67.284276,39.672618],[67.283623,39.671635],[67.283688,39.671577],[67.285338,39.670125],[67.285668,39.670288],[67.28575,39.67033],[67.286162,39.670556],[67.286169,39.670562],[67.286195,39.670597],[67.286405,39.670918],[67.286423,39.670958],[67.28647,39.671109],[67.286682,39.671683],[67.286952,39.672133],[67.287126,39.672388],[67.287201,39.672502],[67.287212,39.672511],[67.287312,39.672645],[67.287741,39.673083],[67.287677,39.673136],[67.287467,39.67324],[67.284551,39.67469],[67.284548,39.674692],[67.284327,39.674376],[67.284058,39.673987],[67.283816,39.673595],[67.283347,39.672837],[67.283308,39.672778],[67.28318,39.67258],[67.283015,39.672265]]]}},{"type":"Feature","id":820,"properties":{},"geometry":{"type":"Polygon","coordinates":[[[67.318488,39.696254],[67.317306,39.697469],[67.316966,39.69727],[67.317017,39.697229],[67.318105,39.696043],[67.31817,39.696079],[67.318382,39.696197],[67.318488,39.696254]]]}},{"type":"Feature","id":821,"properties":{},"geometry":{"type":"Polygon","coordinates":[[[67.323897,39.696765],[67.323902,39.696769],[67.324334,39.697112],[67.322816,39.698456],[67.322814,39.698458],[67.322692,39.698383],[67.322211,39.698085],[67.322257,39.698038],[67.322301,39.697999],[67.322581,39.697773],[67.322636,39.697729],[67.322689,39.697686],[67.323038,39.697404],[67.323446,39.697093],[67.32377,39.696766],[67.323814,39.696704],[67.323897,39.696765]]]}},{"type":"Feature","id":822,"properties":{},"geometry":{"type":"Polygon","coordinates":[[[67.323227,39.704362],[67.322688,39.704551],[67.322489,39.704557],[67.322333,39.704467],[67.322119,39.704337],[67.321917,39.704225],[67.321775,39.704142],[67.320996,39.703713],[67.320862,39.703665],[67.320593,39.703632],[67.32059,39.703632],[67.320581,39.703568],[67.320547,39.703408],[67.320543,39.703325],[67.320529,39.703062],[67.320599,39.703016],[67.321246,39.702605],[67.321247,39.702605],[67.321325,39.702557],[67.321696,39.702361],[67.321708,39.702357],[67.321808,39.702343],[67.322505,39.702264],[67.322561,39.70226],[67.323227,39.704362]]]}},{"type":"Feature","id":823,"properties":{},"geometry":{"type":"Polygon","coordinates":[[[67.315374,39.740127],[67.31543,39.740065],[67.315497,39.739975],[67.315525,39.739988],[67.315639,39.740045],[67.315695,39.739984],[67.317892,39.741116],[67.316351,39.741995],[67.316243,39.74194],[67.315073,39.741349],[67.31494,39.741278],[67.314963,39.741252],[67.315003,39.741165],[67.315021,39.74109],[67.315035,39.741028],[67.315043,39.740992],[67.315051,39.740957],[67.315062,39.740878],[67.315071,39.740803],[67.315126,39.740562],[67.315178,39.740437],[67.315256,39.740313],[67.315374,39.740127]]]}},{"type":"Feature","id":824,"properties":{},"geometry":{"type":"Polygon","coordinates":[[[67.312609,39.740246],[67.311589,39.741487],[67.311495,39.741608],[67.310941,39.742321],[67.310638,39.742126],[67.309101,39.74114],[67.310274,39.73969],[67.31164,39.738084],[67.313525,39.739011],[67.313425,39.739151],[67.313212,39.739428],[67.312838,39.739935],[67.312818,39.739963],[67.312787,39.740003],[67.312609,39.740246]]]}},{"type":"Feature","id":825,"properties":{},"geometry":{"type":"Polygon","coordinates":[[[67.269343,39.590456],[67.269318,39.590465],[67.269239,39.590296],[67.268669,39.590564],[67.268461,39.590407],[67.267932,39.590624],[67.268076,39.590778],[67.267972,39.590767],[67.267797,39.590741],[67.267747,39.590724],[67.267453,39.590595],[67.267385,39.590577],[67.267075,39.590414],[67.267074,39.590414],[67.266764,39.590242],[67.266553,39.590047],[67.266393,39.589922],[67.266386,39.589891],[67.266342,39.589671],[67.266439,39.589322],[67.266455,39.589289],[67.266531,39.589258],[67.266566,39.589333],[67.26663,39.589338],[67.26676,39.589308],[67.266977,39.589256],[67.26704,39.589231],[67.267163,39.589183],[67.267224,39.589163],[67.267327,39.589126],[67.267377,39.589079],[67.267406,39.588945],[67.267404,39.588895],[67.267406,39.588894],[67.267572,39.58836],[67.267602,39.588266],[67.26762,39.588198],[67.267815,39.588133],[67.268785,39.587765],[67.269072,39.587657],[67.269841,39.587366],[67.269893,39.587356],[67.269891,39.587369],[67.269885,39.58744],[67.269882,39.58745],[67.269714,39.588328],[67.269866,39.58867],[67.269889,39.588723],[67.26996,39.588883],[67.270127,39.589243],[67.270165,39.589325],[67.270476,39.589996],[67.270462,39.590001],[67.270469,39.590014],[67.269343,39.590456]]]}},{"type":"Feature","id":826,"properties":{},"geometry":{"type":"Polygon","coordinates":[[[67.207808,39.820467],[67.207682,39.82047],[67.207051,39.820609],[67.206958,39.820633],[67.206874,39.820634],[67.206823,39.820624],[67.206754,39.820588],[67.206338,39.819841],[67.205503,39.818327],[67.205324,39.817989],[67.205215,39.817783],[67.204757,39.816938],[67.204333,39.816069],[67.204348,39.816051],[67.204408,39.81609],[67.204549,39.816168],[67.204802,39.816306],[67.205321,39.816592],[67.205554,39.816698],[67.205773,39.816804],[67.205822,39.816839],[67.205887,39.816899],[67.205991,39.817052],[67.206113,39.817169],[67.206192,39.817315],[67.206361,39.817614],[67.206435,39.817742],[67.206465,39.817797],[67.206586,39.818001],[67.206853,39.818452],[67.207038,39.818804],[67.207265,39.819236],[67.207508,39.819698],[67.207707,39.820066],[67.207768,39.820188],[67.207778,39.820247],[67.207808,39.820467]]]}},{"type":"Feature","id":827,"properties":{},"geometry":{"type":"Polygon","coordinates":[[[67.204757,39.816938],[67.2043,39.817135],[67.203889,39.81732],[67.203516,39.817489],[67.202809,39.81782],[67.202809,39.81782],[67.202816,39.817816],[67.202843,39.817803],[67.201976,39.816184],[67.20236,39.815941],[67.202704,39.815738],[67.202872,39.815613],[67.202967,39.815542],[67.203074,39.815461],[67.203172,39.815344],[67.20318,39.815334],[67.20337,39.815423],[67.203638,39.815555],[67.203883,39.815674],[67.203981,39.81573],[67.204094,39.815828],[67.204242,39.815982],[67.204348,39.816051],[67.204333,39.816069],[67.204757,39.816938]]]}},{"type":"Feature","id":828,"properties":{},"geometry":{"type":"Polygon","coordinates":[[[67.299218,39.732302],[67.298005,39.733324],[67.297992,39.733305],[67.297979,39.733286],[67.298153,39.733146],[67.298157,39.733143],[67.297539,39.732248],[67.297492,39.732181],[67.297194,39.731749],[67.296862,39.731269],[67.296742,39.731096],[67.297326,39.730595],[67.297298,39.730577],[67.29734,39.730541],[67.297465,39.730434],[67.297588,39.730323],[67.297651,39.730279],[67.297716,39.730334],[67.297809,39.730271],[67.298249,39.730957],[67.298343,39.731092],[67.298484,39.731296],[67.298863,39.731842],[67.299003,39.732039],[67.29908,39.732146],[67.299147,39.732235],[67.299168,39.732272],[67.299218,39.732302]]]}},{"type":"Feature","id":829,"properties":{},"geometry":{"type":"Polygon","coordinates":[[[67.320651,39.586981],[67.320182,39.587206],[67.319831,39.587352],[67.319338,39.58666],[67.32048,39.58613],[67.320608,39.586071],[67.321715,39.58558],[67.32196,39.585489],[67.322326,39.586103],[67.32216,39.586197],[67.322144,39.58617],[67.321536,39.586435],[67.320789,39.58676],[67.320552,39.58685],[67.320651,39.586981]]]}},{"type":"Feature","id":830,"properties":{},"geometry":{"type":"Polygon","coordinates":[[[67.316464,39.593169],[67.31619,39.593239],[67.315716,39.593289],[67.315677,39.593232],[67.315708,39.592201],[67.315691,39.591943],[67.31572,39.591867],[67.315815,39.590915],[67.315815,39.590915],[67.316748,39.590634],[67.316464,39.593169]]]}},{"type":"Feature","id":831,"properties":{},"geometry":{"type":"Polygon","coordinates":[[[67.19845,39.714421],[67.198524,39.714422],[67.198914,39.714454],[67.199155,39.714504],[67.199399,39.714618],[67.199554,39.714706],[67.199688,39.714824],[67.199704,39.714847],[67.199729,39.714883],[67.199966,39.715116],[67.200145,39.71523],[67.200276,39.7153],[67.200619,39.715483],[67.200687,39.715515],[67.200727,39.715535],[67.200847,39.715604],[67.201016,39.715668],[67.201086,39.715699],[67.201142,39.715725],[67.201361,39.715809],[67.20171,39.715943],[67.202043,39.716027],[67.202157,39.716041],[67.202224,39.716049],[67.202323,39.716061],[67.20241,39.71606],[67.202412,39.71606],[67.20243,39.716063],[67.202515,39.716137],[67.202556,39.716173],[67.202773,39.71718],[67.202775,39.717189],[67.202695,39.717194],[67.20258,39.7172],[67.200197,39.717315],[67.200337,39.717222],[67.200385,39.717166],[67.200497,39.717035],[67.200759,39.716751],[67.20067,39.716578],[67.200343,39.716427],[67.199701,39.716272],[67.199404,39.716299],[67.199113,39.716692],[67.198994,39.71698],[67.199089,39.717254],[67.199404,39.717432],[67.199909,39.71746],[67.2002,39.717379],[67.200198,39.717352],[67.202611,39.717234],[67.202706,39.717229],[67.202782,39.717223],[67.202857,39.717584],[67.203098,39.718415],[67.2031,39.718428],[67.203095,39.718429],[67.203093,39.718416],[67.203006,39.718419],[67.202796,39.718432],[67.202764,39.718434],[67.202764,39.71843],[67.202343,39.718465],[67.202051,39.718489],[67.201863,39.718505],[67.201698,39.718519],[67.201438,39.718541],[67.201157,39.718564],[67.201116,39.718568],[67.200969,39.718582],[67.200287,39.718651],[67.200162,39.718653],[67.200063,39.718403],[67.199197,39.718501],[67.199042,39.717494],[67.198244,39.717494],[67.19805,39.717472],[67.197091,39.717025],[67.19712,39.716545],[67.197123,39.716412],[67.198334,39.716422],[67.198393,39.715613],[67.19845,39.714421]]]}},{"type":"Feature","id":832,"properties":{},"geometry":{"type":"Polygon","coordinates":[[[67.236774,39.672768],[67.236621,39.672645],[67.236439,39.672795],[67.23633,39.672757],[67.236253,39.672789],[67.236139,39.672804],[67.23603,39.672719],[67.235896,39.672579],[67.235772,39.67241],[67.235578,39.672149],[67.23547,39.671942],[67.235468,39.671877],[67.235486,39.671859],[67.235635,39.671731],[67.235741,39.671591],[67.235744,39.671568],[67.235783,39.671517],[67.235796,39.671421],[67.235613,39.671112],[67.235676,39.671079],[67.236625,39.670585],[67.237053,39.670363],[67.238077,39.66979],[67.239945,39.669826],[67.236774,39.672768]]]}},{"type":"Feature","id":833,"properties":{},"geometry":{"type":"Polygon","coordinates":[[[67.228267,39.661392],[67.228467,39.661587],[67.228666,39.661796],[67.228998,39.662146],[67.228975,39.662169],[67.228884,39.662258],[67.228097,39.662851],[67.228059,39.662921],[67.228055,39.662925],[67.227936,39.663128],[67.227923,39.663166],[67.227727,39.66333],[67.227179,39.6637],[67.225854,39.66254],[67.227977,39.661521],[67.228267,39.661392]]]}},{"type":"Feature","id":834,"properties":{},"geometry":{"type":"Polygon","coordinates":[[[67.237135,39.653172],[67.239406,39.652148],[67.239549,39.652086],[67.241088,39.651439],[67.241095,39.651443],[67.241214,39.651515],[67.241354,39.651609],[67.241907,39.652003],[67.242226,39.65222],[67.242351,39.652304],[67.242524,39.6524],[67.242731,39.652514],[67.243016,39.652679],[67.243139,39.652737],[67.243258,39.652763],[67.241896,39.65357],[67.240343,39.654487],[67.239494,39.654994],[67.237135,39.653172]]]}},{"type":"Feature","id":835,"properties":{},"geometry":{"type":"Polygon","coordinates":[[[67.246407,39.712059],[67.245358,39.712184],[67.242949,39.712488],[67.242696,39.712519],[67.242232,39.712324],[67.241916,39.712209],[67.241637,39.712091],[67.241793,39.711906],[67.241795,39.711904],[67.242243,39.712131],[67.24669,39.711646],[67.246605,39.711769],[67.246415,39.712043],[67.246407,39.712059]]]}},{"type":"Feature","id":836,"properties":{},"geometry":{"type":"Polygon","coordinates":[[[67.24669,39.711646],[67.242243,39.712131],[67.241795,39.711904],[67.242074,39.711573],[67.242306,39.711299],[67.24261,39.710934],[67.242671,39.710839],[67.242727,39.710748],[67.242784,39.710756],[67.243059,39.710731],[67.24558,39.710497],[67.246421,39.710395],[67.246736,39.710354],[67.24756,39.710247],[67.247542,39.710284],[67.247495,39.71034],[67.247472,39.710392],[67.24745,39.710443],[67.247392,39.710575],[67.247287,39.710736],[67.247112,39.711006],[67.246943,39.711279],[67.24669,39.711646]]]}},{"type":"Feature","id":837,"properties":{},"geometry":{"type":"Polygon","coordinates":[[[67.200365,39.710669],[67.200365,39.710669],[67.19996,39.711197],[67.199338,39.711008],[67.199338,39.711008],[67.199339,39.711015],[67.199258,39.710923],[67.199884,39.709789],[67.19962,39.709721],[67.199543,39.709702],[67.199479,39.709686],[67.199737,39.7092],[67.199817,39.709068],[67.199828,39.709051],[67.199858,39.709001],[67.200159,39.709056],[67.20088,39.709192],[67.201634,39.709275],[67.201957,39.709298],[67.202808,39.709357],[67.202926,39.709365],[67.203102,39.709377],[67.20385,39.709485],[67.203964,39.709543],[67.203611,39.710099],[67.20332,39.710466],[67.203208,39.710606],[67.202672,39.711299],[67.202443,39.711593],[67.201792,39.711304],[67.201552,39.711197],[67.201342,39.711103],[67.20112,39.711005],[67.200888,39.710902],[67.200365,39.710669]]]}},{"type":"Feature","id":838,"properties":{},"geometry":{"type":"Polygon","coordinates":[[[67.288259,39.690455],[67.288166,39.690781],[67.287832,39.691953],[67.287805,39.692048],[67.286312,39.691037],[67.286325,39.690997],[67.286658,39.68995],[67.286792,39.689528],[67.286808,39.689477],[67.287701,39.690083],[67.288259,39.690455]]]}},{"type":"Feature","id":839,"properties":{},"geometry":{"type":"Polygon","coordinates":[[[67.283557,39.68966],[67.283557,39.68966],[67.283489,39.689783],[67.283423,39.689885],[67.283257,39.690141],[67.28316,39.690277],[67.282984,39.690523],[67.282957,39.690611],[67.282614,39.691646],[67.282535,39.691876],[67.282406,39.691911],[67.282395,39.691914],[67.282395,39.691914],[67.282298,39.691939],[67.281739,39.692285],[67.281702,39.692307],[67.281632,39.692351],[67.281654,39.692188],[67.281793,39.691839],[67.281943,39.691445],[67.281963,39.691407],[67.28213,39.691089],[67.282216,39.690925],[67.282226,39.690907],[67.282371,39.690629],[67.282372,39.690628],[67.282456,39.690469],[67.282504,39.690376],[67.282677,39.69001],[67.2827,39.689961],[67.28287,39.689599],[67.283029,39.689261],[67.283179,39.688943],[67.283565,39.688125],[67.283601,39.688055],[67.283923,39.687422],[67.283971,39.687328],[67.283975,39.68732],[67.284143,39.687364],[67.285024,39.687651],[67.285081,39.687669],[67.285048,39.687708],[67.284995,39.687768],[67.284585,39.688284],[67.283773,39.689305],[67.283664,39.68946],[67.283557,39.68966]]]}},{"type":"Feature","id":840,"properties":{},"geometry":{"type":"Polygon","coordinates":[[[67.254087,39.677704],[67.253846,39.677855],[67.253555,39.678047],[67.252926,39.678155],[67.252588,39.678177],[67.252152,39.678205],[67.251438,39.678257],[67.250754,39.678364],[67.250283,39.678436],[67.249663,39.67859],[67.249474,39.678574],[67.249185,39.678491],[67.249113,39.67846],[67.248907,39.678374],[67.249022,39.678279],[67.249185,39.678055],[67.249326,39.677886],[67.249529,39.677669],[67.249817,39.677423],[67.250109,39.677173],[67.250205,39.677032],[67.250204,39.676844],[67.250027,39.676374],[67.250006,39.676132],[67.25014,39.675963],[67.250249,39.675902],[67.250426,39.675963],[67.250796,39.67606],[67.250985,39.676067],[67.251176,39.676003],[67.251388,39.67584],[67.251762,39.675941],[67.252206,39.676061],[67.252627,39.676181],[67.252357,39.676556],[67.254809,39.67739],[67.254602,39.677381],[67.254446,39.677423],[67.254372,39.677459],[67.254093,39.677698],[67.254087,39.677704]]]}},{"type":"Feature","id":841,"properties":{},"geometry":{"type":"Polygon","coordinates":[[[67.254087,39.677704],[67.253893,39.677901],[67.253746,39.678096],[67.253382,39.678578],[67.253237,39.678812],[67.25311,39.678969],[67.249078,39.679449],[67.248775,39.679278],[67.248588,39.679173],[67.248494,39.679115],[67.248686,39.67823],[67.248654,39.678003],[67.250652,39.675186],[67.251232,39.675464],[67.25135,39.67557],[67.252161,39.675963],[67.252465,39.676112],[67.252997,39.676285],[67.253014,39.676291],[67.252627,39.676181],[67.252206,39.676061],[67.251762,39.675941],[67.251388,39.67584],[67.251176,39.676003],[67.250985,39.676067],[67.250796,39.67606],[67.250426,39.675963],[67.250249,39.675902],[67.25014,39.675963],[67.250006,39.676132],[67.250027,39.676374],[67.250204,39.676844],[67.250205,39.677032],[67.250109,39.677173],[67.249817,39.677423],[67.249529,39.677669],[67.249326,39.677886],[67.249185,39.678055],[67.249022,39.678279],[67.248907,39.678374],[67.249113,39.67846],[67.249185,39.678491],[67.249474,39.678574],[67.249663,39.67859],[67.250283,39.678436],[67.250754,39.678364],[67.251438,39.678257],[67.252152,39.678205],[67.252588,39.678177],[67.252926,39.678155],[67.253555,39.678047],[67.253846,39.677855],[67.254087,39.677704]]]}},{"type":"Feature","id":842,"properties":{},"geometry":{"type":"Polygon","coordinates":[[[67.227477,39.676521],[67.227594,39.676592],[67.227402,39.676753],[67.224972,39.67879],[67.223314,39.677688],[67.223373,39.677647],[67.223593,39.677479],[67.22377,39.67734],[67.223855,39.677271],[67.224197,39.676993],[67.224986,39.67635],[67.225339,39.676075],[67.225766,39.675743],[67.225944,39.675613],[67.226229,39.675782],[67.226252,39.675796],[67.226492,39.675938],[67.226589,39.675995],[67.227477,39.676521]]]}},{"type":"Feature","id":843,"properties":{},"geometry":{"type":"Polygon","coordinates":[[[67.228352,39.674458],[67.228349,39.674676],[67.2284,39.675002],[67.228551,39.675218],[67.228557,39.675277],[67.227977,39.675977],[67.227519,39.676447],[67.227538,39.676459],[67.227477,39.676521],[67.226589,39.675995],[67.226492,39.675938],[67.226252,39.675796],[67.228352,39.674458]]]}},{"type":"Feature","id":844,"properties":{},"geometry":{"type":"Polygon","coordinates":[[[67.265515,39.694427],[67.264933,39.695433],[67.264896,39.695493],[67.264845,39.695575],[67.262458,39.694841],[67.262492,39.694758],[67.262823,39.693949],[67.262999,39.693578],[67.265028,39.694259],[67.265249,39.694335],[67.265515,39.694427]]]}},{"type":"Feature","id":845,"properties":{},"geometry":{"type":"Polygon","coordinates":[[[67.267387,39.68913],[67.268013,39.689612],[67.268867,39.690266],[67.268789,39.690475],[67.268726,39.690684],[67.268536,39.691204],[67.268267,39.691923],[67.268197,39.691998],[67.268054,39.692052],[67.267926,39.692341],[67.267902,39.692395],[67.266805,39.692024],[67.266787,39.692056],[67.266528,39.691832],[67.26622,39.691564],[67.266148,39.691502],[67.265637,39.691058],[67.26502,39.690545],[67.265079,39.69046],[67.265201,39.690419],[67.265686,39.69042],[67.26589,39.69035],[67.266218,39.690096],[67.266257,39.690065],[67.266639,39.689747],[67.267023,39.689427],[67.26717,39.689307],[67.267387,39.68913]]]}},{"type":"Feature","id":846,"properties":{},"geometry":{"type":"Polygon","coordinates":[[[67.235196,39.70718],[67.234981,39.707224],[67.234801,39.706231],[67.234114,39.706277],[67.234033,39.706283],[67.233983,39.706286],[67.233985,39.706205],[67.234461,39.706182],[67.234734,39.706168],[67.235152,39.706148],[67.235442,39.706134],[67.23551,39.70613],[67.236157,39.706113],[67.236515,39.706104],[67.237586,39.706074],[67.237743,39.706692],[67.237792,39.706884],[67.237816,39.706978],[67.235196,39.70718]]]}},{"type":"Feature","id":847,"properties":{},"geometry":{"type":"Polygon","coordinates":[[[67.237154,39.70783],[67.238033,39.707764],[67.238054,39.707837],[67.238213,39.708383],[67.238224,39.708422],[67.238251,39.708541],[67.238296,39.708744],[67.238338,39.708895],[67.235696,39.709233],[67.235466,39.707942],[67.235884,39.707914],[67.235985,39.707908],[67.237154,39.70783]]]}},{"type":"Feature","id":848,"properties":{},"geometry":{"type":"Polygon","coordinates":[[[67.254284,39.664512],[67.253954,39.664653],[67.251885,39.665536],[67.251811,39.66558],[67.251561,39.665244],[67.251016,39.664989],[67.250548,39.664698],[67.250461,39.664635],[67.25037,39.664569],[67.250361,39.664508],[67.250369,39.664498],[67.250381,39.664487],[67.250457,39.664375],[67.250683,39.664061],[67.25082,39.663881],[67.250862,39.663847],[67.25122,39.663914],[67.252453,39.664147],[67.253377,39.66434],[67.254063,39.66447],[67.254284,39.664512]]]}},{"type":"Feature","id":849,"properties":{},"geometry":{"type":"Polygon","coordinates":[[[67.250862,39.663847],[67.250879,39.663805],[67.250903,39.663773],[67.251035,39.663445],[67.251225,39.662973],[67.251253,39.662904],[67.251398,39.662937],[67.251857,39.663021],[67.252168,39.663078],[67.252435,39.663127],[67.252758,39.663187],[67.254688,39.663546],[67.255406,39.663684],[67.255253,39.664038],[67.255017,39.664431],[67.254943,39.664561],[67.254547,39.664483],[67.254508,39.664476],[67.254413,39.664457],[67.254284,39.664512],[67.254063,39.66447],[67.253377,39.66434],[67.252453,39.664147],[67.25122,39.663914],[67.250862,39.663847]]]}},{"type":"Feature","id":850,"properties":{},"geometry":{"type":"Polygon","coordinates":[[[67.248134,39.669183],[67.248523,39.669516],[67.248785,39.669739],[67.248882,39.669668],[67.249018,39.669571],[67.249181,39.669453],[67.249261,39.669395],[67.250302,39.670268],[67.249352,39.670692],[67.2479,39.66936],[67.248134,39.669183]]]}},{"type":"Feature","id":851,"properties":{},"geometry":{"type":"Polygon","coordinates":[[[67.2479,39.66936],[67.247643,39.669554],[67.247301,39.669282],[67.247313,39.669275],[67.245686,39.667925],[67.24537,39.667742],[67.245332,39.66761],[67.24538,39.667563],[67.245864,39.667089],[67.246135,39.666825],[67.246304,39.666864],[67.247228,39.667692],[67.247256,39.667715],[67.247187,39.667766],[67.246929,39.667929],[67.246806,39.668081],[67.246875,39.668138],[67.246988,39.668232],[67.247944,39.669021],[67.248055,39.669116],[67.248134,39.669183],[67.2479,39.66936]]]}},{"type":"Feature","id":852,"properties":{},"geometry":{"type":"Polygon","coordinates":[[[67.21609,39.648699],[67.21608,39.648709],[67.215913,39.64887],[67.215795,39.648978],[67.215727,39.649038],[67.215656,39.649114],[67.215613,39.649162],[67.215465,39.649292],[67.21546,39.649296],[67.215424,39.649332],[67.21525,39.649499],[67.215129,39.649608],[67.214999,39.649513],[67.214944,39.64947],[67.214817,39.649379],[67.21469,39.649289],[67.214583,39.649218],[67.214497,39.649158],[67.214421,39.649105],[67.214419,39.649104],[67.214296,39.649021],[67.214181,39.648942],[67.214085,39.648877],[67.213991,39.648815],[67.213848,39.64871],[67.213726,39.648629],[67.213625,39.648557],[67.213539,39.648494],[67.213476,39.648454],[67.213449,39.648434],[67.213437,39.648424],[67.213429,39.648415],[67.213362,39.648379],[67.213401,39.648338],[67.213496,39.648242],[67.213615,39.648112],[67.213744,39.647984],[67.213793,39.647936],[67.21391,39.647821],[67.213969,39.647766],[67.214013,39.647726],[67.214094,39.647627],[67.214149,39.647584],[67.214216,39.647523],[67.214272,39.64747],[67.214316,39.647428],[67.21435,39.647397],[67.214388,39.647425],[67.214613,39.647589],[67.214796,39.647729],[67.214797,39.64773],[67.214861,39.647778],[67.215003,39.647878],[67.215192,39.64802],[67.215622,39.648344],[67.215672,39.648381],[67.215698,39.648401],[67.21609,39.648699]]]}},{"type":"Feature","id":853,"properties":{},"geometry":{"type":"Polygon","coordinates":[[[67.254672,39.671448],[67.253081,39.67207],[67.250885,39.67055],[67.250624,39.67037],[67.250638,39.670359],[67.25071,39.670429],[67.25338,39.669186],[67.254172,39.670582],[67.254546,39.67124],[67.254607,39.671348],[67.254653,39.671419],[67.254672,39.671448]]]}},{"type":"Feature","id":854,"properties":{},"geometry":{"type":"Polygon","coordinates":[[[67.25338,39.669186],[67.253442,39.669158],[67.253431,39.669139],[67.25336,39.669014],[67.253014,39.668413],[67.252943,39.668288],[67.252934,39.668274],[67.252925,39.668258],[67.252912,39.668235],[67.253303,39.668025],[67.253324,39.668052],[67.253425,39.668],[67.253485,39.667979],[67.255657,39.667213],[67.255716,39.667345],[67.25579,39.667512],[67.255819,39.667578],[67.256058,39.668114],[67.256161,39.668346],[67.256186,39.668402],[67.256366,39.668803],[67.256521,39.669146],[67.256588,39.669295],[67.256703,39.66955],[67.256792,39.669747],[67.25683,39.669832],[67.257009,39.670227],[67.257036,39.670288],[67.257196,39.670641],[67.257226,39.670706],[67.257428,39.671141],[67.256498,39.67148],[67.255088,39.67195],[67.254743,39.67142],[67.254672,39.671448],[67.254653,39.671419],[67.254607,39.671348],[67.254546,39.67124],[67.254172,39.670582],[67.25338,39.669186]]]}},{"type":"Feature","id":855,"properties":{},"geometry":{"type":"Polygon","coordinates":[[[67.228297,39.634217],[67.228277,39.63424],[67.228214,39.634349],[67.228584,39.634575],[67.226903,39.634956],[67.22613,39.634414],[67.226111,39.634401],[67.226104,39.634396],[67.225271,39.633812],[67.225192,39.633752],[67.225281,39.633718],[67.225306,39.633709],[67.225376,39.633683],[67.225681,39.63357],[67.225861,39.633506],[67.226078,39.633428],[67.226205,39.63339],[67.226346,39.63334],[67.226347,39.63334],[67.226366,39.633335],[67.22652,39.633289],[67.226631,39.633256],[67.226661,39.633247],[67.226808,39.633202],[67.226846,39.633176],[67.226865,39.633188],[67.226952,39.63325],[67.227151,39.633394],[67.227501,39.633643],[67.227587,39.633705],[67.227591,39.633708],[67.227813,39.633868],[67.227902,39.633932],[67.227903,39.633932],[67.22811,39.634082],[67.228201,39.634148],[67.22827,39.634198],[67.228297,39.634217]]]}},{"type":"Feature","id":856,"properties":{},"geometry":{"type":"Polygon","coordinates":[[[67.294947,39.708673],[67.293423,39.709523],[67.2933,39.709344],[67.293265,39.709293],[67.293229,39.709241],[67.293044,39.708973],[67.292774,39.70858],[67.292774,39.70858],[67.292742,39.708534],[67.292821,39.708493],[67.292849,39.708478],[67.294302,39.707732],[67.294947,39.708673]]]}},{"type":"Feature","id":857,"properties":{},"geometry":{"type":"Polygon","coordinates":[[[67.29577,39.706721],[67.294575,39.707384],[67.294555,39.707334],[67.294425,39.707111],[67.293982,39.706461],[67.293812,39.70626],[67.293875,39.706218],[67.294605,39.705819],[67.294636,39.705866],[67.294669,39.705848],[67.294808,39.705773],[67.29495,39.705695],[67.294918,39.705645],[67.295025,39.705579],[67.295308,39.706006],[67.295354,39.706075],[67.295478,39.706261],[67.29563,39.70649],[67.29577,39.706721]]]}},{"type":"Feature","id":858,"properties":{},"geometry":{"type":"Polygon","coordinates":[[[67.293496,39.706998],[67.293664,39.707234],[67.293818,39.70745],[67.293916,39.707588],[67.293979,39.707693],[67.292866,39.708311],[67.292803,39.708252],[67.292657,39.708037],[67.292444,39.707758],[67.292328,39.707605],[67.292265,39.707523],[67.292181,39.707412],[67.291976,39.707171],[67.292467,39.706936],[67.29249,39.706971],[67.292505,39.706964],[67.292571,39.706932],[67.292782,39.706831],[67.292757,39.706795],[67.293201,39.706579],[67.293441,39.706921],[67.293496,39.706998]]]}},{"type":"Feature","id":859,"properties":{},"geometry":{"type":"Polygon","coordinates":[[[67.295224,39.705469],[67.295918,39.705083],[67.296267,39.705436],[67.296871,39.706124],[67.296096,39.706545],[67.295224,39.705469]]]}},{"type":"Feature","id":860,"properties":{},"geometry":{"type":"Polygon","coordinates":[[[67.259897,39.782208],[67.260052,39.783663],[67.260058,39.783725],[67.26009,39.78407],[67.260129,39.784451],[67.260155,39.784729],[67.260162,39.784808],[67.260207,39.785324],[67.260259,39.786019],[67.259978,39.78596],[67.259434,39.785855],[67.258518,39.785642],[67.258167,39.785558],[67.258166,39.785543],[67.258166,39.785543],[67.258166,39.785543],[67.258051,39.78435],[67.258003,39.783816],[67.257968,39.783436],[67.25795,39.783235],[67.257889,39.782651],[67.257882,39.782588],[67.257833,39.782073],[67.257818,39.78171],[67.257815,39.781654],[67.257995,39.781768],[67.25823,39.78188],[67.258384,39.78191],[67.258538,39.781912],[67.25879,39.781984],[67.258874,39.782005],[67.25896,39.782016],[67.259048,39.781963],[67.259049,39.781962],[67.259053,39.78196],[67.259108,39.781898],[67.259201,39.781909],[67.259281,39.781942],[67.259455,39.782026],[67.25957,39.78208],[67.259648,39.782089],[67.259882,39.782098],[67.259897,39.782208],[67.259897,39.782208]]]}},{"type":"Feature","id":861,"properties":{},"geometry":{"type":"Polygon","coordinates":[[[67.231691,39.628288],[67.231768,39.628427],[67.231794,39.628473],[67.231881,39.62862],[67.232146,39.629072],[67.231872,39.62915],[67.231217,39.629321],[67.230194,39.629626],[67.229069,39.629947],[67.228875,39.630004],[67.228552,39.630098],[67.228349,39.630157],[67.228289,39.630065],[67.228226,39.629964],[67.228114,39.629777],[67.228042,39.629656],[67.227915,39.629454],[67.227894,39.629415],[67.227852,39.629364],[67.227948,39.629334],[67.229201,39.628962],[67.230687,39.628519],[67.231573,39.628274],[67.231667,39.628247],[67.231691,39.628288]]]}},{"type":"Feature","id":862,"properties":{},"geometry":{"type":"Polygon","coordinates":[[[67.208086,39.694148],[67.203024,39.696229],[67.203041,39.69619],[67.203064,39.696136],[67.203214,39.695793],[67.203285,39.695672],[67.203288,39.695666],[67.203328,39.695597],[67.203421,39.695423],[67.203425,39.695415],[67.203494,39.695286],[67.203572,39.695142],[67.203636,39.694973],[67.203716,39.69486],[67.203948,39.694676],[67.204267,39.694468],[67.204373,39.694375],[67.204554,39.694218],[67.204744,39.693987],[67.20481,39.693946],[67.205146,39.693901],[67.205293,39.693862],[67.205335,39.693788],[67.205336,39.693787],[67.205404,39.693667],[67.205406,39.693655],[67.208845,39.692232],[67.208926,39.692327],[67.209027,39.692392],[67.209074,39.692486],[67.208986,39.692578],[67.2089,39.692668],[67.2087,39.692878],[67.208636,39.692945],[67.208627,39.692954],[67.208468,39.693121],[67.208443,39.693147],[67.208411,39.693191],[67.208348,39.693279],[67.208247,39.693419],[67.208073,39.693655],[67.208067,39.69368],[67.208031,39.693729],[67.207965,39.693974],[67.208047,39.694115],[67.208086,39.694148]]]}},{"type":"Feature","id":863,"properties":{},"geometry":{"type":"Polygon","coordinates":[[[67.287052,39.642844],[67.287037,39.642963],[67.287049,39.643127],[67.28695,39.643251],[67.286684,39.643413],[67.284748,39.644593],[67.284365,39.64409],[67.284418,39.644058],[67.284667,39.643911],[67.285067,39.643675],[67.285791,39.643239],[67.285995,39.643108],[67.286015,39.643096],[67.286347,39.642883],[67.286747,39.642667],[67.286763,39.642655],[67.28687,39.642639],[67.287052,39.642844]]]}},{"type":"Feature","id":864,"properties":{},"geometry":{"type":"Polygon","coordinates":[[[67.283188,39.65343],[67.283212,39.653626],[67.283221,39.653695],[67.283243,39.653879],[67.28327,39.654103],[67.283325,39.654498],[67.283345,39.65465],[67.283374,39.654868],[67.282524,39.655228],[67.28247,39.655252],[67.282349,39.655037],[67.282433,39.654996],[67.282343,39.654807],[67.282304,39.654742],[67.282246,39.654681],[67.282187,39.654671],[67.282149,39.654682],[67.281779,39.654023],[67.283188,39.65343]]]}},{"type":"Feature","id":865,"properties":{},"geometry":{"type":"Polygon","coordinates":[[[67.283188,39.65343],[67.281779,39.654023],[67.281196,39.652986],[67.281214,39.652978],[67.281186,39.652889],[67.280978,39.652583],[67.280928,39.65251],[67.280865,39.652398],[67.280959,39.65236],[67.281058,39.652321],[67.281162,39.652279],[67.281215,39.652258],[67.281326,39.652214],[67.281431,39.652172],[67.281919,39.651962],[67.28212,39.651884],[67.282432,39.651761],[67.28246,39.651739],[67.28248,39.651731],[67.282502,39.651766],[67.282525,39.651809],[67.282601,39.651924],[67.282665,39.652021],[67.282705,39.652084],[67.282735,39.652137],[67.282868,39.652367],[67.282961,39.652516],[67.282993,39.652538],[67.283026,39.652563],[67.283069,39.652633],[67.283081,39.65271],[67.28311,39.65294],[67.28314,39.653058],[67.283174,39.65332],[67.283188,39.65343]]]}},{"type":"Feature","id":866,"properties":{},"geometry":{"type":"Polygon","coordinates":[[[67.285312,39.660685],[67.28502,39.660717],[67.28432,39.660865],[67.284225,39.660296],[67.284147,39.659612],[67.284109,39.659195],[67.284095,39.659092],[67.28406,39.658757],[67.284036,39.658572],[67.283993,39.658245],[67.283974,39.658085],[67.283928,39.657746],[67.28389,39.657531],[67.283869,39.657407],[67.283752,39.656767],[67.283699,39.65645],[67.283687,39.656372],[67.28368,39.656335],[67.283655,39.656183],[67.283653,39.656174],[67.283892,39.65617],[67.28413,39.656142],[67.284466,39.656095],[67.284729,39.656064],[67.284794,39.656055],[67.284836,39.65608],[67.284853,39.656149],[67.284854,39.656212],[67.284876,39.656266],[67.284927,39.65627],[67.285401,39.659014],[67.285328,39.659328],[67.285441,39.660674],[67.285394,39.660676],[67.285344,39.660676],[67.285312,39.660685]]]}},{"type":"Feature","id":867,"properties":{},"geometry":{"type":"Polygon","coordinates":[[[67.230419,39.652881],[67.230076,39.653515],[67.229888,39.653863],[67.229802,39.653837],[67.22973,39.653814],[67.229491,39.653739],[67.229384,39.653706],[67.227949,39.653256],[67.227947,39.653255],[67.227881,39.653235],[67.227923,39.653212],[67.227925,39.653213],[67.228198,39.653162],[67.228264,39.653151],[67.228318,39.653148],[67.228341,39.653147],[67.228417,39.653143],[67.228572,39.65306],[67.228645,39.652993],[67.228698,39.65294],[67.22872,39.652911],[67.228742,39.652881],[67.228946,39.652741],[67.229117,39.652626],[67.229227,39.652564],[67.230419,39.652881]]]}},{"type":"Feature","id":868,"properties":{},"geometry":{"type":"Polygon","coordinates":[[[67.393583,39.710713],[67.39358,39.710834],[67.393471,39.710883],[67.393361,39.710994],[67.393239,39.711109],[67.393117,39.711249],[67.392938,39.711377],[67.392823,39.711456],[67.392705,39.711532],[67.39258,39.711576],[67.39246,39.71162],[67.392426,39.711657],[67.392376,39.711723],[67.392267,39.71178],[67.392132,39.711782],[67.392015,39.711789],[67.392013,39.711786],[67.391966,39.711714],[67.391772,39.711588],[67.391642,39.711493],[67.391583,39.711454],[67.391519,39.711412],[67.391466,39.711377],[67.391231,39.711266],[67.391151,39.711194],[67.391073,39.711101],[67.391043,39.710971],[67.391015,39.710762],[67.390988,39.710557],[67.39099,39.71047],[67.390994,39.710289],[67.39132,39.710338],[67.391478,39.710362],[67.391786,39.710423],[67.391898,39.710446],[67.392339,39.710533],[67.392942,39.710625],[67.393303,39.710676],[67.393583,39.710713]]]}},{"type":"Feature","id":869,"properties":{},"geometry":{"type":"Polygon","coordinates":[[[67.380465,39.713799],[67.380177,39.713792],[67.37982,39.713808],[67.379682,39.713764],[67.379625,39.71371],[67.379533,39.713621],[67.379365,39.713459],[67.379314,39.713304],[67.379368,39.713104],[67.379384,39.71306],[67.379444,39.712992],[67.379531,39.712897],[67.379608,39.712825],[67.379621,39.71281],[67.379667,39.712757],[67.379734,39.712664],[67.379825,39.712533],[67.379925,39.712368],[67.379957,39.712315],[67.380041,39.7122],[67.380142,39.712081],[67.380219,39.711997],[67.380247,39.711967],[67.380473,39.711761],[67.380546,39.711701],[67.380669,39.711599],[67.380848,39.711441],[67.380928,39.711375],[67.380931,39.711372],[67.381068,39.711258],[67.381166,39.711176],[67.381177,39.711167],[67.38125,39.711118],[67.381261,39.71111],[67.381289,39.711091],[67.381298,39.711085],[67.381314,39.711078],[67.381327,39.711071],[67.381358,39.711067],[67.381359,39.711088],[67.381361,39.711088],[67.381363,39.711088],[67.381727,39.711072],[67.381874,39.711066],[67.381877,39.711066],[67.381878,39.711066],[67.382084,39.711029],[67.382086,39.711028],[67.382089,39.711027],[67.3821,39.711023],[67.382135,39.711018],[67.382178,39.710992],[67.38237,39.710917],[67.382427,39.710895],[67.382456,39.710918],[67.382567,39.711016],[67.382618,39.711069],[67.382736,39.711194],[67.382931,39.711413],[67.383024,39.711594],[67.383065,39.711707],[67.383058,39.711736],[67.382948,39.711847],[67.382914,39.711875],[67.382783,39.711978],[67.382715,39.712039],[67.382711,39.712079],[67.382715,39.712153],[67.382722,39.712268],[67.382718,39.712296],[67.382715,39.712322],[67.382698,39.712362],[67.382676,39.712403],[67.382604,39.712512],[67.382497,39.712604],[67.382443,39.71263],[67.382401,39.712641],[67.382355,39.712665],[67.382283,39.712701],[67.382106,39.712789],[67.382107,39.712793],[67.38192,39.712884],[67.381842,39.712975],[67.381813,39.713009],[67.381741,39.713079],[67.381723,39.713162],[67.381731,39.713258],[67.381745,39.713359],[67.38178,39.713472],[67.381805,39.713581],[67.381805,39.713687],[67.381759,39.713683],[67.381655,39.713699],[67.381615,39.713708],[67.381602,39.713742],[67.381597,39.713757],[67.38141,39.713761],[67.381241,39.713764],[67.381211,39.713765],[67.381062,39.713769],[67.381061,39.713769],[67.381054,39.713769],[67.380907,39.713774],[67.380653,39.713782],[67.380557,39.713785],[67.380465,39.713799]]]}},{"type":"Feature","id":870,"properties":{},"geometry":{"type":"Polygon","coordinates":[[[67.224231,39.681304],[67.223966,39.681629],[67.223855,39.681772],[67.223822,39.681819],[67.223585,39.682221],[67.223512,39.682357],[67.222719,39.681697],[67.222446,39.681475],[67.222199,39.681073],[67.221961,39.680815],[67.221863,39.680709],[67.221708,39.680627],[67.221628,39.680668],[67.220846,39.67983],[67.220909,39.679759],[67.221164,39.679539],[67.221946,39.67886],[67.222121,39.678709],[67.222528,39.678356],[67.223097,39.678724],[67.223501,39.678985],[67.223932,39.679217],[67.223969,39.679181],[67.225235,39.679997],[67.22474,39.680604],[67.224619,39.680752],[67.22455,39.6809],[67.22297,39.679992],[67.222913,39.68004],[67.22259,39.680315],[67.224231,39.681304]]]}},{"type":"Feature","id":871,"properties":{},"geometry":{"type":"Polygon","coordinates":[[[67.269292,39.655181],[67.269506,39.655681],[67.269624,39.655942],[67.269804,39.656359],[67.269733,39.65645],[67.269611,39.656527],[67.269461,39.656528],[67.2693,39.656563],[67.269045,39.656641],[67.268767,39.656707],[67.268438,39.656823],[67.268064,39.656919],[67.267821,39.656979],[67.267672,39.657036],[67.267649,39.657099],[67.267684,39.657161],[67.267731,39.657216],[67.267746,39.657231],[67.267191,39.657398],[67.26714,39.65734],[67.267086,39.657244],[67.267064,39.657193],[67.266976,39.656987],[67.266913,39.65686],[67.266737,39.6565],[67.266665,39.656368],[67.266535,39.656127],[67.266501,39.656055],[67.266325,39.655682],[67.266123,39.655244],[67.266052,39.655099],[67.265956,39.654902],[67.265933,39.654828],[67.268818,39.654023],[67.269025,39.654524],[67.269076,39.65465],[67.269292,39.655181]]]}},{"type":"Feature","id":872,"properties":{},"geometry":{"type":"Polygon","coordinates":[[[67.248601,39.631814],[67.248528,39.63184],[67.248175,39.631298],[67.248109,39.6312],[67.247774,39.630697],[67.247359,39.630129],[67.247331,39.630087],[67.247293,39.630004],[67.247405,39.629935],[67.247416,39.62993],[67.247509,39.629895],[67.247671,39.629834],[67.247872,39.629758],[67.248073,39.629683],[67.248388,39.629564],[67.248707,39.629444],[67.248884,39.62943],[67.248941,39.629473],[67.249017,39.629482],[67.249018,39.629482],[67.24902,39.629482],[67.249237,39.629433],[67.249424,39.629378],[67.249648,39.629313],[67.249934,39.629717],[67.250143,39.630008],[67.250216,39.630089],[67.250218,39.630088],[67.250219,39.630089],[67.250343,39.630045],[67.2504,39.630062],[67.25054,39.63027],[67.250605,39.630365],[67.250827,39.630695],[67.251026,39.63094],[67.251089,39.630999],[67.250871,39.631088],[67.250779,39.631091],[67.2503,39.631246],[67.249213,39.631686],[67.248871,39.631826],[67.24881,39.631777],[67.248803,39.631769],[67.248763,39.631737],[67.248761,39.631737],[67.24876,39.631737],[67.248601,39.631814]]]}},{"type":"Feature","id":873,"properties":{},"geometry":{"type":"Polygon","coordinates":[[[67.256064,39.62885],[67.255908,39.628931],[67.255648,39.629033],[67.255057,39.629218],[67.254664,39.629352],[67.254661,39.629353],[67.254579,39.629381],[67.254487,39.629418],[67.254273,39.629503],[67.254244,39.629514],[67.253939,39.629239],[67.253587,39.628923],[67.252574,39.62801],[67.252559,39.627996],[67.252577,39.62799],[67.252703,39.627974],[67.252893,39.627948],[67.253093,39.627921],[67.253321,39.627902],[67.253856,39.627859],[67.254077,39.627826],[67.254431,39.627786],[67.254595,39.627777],[67.254671,39.62777],[67.254774,39.627752],[67.254844,39.627728],[67.254865,39.627759],[67.255072,39.627945],[67.255225,39.628088],[67.255346,39.628198],[67.255397,39.628245],[67.255495,39.628337],[67.255614,39.628447],[67.255833,39.628647],[67.255883,39.628692],[67.255982,39.628779],[67.256064,39.62885]]]}},{"type":"Feature","id":874,"properties":{},"geometry":{"type":"Polygon","coordinates":[[[67.24304,39.634059],[67.242808,39.634139],[67.242697,39.634178],[67.242592,39.634215],[67.242511,39.634238],[67.242385,39.634274],[67.241814,39.634483],[67.241797,39.634489],[67.241728,39.634394],[67.240705,39.632965],[67.24061,39.632832],[67.240678,39.632803],[67.241022,39.632654],[67.241022,39.632652],[67.240827,39.632377],[67.240345,39.631694],[67.240727,39.631551],[67.241045,39.631433],[67.241134,39.631399],[67.24304,39.634059]]]}},{"type":"Feature","id":875,"properties":{},"geometry":{"type":"Polygon","coordinates":[[[67.230367,39.667992],[67.230333,39.667946],[67.230113,39.668077],[67.229991,39.668148],[67.229965,39.668164],[67.229941,39.668178],[67.229835,39.668239],[67.229458,39.668463],[67.229447,39.668471],[67.229424,39.668486],[67.229286,39.668569],[67.229051,39.668716],[67.229021,39.668721],[67.228989,39.668718],[67.228943,39.668708],[67.228759,39.668665],[67.228337,39.668576],[67.227883,39.668473],[67.227106,39.66831],[67.226571,39.668183],[67.226915,39.668004],[67.226986,39.667961],[67.227054,39.66792],[67.227991,39.667353],[67.228306,39.667163],[67.228702,39.666924],[67.228779,39.666878],[67.229689,39.666232],[67.230155,39.665902],[67.230221,39.665855],[67.230216,39.665783],[67.230313,39.665747],[67.230398,39.665692],[67.23047,39.665639],[67.231081,39.665192],[67.231582,39.665601],[67.231859,39.665828],[67.23214,39.665905],[67.232847,39.665718],[67.233677,39.665499],[67.23376,39.665584],[67.233834,39.66566],[67.234141,39.665822],[67.234341,39.665928],[67.234513,39.666046],[67.234024,39.666289],[67.232696,39.666874],[67.231542,39.667432],[67.231356,39.667521],[67.230497,39.66793],[67.230367,39.667992]]]}},{"type":"Feature","id":876,"properties":{},"geometry":{"type":"Polygon","coordinates":[[[67.317158,39.709697],[67.316415,39.70986],[67.316319,39.710004],[67.316045,39.710128],[67.315975,39.710151],[67.315941,39.710161],[67.315559,39.709527],[67.315469,39.709562],[67.314874,39.708541],[67.314614,39.708119],[67.315062,39.70813],[67.315359,39.708135],[67.315748,39.70814],[67.315986,39.70814],[67.316081,39.708138],[67.3157,39.708428],[67.317152,39.709692],[67.317158,39.709697]]]}},{"type":"Feature","id":877,"properties":{},"geometry":{"type":"Polygon","coordinates":[[[67.314596,39.708267],[67.314765,39.708539],[67.315009,39.708969],[67.315371,39.709609],[67.315178,39.709814],[67.315141,39.709943],[67.315137,39.709947],[67.315065,39.710085],[67.313979,39.710226],[67.313078,39.70851],[67.313328,39.708424],[67.313362,39.708393],[67.313402,39.708386],[67.31394,39.708243],[67.314235,39.708148],[67.31431,39.70814],[67.314418,39.708132],[67.314596,39.708267]]]}},{"type":"Feature","id":878,"properties":{},"geometry":{"type":"Polygon","coordinates":[[[67.305794,39.707227],[67.306428,39.707562],[67.307113,39.707972],[67.307757,39.708357],[67.308106,39.708566],[67.308322,39.708712],[67.308654,39.70893],[67.308678,39.708996],[67.307182,39.709988],[67.304517,39.708733],[67.305719,39.707182],[67.305794,39.707227]]]}},{"type":"Feature","id":879,"properties":{},"geometry":{"type":"Polygon","coordinates":[[[67.322583,39.710665],[67.32269,39.710738],[67.322782,39.710802],[67.324418,39.71193],[67.321273,39.712113],[67.319831,39.711163],[67.319867,39.711064],[67.320117,39.710935],[67.321091,39.7107],[67.321139,39.71069],[67.321775,39.710565],[67.322199,39.710459],[67.322248,39.710443],[67.322583,39.710665]]]}},{"type":"Feature","id":880,"properties":{},"geometry":{"type":"Polygon","coordinates":[[[67.318012,39.705232],[67.317939,39.705328],[67.319108,39.705856],[67.318995,39.705971],[67.318873,39.70609],[67.318887,39.706174],[67.319139,39.706265],[67.319502,39.70644],[67.319733,39.706551],[67.32032,39.706833],[67.320617,39.706989],[67.32072,39.707044],[67.32083,39.707162],[67.32075,39.707176],[67.320435,39.707219],[67.32037,39.707233],[67.316442,39.705519],[67.316565,39.705302],[67.316933,39.704756],[67.318012,39.705232]]]}},{"type":"Feature","id":881,"properties":{},"geometry":{"type":"Polygon","coordinates":[[[67.28624,39.660586],[67.286207,39.660592],[67.28611,39.660609],[67.286057,39.660607],[67.28607,39.66056],[67.28601,39.660061],[67.285938,39.659354],[67.285911,39.659145],[67.285815,39.658409],[67.285713,39.657649],[67.285692,39.657493],[67.285762,39.657494],[67.286013,39.657408],[67.286741,39.657225],[67.287214,39.657096],[67.28785,39.656955],[67.288221,39.656869],[67.28828,39.65698],[67.28846,39.657273],[67.288991,39.658171],[67.289351,39.658779],[67.289574,39.659138],[67.289938,39.65975],[67.289956,39.659784],[67.289978,39.659827],[67.289945,39.659834],[67.289814,39.659862],[67.289737,39.659881],[67.288357,39.660188],[67.288325,39.660195],[67.287881,39.660293],[67.287519,39.660377],[67.287163,39.660466],[67.286939,39.660523],[67.286939,39.660523],[67.286908,39.660526],[67.286869,39.660473],[67.286826,39.660481],[67.286505,39.660534],[67.28624,39.660586]]]}},{"type":"Feature","id":882,"properties":{},"geometry":{"type":"Polygon","coordinates":[[[67.293809,39.746933],[67.293791,39.746917],[67.293791,39.746917],[67.293063,39.747188],[67.291413,39.744899],[67.291422,39.744798],[67.29143,39.744699],[67.291767,39.744556],[67.291767,39.744556],[67.291744,39.744526],[67.291733,39.744514],[67.291882,39.74445],[67.292654,39.744074],[67.29274,39.744023],[67.292742,39.744026],[67.292747,39.744035],[67.292754,39.744043],[67.292755,39.744045],[67.292901,39.744258],[67.292907,39.744272],[67.292914,39.744284],[67.292914,39.744285],[67.292924,39.744296],[67.292934,39.744307],[67.293091,39.744536],[67.293358,39.744902],[67.293447,39.745037],[67.293591,39.745233],[67.293996,39.74576],[67.294018,39.745814],[67.294289,39.746185],[67.294619,39.746615],[67.293809,39.746933]]]}},{"type":"Feature","id":883,"properties":{},"geometry":{"type":"Polygon","coordinates":[[[67.220999,39.719634],[67.221414,39.719934],[67.221509,39.720002],[67.22183,39.720233],[67.222989,39.720922],[67.223033,39.720948],[67.222747,39.721353],[67.222408,39.721828],[67.221881,39.722446],[67.22161,39.72268],[67.221597,39.722767],[67.22155,39.72292],[67.221548,39.722924],[67.221252,39.723346],[67.221103,39.723532],[67.221074,39.723569],[67.220991,39.723688],[67.220923,39.723768],[67.219896,39.723551],[67.219874,39.723547],[67.219862,39.723543],[67.219605,39.72338],[67.219402,39.723177],[67.219252,39.722961],[67.219212,39.722556],[67.219154,39.722451],[67.219123,39.722282],[67.219114,39.722252],[67.219047,39.722193],[67.21905,39.722188],[67.219041,39.722171],[67.219026,39.722156],[67.219293,39.721741],[67.219305,39.721721],[67.220011,39.720626],[67.220358,39.720086],[67.220638,39.719652],[67.220768,39.71945],[67.220999,39.719634]]]}},{"type":"Feature","id":884,"properties":{},"geometry":{"type":"Polygon","coordinates":[[[67.234592,39.73144],[67.23413,39.731888],[67.232526,39.731049],[67.230153,39.729765],[67.230158,39.72975],[67.230172,39.729716],[67.230278,39.729347],[67.230279,39.72933],[67.23029,39.729291],[67.231411,39.729851],[67.23185,39.73007],[67.234592,39.73144]]]}},{"type":"Feature","id":885,"properties":{},"geometry":{"type":"Polygon","coordinates":[[[67.233038,39.728767],[67.23185,39.73007],[67.231411,39.729851],[67.23029,39.729291],[67.230286,39.729154],[67.230289,39.729084],[67.230284,39.729066],[67.230282,39.728978],[67.230211,39.728826],[67.2302,39.72879],[67.230066,39.728558],[67.229974,39.728369],[67.229918,39.728178],[67.229919,39.728135],[67.230071,39.727678],[67.230119,39.727559],[67.230134,39.727521],[67.230139,39.727507],[67.230549,39.727604],[67.231176,39.727848],[67.232286,39.728391],[67.23281,39.728652],[67.233038,39.728767]]]}},{"type":"Feature","id":886,"properties":{},"geometry":{"type":"Polygon","coordinates":[[[67.273939,39.711941],[67.273949,39.711924],[67.27404,39.711786],[67.274255,39.711461],[67.274288,39.711411],[67.274362,39.71131],[67.274395,39.711274],[67.274492,39.711197],[67.274595,39.711132],[67.274801,39.711019],[67.274925,39.710922],[67.274928,39.710919],[67.275281,39.710644],[67.275347,39.710611],[67.275362,39.710636],[67.275427,39.71069],[67.275842,39.711043],[67.276206,39.711359],[67.27628,39.711456],[67.276141,39.711617],[67.276564,39.711965],[67.276682,39.712222],[67.276864,39.712537],[67.277246,39.713021],[67.276871,39.713443],[67.276512,39.71372],[67.27633,39.713858],[67.273939,39.711941]]]}},{"type":"Feature","id":887,"properties":{},"geometry":{"type":"Polygon","coordinates":[[[67.282911,39.712023],[67.282847,39.712128],[67.282819,39.712232],[67.282807,39.71226],[67.2828,39.712303],[67.282783,39.712368],[67.282689,39.713],[67.282542,39.713377],[67.282547,39.713423],[67.282568,39.713643],[67.282667,39.713861],[67.282686,39.71389],[67.282695,39.713911],[67.282561,39.713964],[67.282025,39.714192],[67.281888,39.713984],[67.28188,39.713973],[67.281873,39.71395],[67.28169,39.713685],[67.281597,39.713545],[67.281584,39.713526],[67.281452,39.713403],[67.281311,39.713228],[67.281311,39.713228],[67.281218,39.713113],[67.281222,39.712967],[67.281304,39.712701],[67.281402,39.712444],[67.281712,39.712365],[67.282033,39.712286],[67.282359,39.71217],[67.28251,39.712121],[67.282849,39.71203],[67.282857,39.712028],[67.282916,39.712012],[67.282911,39.712023]]]}},{"type":"Feature","id":888,"properties":{},"geometry":{"type":"Polygon","coordinates":[[[67.273722,39.709236],[67.273663,39.709237],[67.27366,39.709236],[67.273407,39.709235],[67.2733,39.709235],[67.271356,39.709283],[67.271088,39.708774],[67.270857,39.708472],[67.270766,39.708235],[67.270726,39.708166],[67.270587,39.707896],[67.270471,39.707727],[67.270445,39.707683],[67.271902,39.707647],[67.272079,39.707642],[67.273315,39.707613],[67.273848,39.707602],[67.273872,39.70775],[67.273881,39.707803],[67.274109,39.707973],[67.274251,39.708048],[67.274504,39.70818],[67.274611,39.708227],[67.274742,39.708349],[67.274876,39.708475],[67.275253,39.708715],[67.275638,39.708961],[67.275798,39.709067],[67.275465,39.709094],[67.275337,39.709105],[67.274879,39.709142],[67.274664,39.709159],[67.273722,39.709236]]]}},{"type":"Feature","id":889,"properties":{},"geometry":{"type":"Polygon","coordinates":[[[67.277425,39.711159],[67.277222,39.711147],[67.277077,39.711181],[67.27695,39.711229],[67.27684,39.711272],[67.276695,39.711257],[67.276356,39.711208],[67.276226,39.711169],[67.275811,39.710826],[67.275514,39.710537],[67.275559,39.710449],[67.276113,39.710331],[67.276823,39.710179],[67.276868,39.710262],[67.276969,39.710424],[67.277211,39.710808],[67.277425,39.711159]]]}},{"type":"Feature","id":890,"properties":{},"geometry":{"type":"Polygon","coordinates":[[[67.287944,39.743461],[67.288241,39.743847],[67.289801,39.746108],[67.289995,39.746389],[67.289993,39.746411],[67.289835,39.746455],[67.289684,39.746491],[67.289641,39.7465],[67.288786,39.74666],[67.287882,39.74685],[67.286573,39.747041],[67.285495,39.747447],[67.285409,39.74748],[67.285356,39.7475],[67.285299,39.747514],[67.285226,39.747532],[67.28285,39.744533],[67.282793,39.744461],[67.282863,39.744361],[67.282959,39.7442],[67.28298,39.744182],[67.283042,39.744154],[67.283143,39.744129],[67.28324,39.744095],[67.283531,39.743993],[67.283592,39.743971],[67.283678,39.743932],[67.283795,39.743857],[67.284003,39.743703],[67.284031,39.743682],[67.284159,39.743587],[67.284435,39.743394],[67.284628,39.743259],[67.284681,39.743222],[67.284702,39.743212],[67.284877,39.743147],[67.284917,39.743159],[67.285407,39.742923],[67.285334,39.742899],[67.285398,39.742879],[67.285484,39.742854],[67.285643,39.742808],[67.286461,39.742564],[67.286612,39.742533],[67.286821,39.742459],[67.287096,39.742363],[67.287192,39.742329],[67.287944,39.743461]]]}},{"type":"Feature","id":891,"properties":{},"geometry":{"type":"Polygon","coordinates":[[[67.272571,39.716247],[67.270128,39.717258],[67.269924,39.717051],[67.269583,39.716686],[67.269584,39.716675],[67.270402,39.716303],[67.270679,39.716174],[67.271643,39.715738],[67.271963,39.715599],[67.272444,39.716111],[67.272483,39.716154],[67.272571,39.716247]]]}},{"type":"Feature","id":892,"properties":{},"geometry":{"type":"Polygon","coordinates":[[[67.27317,39.716886],[67.27309,39.716919],[67.272869,39.717011],[67.272692,39.717084],[67.272648,39.717102],[67.272337,39.717223],[67.271782,39.717437],[67.271456,39.717572],[67.2709,39.717801],[67.270731,39.71787],[67.270128,39.717258],[67.272571,39.716247],[67.272725,39.716411],[67.27317,39.716886]]]}},{"type":"Feature","id":893,"properties":{},"geometry":{"type":"Polygon","coordinates":[[[67.291797,39.722429],[67.293498,39.721713],[67.293527,39.721747],[67.293693,39.721908],[67.292367,39.723621],[67.292076,39.723847],[67.291831,39.723702],[67.291232,39.722704],[67.29134,39.722651],[67.291345,39.722649],[67.291797,39.722429]]]}},{"type":"Feature","id":894,"properties":{},"geometry":{"type":"Polygon","coordinates":[[[67.291877,39.720609],[67.292277,39.720534],[67.293937,39.721319],[67.293943,39.721361],[67.292623,39.721952],[67.29254,39.721854],[67.292427,39.72167],[67.292341,39.721529],[67.292339,39.721527],[67.292133,39.721142],[67.292058,39.720985],[67.292042,39.720965],[67.291987,39.720896],[67.291898,39.720751],[67.291862,39.720665],[67.291856,39.720626],[67.291877,39.720609]]]}},{"type":"Feature","id":895,"properties":{},"geometry":{"type":"Polygon","coordinates":[[[67.275597,39.699779],[67.275903,39.699932],[67.274432,39.701337],[67.274197,39.7012],[67.273564,39.70088],[67.274816,39.699387],[67.275597,39.699779]]]}},{"type":"Feature","id":896,"properties":{},"geometry":{"type":"Polygon","coordinates":[[[67.27952,39.697119],[67.280186,39.697197],[67.280726,39.69726],[67.28156,39.697377],[67.281501,39.69768],[67.281446,39.697961],[67.281369,39.698355],[67.281302,39.69863],[67.281251,39.698742],[67.280046,39.698538],[67.278671,39.698403],[67.278796,39.697835],[67.278903,39.697346],[67.278894,39.697045],[67.27952,39.697119]]]}},{"type":"Feature","id":897,"properties":{},"geometry":{"type":"Polygon","coordinates":[[[67.276993,39.693658],[67.277338,39.693875],[67.27747,39.693966],[67.277803,39.694195],[67.276983,39.694788],[67.276095,39.695424],[67.275881,39.695577],[67.275684,39.695718],[67.275492,39.695855],[67.27523,39.695972],[67.275118,39.695658],[67.275004,39.695337],[67.275007,39.695326],[67.276486,39.693755],[67.276732,39.693494],[67.276993,39.693658]]]}},{"type":"Feature","id":898,"properties":{},"geometry":{"type":"Polygon","coordinates":[[[67.278387,39.699289],[67.277162,39.699232],[67.276683,39.699212],[67.276409,39.699241],[67.276399,39.699241],[67.276278,39.699237],[67.275945,39.69819],[67.275812,39.697805],[67.275747,39.697615],[67.275818,39.697617],[67.276017,39.697623],[67.276014,39.697614],[67.276251,39.697632],[67.277569,39.697737],[67.277785,39.697751],[67.278731,39.697826],[67.2787,39.697882],[67.278561,39.6985],[67.278506,39.698734],[67.278493,39.698818],[67.278387,39.699289]]]}},{"type":"Feature","id":899,"properties":{},"geometry":{"type":"Polygon","coordinates":[[[67.316952,39.704375],[67.316838,39.70455],[67.316759,39.704673],[67.316732,39.704712],[67.316685,39.704771],[67.316653,39.704821],[67.316583,39.704934],[67.316397,39.70521],[67.316306,39.705345],[67.316256,39.705354],[67.316198,39.705362],[67.316048,39.705348],[67.315909,39.705317],[67.315726,39.705285],[67.315584,39.705205],[67.315263,39.705015],[67.3144,39.70477],[67.313656,39.704489],[67.312844,39.703674],[67.312899,39.703631],[67.313602,39.702589],[67.313624,39.702571],[67.31406,39.702652],[67.314152,39.70267],[67.314293,39.702692],[67.314567,39.702734],[67.314574,39.702735],[67.314991,39.7028],[67.314997,39.702801],[67.315261,39.702836],[67.31566,39.702884],[67.316306,39.703001],[67.316379,39.70302],[67.316706,39.703101],[67.317214,39.703241],[67.317518,39.703345],[67.317577,39.703367],[67.317546,39.703414],[67.317544,39.703416],[67.317493,39.703495],[67.317457,39.703558],[67.317369,39.70371],[67.317273,39.70388],[67.316952,39.704375]]]}},{"type":"Feature","id":900,"properties":{},"geometry":{"type":"Polygon","coordinates":[[[67.263456,39.706403],[67.262106,39.706425],[67.261999,39.706427],[67.260943,39.706448],[67.260924,39.706339],[67.261117,39.705744],[67.261119,39.705738],[67.261121,39.705732],[67.261169,39.705584],[67.261247,39.705326],[67.26134,39.705021],[67.261414,39.704783],[67.26148,39.704788],[67.263333,39.704762],[67.263456,39.706403]]]}},{"type":"Feature","id":901,"properties":{},"geometry":{"type":"Polygon","coordinates":[[[67.265824,39.704404],[67.265811,39.704411],[67.266618,39.705429],[67.266482,39.705644],[67.266303,39.705908],[67.266063,39.706201],[67.265812,39.706318],[67.26554,39.706332],[67.265539,39.706332],[67.264892,39.706363],[67.264094,39.706386],[67.264092,39.706386],[67.263973,39.706389],[67.263563,39.706401],[67.263545,39.706401],[67.263456,39.706403],[67.263333,39.704762],[67.263938,39.704754],[67.263938,39.70475],[67.263938,39.704735],[67.263938,39.704686],[67.263937,39.704429],[67.264752,39.704407],[67.265313,39.704384],[67.26579,39.704364],[67.265824,39.704404]]]}},{"type":"Feature","id":902,"properties":{},"geometry":{"type":"Polygon","coordinates":[[[67.294606,39.701774],[67.293042,39.702173],[67.292956,39.702195],[67.29288,39.702214],[67.292629,39.702278],[67.291848,39.702477],[67.290616,39.702795],[67.290612,39.702783],[67.290555,39.702508],[67.288974,39.702678],[67.288903,39.702685],[67.288904,39.702049],[67.288865,39.701763],[67.288844,39.701608],[67.288825,39.70153],[67.288829,39.701529],[67.289673,39.701289],[67.292078,39.700614],[67.294227,39.700032],[67.29426,39.700208],[67.294313,39.700472],[67.294406,39.700895],[67.294479,39.701205],[67.294567,39.701578],[67.294606,39.701774]]]}},{"type":"Feature","id":903,"properties":{},"geometry":{"type":"Polygon","coordinates":[[[67.294034,39.699984],[67.2938,39.700034],[67.293424,39.700142],[67.293065,39.700245],[67.291601,39.70067],[67.29155,39.700548],[67.291326,39.69999],[67.290864,39.698789],[67.290694,39.698362],[67.290439,39.697721],[67.290215,39.697158],[67.290227,39.697145],[67.290615,39.696712],[67.291732,39.695415],[67.291996,39.695097],[67.292034,39.695052],[67.292233,39.695538],[67.292575,39.696383],[67.293876,39.699597],[67.294034,39.699984]]]}},{"type":"Feature","id":904,"properties":{},"geometry":{"type":"Polygon","coordinates":[[[67.291477,39.700703],[67.290758,39.700895],[67.289561,39.70122],[67.2888,39.701431],[67.288644,39.700796],[67.288308,39.699783],[67.288322,39.69954],[67.28836,39.699235],[67.288563,39.698995],[67.290126,39.697257],[67.291477,39.700703]]]}},{"type":"Feature","id":905,"properties":{},"geometry":{"type":"Polygon","coordinates":[[[67.269947,39.699269],[67.269716,39.699377],[67.269715,39.699378],[67.269713,39.699379],[67.269659,39.699404],[67.269449,39.699544],[67.269198,39.699693],[67.269176,39.699706],[67.268713,39.70011],[67.268668,39.700149],[67.268583,39.700227],[67.268316,39.700475],[67.268255,39.700532],[67.26815,39.700546],[67.267677,39.700974],[67.267537,39.7011],[67.265655,39.69982],[67.265704,39.699757],[67.265801,39.699649],[67.265926,39.699511],[67.266133,39.699285],[67.266336,39.699063],[67.266361,39.699038],[67.26645,39.698951],[67.266631,39.698758],[67.266692,39.698694],[67.267384,39.698101],[67.269947,39.699269]]]}},{"type":"Feature","id":906,"properties":{},"geometry":{"type":"Polygon","coordinates":[[[67.271298,39.703916],[67.271271,39.704542],[67.271202,39.705129],[67.2711,39.705324],[67.27093,39.70563],[67.270643,39.705906],[67.270479,39.706009],[67.270096,39.706251],[67.270068,39.706264],[67.269953,39.706319],[67.269884,39.706352],[67.269868,39.70636],[67.269679,39.706445],[67.269676,39.70644],[67.26921,39.705707],[67.268974,39.705336],[67.268932,39.705274],[67.268836,39.705133],[67.268785,39.705058],[67.268652,39.704863],[67.268542,39.704699],[67.268525,39.704645],[67.268687,39.704471],[67.269542,39.703954],[67.270522,39.703495],[67.270681,39.70354],[67.270793,39.703567],[67.271323,39.703304],[67.271298,39.703916]]]}},{"type":"Feature","id":907,"properties":{},"geometry":{"type":"Polygon","coordinates":[[[67.305038,39.70917],[67.305343,39.709318],[67.306117,39.709694],[67.30623,39.709749],[67.306961,39.710104],[67.306902,39.710159],[67.306175,39.710714],[67.305541,39.711156],[67.304322,39.712065],[67.304013,39.712296],[67.303925,39.712356],[67.303527,39.712587],[67.30292,39.712879],[67.302106,39.713247],[67.301954,39.713309],[67.300758,39.713649],[67.300756,39.713645],[67.301715,39.712427],[67.30234,39.711607],[67.302436,39.711482],[67.302938,39.710846],[67.303335,39.71031],[67.304183,39.70922],[67.304361,39.709001],[67.304429,39.708873],[67.305038,39.70917]]]}},{"type":"Feature","id":908,"properties":{},"geometry":{"type":"Polygon","coordinates":[[[67.304224,39.707945],[67.301746,39.711292],[67.301689,39.711279],[67.301547,39.711249],[67.301345,39.711205],[67.301331,39.711202],[67.299675,39.710844],[67.299634,39.710834],[67.302089,39.707579],[67.303754,39.707865],[67.304029,39.707912],[67.304173,39.707937],[67.304224,39.707945]]]}},{"type":"Feature","id":909,"properties":{},"geometry":{"type":"Polygon","coordinates":[[[67.292755,39.750218],[67.292804,39.750283],[67.293146,39.750872],[67.293219,39.750988],[67.29364,39.751652],[67.293837,39.751993],[67.293911,39.752065],[67.29391,39.752087],[67.292927,39.752351],[67.291385,39.749943],[67.292438,39.749721],[67.292755,39.750218]]]}},{"type":"Feature","id":910,"properties":{},"geometry":{"type":"Polygon","coordinates":[[[67.309246,39.756577],[67.310333,39.75726],[67.310666,39.757464],[67.310732,39.757504],[67.311132,39.757748],[67.311478,39.757935],[67.310514,39.758457],[67.310478,39.758484],[67.31034,39.75839],[67.308732,39.757371],[67.309006,39.756455],[67.309246,39.756577]]]}},{"type":"Feature","id":911,"properties":{},"geometry":{"type":"Polygon","coordinates":[[[67.354805,39.768006],[67.354706,39.768005],[67.354608,39.768],[67.354412,39.768001],[67.354211,39.767998],[67.355566,39.767038],[67.356505,39.766373],[67.357317,39.765929],[67.358422,39.767442],[67.35829,39.767496],[67.358198,39.767528],[67.358081,39.767569],[67.357969,39.767608],[67.35786,39.767632],[67.357723,39.767663],[67.357617,39.767685],[67.35738,39.767642],[67.357302,39.76764],[67.357293,39.767644],[67.357248,39.767642],[67.35715,39.767672],[67.357127,39.767712],[67.357118,39.767716],[67.35707,39.767824],[67.356836,39.7679],[67.356752,39.767867],[67.356652,39.767749],[67.356526,39.767699],[67.356515,39.767697],[67.356503,39.767692],[67.356462,39.76769],[67.356409,39.767683],[67.356637,39.767347],[67.356494,39.767238],[67.356179,39.767345],[67.355995,39.767547],[67.356142,39.767723],[67.355777,39.767832],[67.355681,39.767863],[67.355337,39.767974],[67.355314,39.767982],[67.355197,39.767995],[67.354805,39.768006]]]}},{"type":"Feature","id":912,"properties":{},"geometry":{"type":"Polygon","coordinates":[[[67.298017,39.759969],[67.298,39.759974],[67.297681,39.760148],[67.297676,39.76015],[67.297117,39.760454],[67.297011,39.760513],[67.296341,39.760883],[67.296344,39.760819],[67.296276,39.76074],[67.296099,39.760602],[67.296,39.760519],[67.295975,39.760498],[67.295907,39.76044],[67.295849,39.760366],[67.295809,39.760316],[67.295806,39.760239],[67.295833,39.760147],[67.295832,39.759925],[67.295879,39.759718],[67.295929,39.759511],[67.296007,39.759394],[67.296133,39.759278],[67.296401,39.759092],[67.296476,39.759038],[67.296479,39.759037],[67.296506,39.759017],[67.296613,39.758941],[67.29689,39.758762],[67.297123,39.758626],[67.297144,39.75856],[67.297269,39.758469],[67.297599,39.758268],[67.297851,39.758092],[67.297903,39.758039],[67.298425,39.757789],[67.300766,39.756522],[67.30122,39.756272],[67.301442,39.756603],[67.301655,39.756918],[67.301736,39.757044],[67.301763,39.757087],[67.301835,39.757186],[67.301962,39.757327],[67.302098,39.757469],[67.302236,39.757617],[67.299813,39.758954],[67.298956,39.759422],[67.298017,39.759969]]]}},{"type":"Feature","id":913,"properties":{},"geometry":{"type":"Polygon","coordinates":[[[67.29808,39.704525],[67.297993,39.704684],[67.297213,39.70485],[67.297119,39.704871],[67.296422,39.70502],[67.296873,39.703853],[67.29735,39.702675],[67.29767,39.701841],[67.297707,39.701744],[67.297789,39.701529],[67.297805,39.701487],[67.29831,39.700138],[67.298875,39.70023],[67.299504,39.700339],[67.299908,39.700408],[67.299846,39.700507],[67.299749,39.70071],[67.299336,39.701647],[67.299251,39.701838],[67.299058,39.702261],[67.299008,39.702372],[67.298857,39.702701],[67.298433,39.703713],[67.29808,39.704525]]]}},{"type":"Feature","id":914,"properties":{},"geometry":{"type":"Polygon","coordinates":[[[67.272195,39.689611],[67.272661,39.689103],[67.273075,39.690342],[67.273734,39.692351],[67.273089,39.692504],[67.272793,39.691646],[67.272596,39.691074],[67.272442,39.690533],[67.272195,39.689611]]]}},{"type":"Feature","id":915,"properties":{},"geometry":{"type":"Polygon","coordinates":[[[67.273089,39.692504],[67.272277,39.692696],[67.272261,39.692669],[67.272256,39.692641],[67.272247,39.692572],[67.27222,39.692467],[67.272187,39.692353],[67.272158,39.692289],[67.272113,39.692248],[67.272019,39.692239],[67.271868,39.691669],[67.271724,39.691166],[67.271709,39.691127],[67.271468,39.690428],[67.271445,39.690298],[67.271655,39.690096],[67.27168,39.690069],[67.271688,39.690076],[67.272168,39.689541],[67.272052,39.689772],[67.272195,39.689611],[67.272442,39.690533],[67.272596,39.691074],[67.272793,39.691646],[67.273089,39.692504]]]}},{"type":"Feature","id":916,"properties":{},"geometry":{"type":"Polygon","coordinates":[[[67.271621,39.690022],[67.271587,39.690059],[67.271428,39.690243],[67.271319,39.690369],[67.270621,39.69118],[67.270534,39.691283],[67.268962,39.690063],[67.268971,39.690034],[67.268984,39.689993],[67.269227,39.689209],[67.269265,39.689088],[67.26929,39.689005],[67.26942,39.688694],[67.269498,39.688599],[67.26956,39.688524],[67.269587,39.688492],[67.269602,39.688474],[67.269624,39.688448],[67.269624,39.688448],[67.271621,39.690022]]]}},{"type":"Feature","id":917,"properties":{},"geometry":{"type":"Polygon","coordinates":[[[67.255494,39.697995],[67.255311,39.698145],[67.255178,39.698253],[67.255097,39.698585],[67.255102,39.69871],[67.25146,39.698255],[67.251534,39.698095],[67.251583,39.698012],[67.251629,39.697934],[67.251703,39.697811],[67.251908,39.697473],[67.252229,39.697056],[67.25229,39.696992],[67.252533,39.696714],[67.25263,39.696367],[67.252683,39.696068],[67.252741,39.695749],[67.252849,39.69539],[67.2529,39.695304],[67.253046,39.695108],[67.253091,39.694998],[67.253121,39.694884],[67.25329,39.694536],[67.253395,39.694452],[67.253525,39.694453],[67.254273,39.694557],[67.25517,39.694648],[67.256676,39.694849],[67.256995,39.694893],[67.256984,39.694947],[67.256945,39.695075],[67.256877,39.695253],[67.256798,39.695363],[67.256745,39.695455],[67.256742,39.695497],[67.256683,39.695743],[67.256666,39.695922],[67.25661,39.696082],[67.256552,39.69631],[67.256512,39.696601],[67.256498,39.696649],[67.256388,39.69707],[67.256387,39.697073],[67.256365,39.697156],[67.256254,39.697315],[67.256007,39.697561],[67.255982,39.69758],[67.255637,39.697846],[67.255579,39.697908],[67.255494,39.697995]]]}},{"type":"Feature","id":918,"properties":{},"geometry":{"type":"Polygon","coordinates":[[[67.252111,39.712324],[67.253401,39.712811],[67.253489,39.712779],[67.253575,39.712858],[67.254492,39.713716],[67.254576,39.713796],[67.254522,39.713994],[67.254522,39.713997],[67.254362,39.714148],[67.254178,39.714494],[67.253456,39.714723],[67.251279,39.715296],[67.250258,39.715583],[67.251228,39.713916],[67.252076,39.712387],[67.252111,39.712324]]]}},{"type":"Feature","id":919,"properties":{},"geometry":{"type":"Polygon","coordinates":[[[67.25101,39.71184],[67.25088,39.712075],[67.250759,39.712303],[67.25025,39.713266],[67.249404,39.713005],[67.249222,39.712949],[67.24919,39.71294],[67.24919,39.712938],[67.248995,39.71288],[67.249175,39.71256],[67.249222,39.712454],[67.249556,39.711827],[67.249766,39.711434],[67.249839,39.711297],[67.249982,39.711029],[67.250437,39.710128],[67.250562,39.709919],[67.250606,39.709846],[67.250883,39.709817],[67.251185,39.709822],[67.251342,39.709842],[67.251578,39.709874],[67.25192,39.709969],[67.251992,39.709988],[67.252077,39.710011],[67.251564,39.710884],[67.25133,39.711338],[67.25113,39.711726],[67.25101,39.71184]]]}},{"type":"Feature","id":920,"properties":{},"geometry":{"type":"Polygon","coordinates":[[[67.254733,39.721105],[67.254733,39.720981],[67.254694,39.720252],[67.254709,39.719666],[67.255938,39.719442],[67.256169,39.719411],[67.256221,39.719399],[67.256241,39.7194],[67.256263,39.722416],[67.256064,39.722434],[67.25586,39.722492],[67.255804,39.722503],[67.255598,39.722544],[67.255644,39.722245],[67.255687,39.721613],[67.255667,39.721569],[67.255614,39.721453],[67.255464,39.721467],[67.255353,39.721483],[67.255032,39.721332],[67.254733,39.721105]]]}},{"type":"Feature","id":921,"properties":{},"geometry":{"type":"Polygon","coordinates":[[[67.264548,39.714144],[67.26458,39.714279],[67.264606,39.714389],[67.262341,39.715567],[67.262072,39.715702],[67.259245,39.717142],[67.259227,39.717149],[67.259169,39.717171],[67.259173,39.717162],[67.25921,39.717076],[67.259574,39.716234],[67.259617,39.716133],[67.259648,39.716062],[67.259722,39.71589],[67.259785,39.715745],[67.261615,39.714835],[67.261834,39.715156],[67.262019,39.715426],[67.264548,39.714144]]]}},{"type":"Feature","id":922,"properties":{},"geometry":{"type":"Polygon","coordinates":[[[67.279017,39.735249],[67.279222,39.735291],[67.279222,39.735291],[67.279258,39.735219],[67.279267,39.735199],[67.279278,39.735177],[67.279313,39.735106],[67.279333,39.735066],[67.279377,39.735082],[67.279428,39.735096],[67.279504,39.735117],[67.281939,39.73579],[67.281649,39.736264],[67.281552,39.736429],[67.281395,39.736695],[67.281389,39.7367],[67.279764,39.736266],[67.279522,39.736201],[67.279429,39.736177],[67.278667,39.735973],[67.278741,39.735807],[67.27894,39.735405],[67.279017,39.735249]]]}},{"type":"Feature","id":923,"properties":{},"geometry":{"type":"Polygon","coordinates":[[[67.271128,39.721561],[67.270987,39.721679],[67.270932,39.721845],[67.270876,39.722016],[67.270849,39.722437],[67.270849,39.722437],[67.27094,39.722693],[67.271164,39.72303],[67.271553,39.723495],[67.271728,39.723832],[67.271682,39.724034],[67.271673,39.724073],[67.271642,39.724092],[67.271536,39.724158],[67.271238,39.724242],[67.271084,39.724285],[67.270969,39.724358],[67.270782,39.724477],[67.270625,39.724653],[67.270426,39.724877],[67.270029,39.725029],[67.269902,39.725077],[67.269902,39.725078],[67.269731,39.725158],[67.269508,39.725264],[67.269408,39.725362],[67.269142,39.725621],[67.268736,39.725866],[67.268533,39.725895],[67.268243,39.725938],[67.267649,39.726084],[67.267629,39.726076],[67.267605,39.726066],[67.267568,39.726061],[67.267569,39.726028],[67.267566,39.725637],[67.267567,39.725524],[67.267568,39.725402],[67.267569,39.72524],[67.267569,39.725232],[67.267571,39.725052],[67.267571,39.724966],[67.267571,39.724889],[67.267571,39.724859],[67.267571,39.724465],[67.267576,39.72436],[67.267586,39.72417],[67.267593,39.72404],[67.267642,39.723798],[67.267655,39.72364],[67.267658,39.723611],[67.267666,39.723506],[67.26767,39.723318],[67.267671,39.723299],[67.267674,39.723142],[67.267674,39.723133],[67.267676,39.72304],[67.26768,39.72282],[67.267685,39.722554],[67.267675,39.722407],[67.26767,39.722342],[67.267679,39.722339],[67.267669,39.72232],[67.267666,39.722281],[67.267653,39.722263],[67.26825,39.721966],[67.268284,39.721951],[67.268461,39.721888],[67.268585,39.721844],[67.269373,39.721546],[67.269427,39.721646],[67.269667,39.722056],[67.270696,39.721704],[67.270947,39.721622],[67.271124,39.721552],[67.271128,39.721561]]]}},{"type":"Feature","id":924,"properties":{},"geometry":{"type":"Polygon","coordinates":[[[67.27433,39.609425],[67.274453,39.609788],[67.274473,39.609848],[67.274505,39.609937],[67.274589,39.610192],[67.27403,39.610283],[67.273791,39.610319],[67.27367,39.610337],[67.272297,39.610545],[67.27222,39.610538],[67.272218,39.610533],[67.272216,39.610527],[67.272132,39.610301],[67.272089,39.610176],[67.272088,39.610176],[67.272087,39.610176],[67.271956,39.60979],[67.271823,39.609399],[67.271806,39.60933],[67.271784,39.609243],[67.272305,39.609178],[67.274177,39.608939],[67.274194,39.609019],[67.274242,39.609164],[67.274279,39.609273],[67.27433,39.609425]]]}},{"type":"Feature","id":925,"properties":{},"geometry":{"type":"Polygon","coordinates":[[[67.276045,39.610714],[67.276049,39.610726],[67.277159,39.610574],[67.277193,39.610685],[67.277703,39.610608],[67.277706,39.610608],[67.277706,39.610608],[67.277736,39.610733],[67.27776,39.610832],[67.277845,39.611173],[67.277217,39.611261],[67.276664,39.61134],[67.276226,39.611402],[67.276045,39.610714]]]}},{"type":"Feature","id":926,"properties":{},"geometry":{"type":"Polygon","coordinates":[[[67.2759,39.609238],[67.274775,39.609376],[67.274397,39.609412],[67.27433,39.609425],[67.274279,39.609273],[67.274242,39.609164],[67.274194,39.609019],[67.274294,39.609003],[67.274478,39.608979],[67.275495,39.608847],[67.275603,39.608833],[67.276005,39.60878],[67.276866,39.608676],[67.276975,39.608662],[67.277781,39.60856],[67.278085,39.608516],[67.279167,39.60836],[67.279258,39.608347],[67.279449,39.608736],[67.279456,39.608753],[67.279378,39.608772],[67.278809,39.608865],[67.278729,39.608878],[67.277845,39.609],[67.276703,39.609133],[67.276308,39.609181],[67.2759,39.609238],[67.2759,39.609238]]]}},{"type":"Feature","id":927,"properties":{},"geometry":{"type":"Polygon","coordinates":[[[67.268813,39.610619],[67.269041,39.611438],[67.269248,39.611397],[67.269248,39.611401],[67.269247,39.611402],[67.269246,39.61146],[67.269346,39.611833],[67.269358,39.611885],[67.268751,39.611936],[67.267759,39.612038],[67.267577,39.612057],[67.267555,39.611972],[67.267526,39.611836],[67.267493,39.61169],[67.267581,39.611691],[67.267435,39.611251],[67.2673,39.611279],[67.267295,39.611274],[67.267244,39.611217],[67.267171,39.611137],[67.267119,39.611048],[67.267031,39.610893],[67.267655,39.610781],[67.268131,39.610717],[67.268331,39.610688],[67.268491,39.610665],[67.268813,39.610619]]]}},{"type":"Feature","id":928,"properties":{},"geometry":{"type":"Polygon","coordinates":[[[67.265478,39.685869],[67.264996,39.686095],[67.264965,39.68611],[67.264626,39.686249],[67.264185,39.686373],[67.264095,39.686393],[67.264087,39.686388],[67.263495,39.686646],[67.263429,39.686675],[67.263266,39.686747],[67.263192,39.686778],[67.260733,39.685104],[67.260868,39.684928],[67.260936,39.68484],[67.260973,39.684794],[67.261239,39.684464],[67.261992,39.683567],[67.261993,39.683567],[67.262068,39.683533],[67.262134,39.683579],[67.262284,39.683681],[67.262334,39.683716],[67.262409,39.683767],[67.262486,39.68382],[67.262863,39.68406],[67.262939,39.684129],[67.262997,39.684169],[67.263326,39.684397],[67.263405,39.684451],[67.263504,39.684518],[67.263647,39.68461],[67.263939,39.684798],[67.264345,39.685046],[67.264546,39.68521],[67.264736,39.685334],[67.265061,39.685563],[67.265139,39.685618],[67.26533,39.685753],[67.265442,39.685832],[67.265478,39.685869]]]}},{"type":"Feature","id":929,"properties":{},"geometry":{"type":"Polygon","coordinates":[[[67.263625,39.683376],[67.263496,39.683488],[67.263433,39.683542],[67.262884,39.684003],[67.262178,39.683526],[67.262084,39.683462],[67.262086,39.683459],[67.262185,39.683319],[67.262968,39.682236],[67.262971,39.682229],[67.263094,39.68206],[67.263125,39.682007],[67.263501,39.68134],[67.263505,39.681336],[67.263585,39.681277],[67.263694,39.68135],[67.263803,39.681426],[67.264279,39.68176],[67.264371,39.681825],[67.264695,39.682052],[67.264983,39.682253],[67.264695,39.682504],[67.264629,39.682562],[67.264591,39.682595],[67.264489,39.682684],[67.264392,39.682762],[67.26409,39.682527],[67.263763,39.682789],[67.263709,39.682833],[67.263599,39.682921],[67.263395,39.683085],[67.263625,39.683376]]]}},{"type":"Feature","id":930,"properties":{},"geometry":{"type":"Polygon","coordinates":[[[67.284656,39.683802],[67.284763,39.684258],[67.284713,39.684621],[67.284584,39.685045],[67.284523,39.685188],[67.284513,39.685193],[67.282733,39.686027],[67.282654,39.685809],[67.282619,39.685713],[67.282567,39.68557],[67.282529,39.685464],[67.28243,39.685164],[67.282371,39.684984],[67.282345,39.684905],[67.284656,39.683802]]]}},{"type":"Feature","id":931,"properties":{},"geometry":{"type":"Polygon","coordinates":[[[67.286598,39.684376],[67.286512,39.684407],[67.285731,39.684335],[67.285681,39.685944],[67.285666,39.686016],[67.285617,39.685949],[67.285544,39.685817],[67.28543,39.685609],[67.285106,39.685022],[67.28511,39.685014],[67.2852,39.685041],[67.285279,39.684884],[67.285282,39.684882],[67.285281,39.684848],[67.285281,39.68483],[67.285269,39.684654],[67.285192,39.683291],[67.285337,39.682589],[67.285912,39.682685],[67.286977,39.682876],[67.286958,39.682953],[67.286843,39.683406],[67.286809,39.683537],[67.286722,39.683625],[67.286779,39.683658],[67.28667,39.684085],[67.286651,39.684161],[67.286598,39.684376]]]}},{"type":"Feature","id":932,"properties":{},"geometry":{"type":"Polygon","coordinates":[[[67.285337,39.682589],[67.285338,39.682587],[67.28564,39.681131],[67.285688,39.681025],[67.28648,39.681337],[67.286865,39.681518],[67.287304,39.68167],[67.287249,39.681883],[67.287221,39.681945],[67.287209,39.681992],[67.287108,39.682401],[67.287005,39.682782],[67.286977,39.682876],[67.285912,39.682685],[67.285337,39.682589]]]}},{"type":"Feature","id":933,"properties":{},"geometry":{"type":"Polygon","coordinates":[[[67.300795,39.7391],[67.301043,39.739216],[67.301453,39.739408],[67.301788,39.739564],[67.300423,39.741416],[67.300302,39.74131],[67.300262,39.741266],[67.300152,39.741145],[67.300149,39.741142],[67.299989,39.740985],[67.299823,39.740795],[67.299821,39.740792],[67.299293,39.740231],[67.299292,39.74023],[67.299113,39.740047],[67.29911,39.740044],[67.298936,39.739883],[67.299279,39.739422],[67.299536,39.739078],[67.29986,39.738653],[67.300795,39.7391]]]}},{"type":"Feature","id":934,"properties":{},"geometry":{"type":"Polygon","coordinates":[[[67.301507,39.736556],[67.301582,39.736566],[67.301717,39.736588],[67.301645,39.736625],[67.301606,39.73667],[67.3016,39.736725],[67.301635,39.736842],[67.301911,39.737255],[67.302011,39.737378],[67.302101,39.737429],[67.301248,39.738518],[67.301203,39.738576],[67.30084,39.739051],[67.300795,39.7391],[67.29986,39.738653],[67.300262,39.738137],[67.300358,39.738014],[67.300452,39.737893],[67.300751,39.737514],[67.300801,39.737451],[67.301507,39.736556]]]}},{"type":"Feature","id":935,"properties":{},"geometry":{"type":"Polygon","coordinates":[[[67.29986,39.738653],[67.299536,39.739078],[67.299279,39.739422],[67.298936,39.739883],[67.29886,39.739812],[67.298639,39.739588],[67.300871,39.73654],[67.301043,39.736473],[67.301168,39.73647],[67.301329,39.736504],[67.301507,39.736556],[67.300801,39.737451],[67.300751,39.737514],[67.300452,39.737893],[67.300358,39.738014],[67.300262,39.738137],[67.29986,39.738653]]]}},{"type":"Feature","id":936,"properties":{},"geometry":{"type":"Polygon","coordinates":[[[67.300871,39.73654],[67.298639,39.739588],[67.298491,39.739439],[67.298035,39.738987],[67.298031,39.738984],[67.29787,39.738842],[67.29771,39.738676],[67.297298,39.738181],[67.297293,39.738176],[67.297164,39.738048],[67.297141,39.73799],[67.297468,39.737873],[67.297487,39.737879],[67.297488,39.737879],[67.297983,39.737702],[67.29904,39.737322],[67.29904,39.737322],[67.299361,39.737099],[67.30023,39.736795],[67.30023,39.736795],[67.300808,39.736564],[67.300871,39.73654]]]}},{"type":"Feature","id":937,"properties":{},"geometry":{"type":"Polygon","coordinates":[[[67.297968,39.741063],[67.297744,39.741155],[67.297662,39.7412],[67.297483,39.741283],[67.297383,39.74133],[67.296727,39.740489],[67.296433,39.74013],[67.296003,39.739561],[67.295795,39.739286],[67.295243,39.738611],[67.295851,39.738411],[67.296873,39.7397],[67.296917,39.739754],[67.29717,39.74007],[67.297968,39.741063]]]}},{"type":"Feature","id":938,"properties":{},"geometry":{"type":"Polygon","coordinates":[[[67.295851,39.738411],[67.296123,39.738321],[67.297138,39.739619],[67.297435,39.739988],[67.298233,39.740981],[67.298336,39.7411],[67.298427,39.741205],[67.298888,39.741787],[67.298951,39.741896],[67.298706,39.741978],[67.298623,39.741868],[67.298162,39.741287],[67.297968,39.741063],[67.29717,39.74007],[67.296917,39.739754],[67.296873,39.7397],[67.295851,39.738411]]]}},{"type":"Feature","id":939,"properties":{},"geometry":{"type":"Polygon","coordinates":[[[67.282699,39.630343],[67.282618,39.630387],[67.282461,39.630476],[67.282336,39.630546],[67.282038,39.630714],[67.282036,39.630716],[67.281785,39.630807],[67.281769,39.630773],[67.2817,39.630613],[67.28154,39.630219],[67.281403,39.629977],[67.281118,39.629394],[67.280953,39.629056],[67.280863,39.628885],[67.280786,39.62878],[67.280782,39.628771],[67.280828,39.628618],[67.280891,39.628634],[67.280972,39.628641],[67.281064,39.628627],[67.281399,39.628555],[67.281637,39.628488],[67.281771,39.628453],[67.281773,39.628453],[67.281797,39.628503],[67.281868,39.628648],[67.28197,39.628868],[67.282244,39.629494],[67.282476,39.629917],[67.282641,39.630231],[67.282661,39.630302],[67.282699,39.630343]]]}},{"type":"Feature","id":940,"properties":{},"geometry":{"type":"Polygon","coordinates":[[[67.286195,39.646319],[67.286054,39.646368],[67.284989,39.646721],[67.28497,39.646727],[67.2842,39.646968],[67.283746,39.647128],[67.283427,39.646524],[67.282854,39.646714],[67.282579,39.646223],[67.282568,39.646202],[67.285076,39.64527],[67.285082,39.645236],[67.285554,39.645113],[67.286195,39.646319]]]}},{"type":"Feature","id":941,"properties":{},"geometry":{"type":"Polygon","coordinates":[[[67.283569,39.677636],[67.283366,39.677823],[67.283315,39.677867],[67.283165,39.677994],[67.282684,39.678446],[67.282455,39.678739],[67.28235,39.678834],[67.282258,39.678773],[67.282261,39.678771],[67.282209,39.678738],[67.282189,39.678721],[67.282159,39.678689],[67.281833,39.678415],[67.281658,39.678269],[67.281461,39.678104],[67.281196,39.677879],[67.281196,39.677879],[67.281082,39.677772],[67.281095,39.677766],[67.281092,39.677763],[67.281093,39.677762],[67.281127,39.677741],[67.281124,39.677739],[67.281127,39.677737],[67.280841,39.677507],[67.28112,39.677297],[67.280619,39.676828],[67.280976,39.6766],[67.281681,39.676238],[67.281772,39.676098],[67.282047,39.67584],[67.282774,39.675523],[67.282915,39.675461],[67.283102,39.675626],[67.283589,39.676054],[67.282753,39.676744],[67.282665,39.676818],[67.282611,39.676863],[67.282652,39.676893],[67.283022,39.677192],[67.283493,39.677572],[67.283569,39.677636]]]}},{"type":"Feature","id":942,"properties":{},"geometry":{"type":"Polygon","coordinates":[[[67.283118,39.679496],[67.282438,39.679917],[67.282361,39.679965],[67.282047,39.68016],[67.281813,39.680305],[67.28169,39.680381],[67.28092,39.680827],[67.280805,39.680728],[67.280246,39.680246],[67.282258,39.678773],[67.28235,39.678834],[67.283118,39.679496]]]}},{"type":"Feature","id":943,"properties":{},"geometry":{"type":"Polygon","coordinates":[[[67.284729,39.678476],[67.284508,39.678625],[67.284314,39.678755],[67.283983,39.678978],[67.283942,39.679005],[67.28389,39.67904],[67.283118,39.679496],[67.28235,39.678834],[67.282455,39.678739],[67.282684,39.678446],[67.283165,39.677994],[67.283315,39.677867],[67.283366,39.677823],[67.283569,39.677636],[67.283723,39.677742],[67.283908,39.677872],[67.283982,39.677924],[67.284729,39.678476]]]}},{"type":"Feature","id":944,"properties":{},"geometry":{"type":"Polygon","coordinates":[[[67.245398,39.678671],[67.245445,39.678619],[67.245688,39.678346],[67.246032,39.677966],[67.246271,39.677703],[67.246382,39.67758],[67.246938,39.676975],[67.247441,39.677143],[67.247747,39.677246],[67.248472,39.677429],[67.248533,39.677671],[67.248568,39.678009],[67.24857,39.678075],[67.248572,39.678169],[67.248551,39.678569],[67.248547,39.678627],[67.248471,39.678864],[67.248404,39.679002],[67.24812,39.678984],[67.24806,39.67898],[67.247682,39.678956],[67.247492,39.678936],[67.247326,39.678919],[67.247007,39.678885],[67.246829,39.678867],[67.246243,39.678805],[67.246138,39.678788],[67.245536,39.678693],[67.245398,39.678671]]]}},{"type":"Feature","id":945,"properties":{},"geometry":{"type":"Polygon","coordinates":[[[67.248105,39.680749],[67.24799,39.681132],[67.247909,39.681336],[67.247907,39.681342],[67.247653,39.681643],[67.247492,39.681638],[67.247184,39.681829],[67.246455,39.681831],[67.246107,39.682086],[67.245895,39.682169],[67.245139,39.682114],[67.244998,39.681961],[67.243539,39.680786],[67.24354,39.680785],[67.243975,39.680269],[67.244339,39.680311],[67.245725,39.680472],[67.245913,39.680493],[67.247452,39.680671],[67.247568,39.680685],[67.248105,39.680749]]]}},{"type":"Feature","id":946,"properties":{},"geometry":{"type":"Polygon","coordinates":[[[67.218819,39.711448],[67.21896,39.711417],[67.219517,39.711626],[67.219755,39.711638],[67.220455,39.711498],[67.221282,39.71131],[67.221365,39.711654],[67.221614,39.712374],[67.221699,39.712618],[67.221714,39.712661],[67.221028,39.712738],[67.220864,39.712756],[67.218859,39.712899],[67.216222,39.71309],[67.214174,39.713246],[67.214037,39.713258],[67.213999,39.713214],[67.213594,39.712795],[67.21329,39.71246],[67.213259,39.712417],[67.213209,39.712339],[67.213175,39.712286],[67.213245,39.712276],[67.213399,39.712253],[67.213771,39.712197],[67.214664,39.712076],[67.215428,39.711972],[67.215798,39.711917],[67.21634,39.711837],[67.217424,39.711677],[67.217582,39.711651],[67.218819,39.711448]]]}},{"type":"Feature","id":947,"properties":{},"geometry":{"type":"Polygon","coordinates":[[[67.247489,39.635265],[67.247463,39.635226],[67.247452,39.635204],[67.247288,39.634883],[67.247092,39.634508],[67.246977,39.634279],[67.246236,39.633017],[67.246823,39.632788],[67.247043,39.632716],[67.24738,39.632605],[67.247459,39.632581],[67.247645,39.632518],[67.247745,39.632485],[67.247796,39.63247],[67.248131,39.632376],[67.248308,39.632318],[67.248569,39.632241],[67.249187,39.632997],[67.250172,39.634401],[67.250607,39.635088],[67.25012,39.635244],[67.249865,39.635326],[67.249224,39.635524],[67.247778,39.635884],[67.247719,39.635782],[67.247618,39.635585],[67.247532,39.63535],[67.247489,39.635265]]]}},{"type":"Feature","id":948,"properties":{},"geometry":{"type":"Polygon","coordinates":[[[67.22543,39.654625],[67.225432,39.654669],[67.225368,39.654741],[67.225218,39.654881],[67.225008,39.655071],[67.224897,39.655198],[67.224949,39.655273],[67.224925,39.655291],[67.224272,39.655805],[67.224238,39.655831],[67.223952,39.655952],[67.223944,39.655957],[67.223753,39.656044],[67.223519,39.656121],[67.22334,39.65616],[67.223196,39.656173],[67.223026,39.656194],[67.223021,39.656195],[67.222599,39.656248],[67.221475,39.655587],[67.221411,39.655525],[67.221478,39.655468],[67.222178,39.654872],[67.222901,39.654261],[67.223357,39.653884],[67.223749,39.653539],[67.223826,39.653588],[67.2242,39.653826],[67.22424,39.653851],[67.224515,39.654023],[67.224725,39.654153],[67.224841,39.654226],[67.225372,39.654572],[67.22543,39.654625]]]}},{"type":"Feature","id":949,"properties":{},"geometry":{"type":"Polygon","coordinates":[[[67.222694,39.6528],[67.222768,39.652745],[67.223024,39.652534],[67.223427,39.652184],[67.223772,39.651888],[67.22394,39.651736],[67.224051,39.651636],[67.224135,39.651561],[67.224519,39.651858],[67.224545,39.651879],[67.22522,39.652424],[67.225543,39.652682],[67.225565,39.652699],[67.225427,39.652838],[67.225155,39.653049],[67.224885,39.653279],[67.224818,39.653336],[67.224485,39.653594],[67.224242,39.653795],[67.2242,39.653826],[67.223826,39.653588],[67.223749,39.653539],[67.223529,39.653371],[67.22314,39.653119],[67.2231,39.653093],[67.222995,39.653025],[67.222905,39.652967],[67.222694,39.6528]]]}},{"type":"Feature","id":950,"properties":{},"geometry":{"type":"Polygon","coordinates":[[[67.230254,39.646838],[67.230584,39.64706],[67.230695,39.647135],[67.231184,39.647454],[67.231241,39.647489],[67.231396,39.647584],[67.231853,39.647904],[67.232029,39.648036],[67.232083,39.648077],[67.232283,39.648243],[67.232242,39.648311],[67.232071,39.648463],[67.232043,39.648488],[67.230707,39.649663],[67.228477,39.648222],[67.228715,39.648033],[67.228864,39.647915],[67.22896,39.647837],[67.229145,39.647688],[67.229383,39.647455],[67.229584,39.647289],[67.229839,39.647049],[67.229989,39.646886],[67.230088,39.6468],[67.230133,39.646765],[67.230254,39.646838]]]}},{"type":"Feature","id":951,"properties":{},"geometry":{"type":"Polygon","coordinates":[[[67.231914,39.645188],[67.232469,39.645526],[67.232787,39.645736],[67.233489,39.646206],[67.23359,39.646275],[67.233138,39.646723],[67.233088,39.646773],[67.232867,39.646974],[67.232759,39.647102],[67.232593,39.647236],[67.23245,39.647352],[67.232331,39.647464],[67.232093,39.647689],[67.231994,39.647779],[67.231922,39.647717],[67.231782,39.647613],[67.231631,39.647504],[67.231507,39.647439],[67.23142,39.647392],[67.231194,39.647247],[67.23096,39.647066],[67.230877,39.647002],[67.230471,39.646731],[67.230123,39.646502],[67.230173,39.646465],[67.230435,39.646257],[67.230506,39.646201],[67.230573,39.646151],[67.230638,39.646101],[67.230806,39.645974],[67.231185,39.645663],[67.231233,39.645624],[67.231327,39.64555],[67.231467,39.645435],[67.231721,39.645239],[67.2318,39.64517],[67.231841,39.645138],[67.231914,39.645188]]]}},{"type":"Feature","id":952,"properties":{},"geometry":{"type":"Polygon","coordinates":[[[67.242377,39.648779],[67.242328,39.648762],[67.242089,39.648952],[67.241126,39.649664],[67.240392,39.650206],[67.240347,39.65024],[67.240191,39.650192],[67.239927,39.65011],[67.239442,39.649968],[67.239292,39.649925],[67.23925,39.649915],[67.239042,39.649855],[67.238552,39.649698],[67.238232,39.649592],[67.238126,39.649557],[67.238126,39.649556],[67.238611,39.649148],[67.238638,39.649127],[67.23891,39.648913],[67.239281,39.648636],[67.239793,39.648222],[67.240123,39.647963],[67.240513,39.647641],[67.241395,39.647037],[67.241446,39.647001],[67.241531,39.647023],[67.241655,39.647062],[67.241818,39.647114],[67.241831,39.647118],[67.241854,39.647125],[67.242044,39.647182],[67.242058,39.647186],[67.24218,39.647225],[67.242376,39.647287],[67.242478,39.647321],[67.242492,39.647326],[67.242522,39.647335],[67.242638,39.647375],[67.242777,39.647422],[67.242817,39.647435],[67.242846,39.647445],[67.242969,39.647486],[67.24304,39.647501],[67.243048,39.647504],[67.243006,39.647544],[67.243613,39.647741],[67.243705,39.647768],[67.243581,39.647849],[67.243381,39.648004],[67.243332,39.647988],[67.243318,39.648001],[67.242978,39.648266],[67.242923,39.64831],[67.24296,39.648323],[67.242942,39.648337],[67.242617,39.648591],[67.242528,39.64866],[67.242377,39.648779]]]}},{"type":"Feature","id":953,"properties":{},"geometry":{"type":"Polygon","coordinates":[[[67.275658,39.648093],[67.275523,39.648173],[67.275367,39.64825],[67.275225,39.648304],[67.275005,39.64837],[67.274739,39.648427],[67.274551,39.64847],[67.274423,39.648508],[67.274358,39.64851],[67.274307,39.648467],[67.27425,39.648442],[67.274183,39.648351],[67.274105,39.648263],[67.273817,39.647925],[67.273201,39.647055],[67.272862,39.646595],[67.272715,39.646382],[67.2728,39.646347],[67.272929,39.646297],[67.272928,39.646297],[67.273305,39.646149],[67.273632,39.646014],[67.273909,39.645896],[67.274085,39.64582],[67.274161,39.64592],[67.274424,39.646308],[67.27471,39.646716],[67.274789,39.646829],[67.275258,39.647535],[67.275513,39.647893],[67.275658,39.648093]]]}},{"type":"Feature","id":954,"properties":{},"geometry":{"type":"Polygon","coordinates":[[[67.275381,39.648915],[67.275524,39.649128],[67.275617,39.649268],[67.27572,39.649426],[67.275732,39.649445],[67.273908,39.650155],[67.27383,39.650038],[67.273738,39.649899],[67.273887,39.649779],[67.273721,39.649613],[67.273578,39.649642],[67.273426,39.649398],[67.273447,39.649339],[67.273459,39.649244],[67.27334,39.649149],[67.273111,39.649161],[67.273058,39.649078],[67.272932,39.648883],[67.272929,39.648884],[67.272929,39.648884],[67.273101,39.648826],[67.273288,39.648761],[67.273694,39.64862],[67.273793,39.648587],[67.274157,39.648468],[67.27425,39.648442],[67.27427,39.648507],[67.274387,39.648668],[67.274494,39.648811],[67.274583,39.648808],[67.274712,39.648754],[67.275036,39.648617],[67.27511,39.648595],[67.275161,39.648602],[67.275203,39.648649],[67.275279,39.648761],[67.275336,39.648847],[67.275381,39.648915]]]}},{"type":"Feature","id":955,"properties":{},"geometry":{"type":"Polygon","coordinates":[[[67.276965,39.644632],[67.277025,39.644626],[67.277028,39.644626],[67.277123,39.644603],[67.277126,39.644602],[67.277126,39.644602],[67.27718,39.644585],[67.277189,39.644541],[67.277191,39.644539],[67.277249,39.644536],[67.277345,39.644589],[67.277408,39.644647],[67.277482,39.644733],[67.277546,39.64481],[67.277629,39.644855],[67.27764,39.644865],[67.277654,39.644869],[67.277659,39.644872],[67.277665,39.644872],[67.277683,39.644878],[67.277779,39.644884],[67.277798,39.644885],[67.277812,39.644886],[67.277818,39.644886],[67.277887,39.644886],[67.278015,39.644887],[67.278127,39.645075],[67.277707,39.645151],[67.27773,39.64533],[67.277802,39.645484],[67.277909,39.64558],[67.27804,39.64558],[67.278206,39.645532],[67.278354,39.645509],[67.278546,39.645838],[67.277952,39.64606],[67.276499,39.646602],[67.276504,39.646611],[67.27659,39.646744],[67.276617,39.646786],[67.276723,39.646951],[67.276659,39.646975],[67.276413,39.646628],[67.276198,39.646326],[67.275977,39.645972],[67.27587,39.645802],[67.275657,39.645466],[67.275509,39.645238],[67.275585,39.645207],[67.275785,39.645126],[67.276668,39.644773],[67.276965,39.644632]]]}},{"type":"Feature","id":956,"properties":{},"geometry":{"type":"Polygon","coordinates":[[[67.274085,39.64582],[67.273909,39.645896],[67.273632,39.646014],[67.273305,39.646149],[67.272928,39.646297],[67.272798,39.646104],[67.272577,39.645777],[67.272367,39.645408],[67.274288,39.644609],[67.274371,39.644575],[67.274594,39.644482],[67.275045,39.64429],[67.275222,39.644216],[67.275595,39.64482],[67.275665,39.644933],[67.275785,39.645126],[67.275585,39.645207],[67.275509,39.645238],[67.275166,39.645373],[67.27509,39.645403],[67.274623,39.645592],[67.274354,39.645703],[67.274085,39.64582]]]}},{"type":"Feature","id":957,"properties":{},"geometry":{"type":"Polygon","coordinates":[[[67.223104,39.649717],[67.223237,39.649827],[67.22339,39.649953],[67.223391,39.649953],[67.223432,39.649987],[67.223543,39.65008],[67.223543,39.65008],[67.223612,39.650141],[67.223979,39.650464],[67.224153,39.650613],[67.224185,39.650651],[67.224212,39.650733],[67.224256,39.650833],[67.224313,39.650932],[67.224401,39.651042],[67.224451,39.651101],[67.224485,39.651156],[67.224349,39.651281],[67.224159,39.651458],[67.22416,39.65146],[67.222716,39.652734],[67.222674,39.652726],[67.22178,39.652063],[67.221642,39.651961],[67.221511,39.651864],[67.221004,39.651521],[67.221242,39.651287],[67.22139,39.651145],[67.22147,39.651068],[67.221868,39.650707],[67.222269,39.65035],[67.222299,39.650323],[67.222691,39.649946],[67.222731,39.649908],[67.222758,39.649883],[67.222894,39.649758],[67.223017,39.649645],[67.223104,39.649717]]]}},{"type":"Feature","id":958,"properties":{},"geometry":{"type":"Polygon","coordinates":[[[67.239904,39.642385],[67.240949,39.643018],[67.241262,39.643228],[67.241261,39.64323],[67.241228,39.643267],[67.241124,39.643431],[67.240989,39.643638],[67.24083,39.643872],[67.240731,39.644032],[67.24069,39.644093],[67.240535,39.644323],[67.240512,39.644359],[67.240311,39.644674],[67.240302,39.644688],[67.240157,39.644894],[67.240157,39.644894],[67.240032,39.645064],[67.23991,39.645219],[67.239876,39.64526],[67.239651,39.645531],[67.23938,39.645865],[67.239094,39.646222],[67.239067,39.646256],[67.238724,39.646681],[67.238597,39.646833],[67.235883,39.645146],[67.236077,39.644965],[67.236436,39.644644],[67.236518,39.644573],[67.23647,39.644484],[67.237181,39.6441],[67.237208,39.644032],[67.237107,39.643946],[67.239238,39.64279],[67.239829,39.642385],[67.239904,39.642385]]]}},{"type":"Feature","id":959,"properties":{},"geometry":{"type":"Polygon","coordinates":[[[67.228234,39.648067],[67.228333,39.648138],[67.228464,39.648232],[67.229053,39.648644],[67.229371,39.648854],[67.229693,39.64905],[67.230017,39.64925],[67.230541,39.649566],[67.230703,39.649663],[67.230747,39.649692],[67.230685,39.649756],[67.230433,39.64998],[67.230231,39.650184],[67.229896,39.650523],[67.229713,39.650693],[67.229314,39.651117],[67.229245,39.651194],[67.22917,39.651273],[67.228827,39.651104],[67.228761,39.651065],[67.228446,39.650878],[67.228378,39.650834],[67.22837,39.650829],[67.228351,39.650816],[67.2283,39.650783],[67.228265,39.650759],[67.227993,39.650579],[67.227909,39.650524],[67.22736,39.65016],[67.227101,39.649992],[67.227062,39.649967],[67.226972,39.649908],[67.22684,39.649823],[67.226579,39.649654],[67.226485,39.649593],[67.226359,39.649511],[67.226629,39.649294],[67.226858,39.649113],[67.227029,39.648965],[67.227294,39.648749],[67.227294,39.648749],[67.227393,39.648671],[67.227602,39.648507],[67.227707,39.648414],[67.227765,39.648363],[67.227853,39.648285],[67.227858,39.648281],[67.228118,39.64806],[67.228168,39.648019],[67.228234,39.648067]]]}},{"type":"Feature","id":960,"properties":{},"geometry":{"type":"Polygon","coordinates":[[[67.348243,39.582516],[67.348246,39.582519],[67.348993,39.583502],[67.34982,39.584587],[67.349819,39.584587],[67.345293,39.586631],[67.345269,39.586642],[67.345216,39.586471],[67.344956,39.586062],[67.344719,39.585683],[67.344234,39.584908],[67.344052,39.584583],[67.343939,39.584382],[67.343925,39.584358],[67.348243,39.582516],[67.348243,39.582516]]]}},{"type":"Feature","id":961,"properties":{},"geometry":{"type":"Polygon","coordinates":[[[67.225934,39.642051],[67.225977,39.642084],[67.226046,39.642136],[67.226206,39.642258],[67.226402,39.642419],[67.226498,39.642498],[67.226582,39.642577],[67.226708,39.642673],[67.226723,39.642685],[67.226562,39.642798],[67.226403,39.64291],[67.226365,39.642938],[67.226141,39.643103],[67.226066,39.643157],[67.226066,39.643157],[67.225835,39.643322],[67.225575,39.643505],[67.225515,39.643547],[67.225468,39.64358],[67.225328,39.643681],[67.225212,39.643764],[67.224999,39.64392],[67.224963,39.643946],[67.22474,39.644109],[67.224713,39.644128],[67.224605,39.644206],[67.224476,39.644299],[67.224227,39.644478],[67.224216,39.644485],[67.223984,39.644665],[67.223941,39.644698],[67.22391,39.644679],[67.223684,39.64451],[67.223463,39.644326],[67.223203,39.644114],[67.223013,39.643962],[67.22301,39.64396],[67.222958,39.643917],[67.222984,39.643883],[67.22299,39.643879],[67.224084,39.643081],[67.224158,39.643031],[67.224162,39.643028],[67.224379,39.642871],[67.224425,39.642833],[67.224471,39.642799],[67.224518,39.642776],[67.224618,39.642707],[67.22475,39.642617],[67.224782,39.642595],[67.224905,39.642502],[67.225115,39.642347],[67.225274,39.642229],[67.225281,39.642224],[67.225317,39.642196],[67.225449,39.642094],[67.225635,39.641961],[67.225648,39.641953],[67.225743,39.641897],[67.225934,39.642051]]]}},{"type":"Feature","id":962,"properties":{},"geometry":{"type":"Polygon","coordinates":[[[67.21866,39.646223],[67.217541,39.647283],[67.21748,39.64723],[67.217467,39.647219],[67.217341,39.647111],[67.217142,39.646913],[67.217038,39.646806],[67.216964,39.646729],[67.216877,39.646639],[67.216655,39.646406],[67.216412,39.646151],[67.216404,39.646142],[67.216222,39.645949],[67.216112,39.645832],[67.216071,39.645791],[67.21605,39.64578],[67.21609,39.645741],[67.216279,39.645558],[67.216882,39.644958],[67.21715,39.644681],[67.217169,39.644693],[67.217263,39.64476],[67.217277,39.64477],[67.217361,39.644851],[67.217433,39.644924],[67.217533,39.645026],[67.217566,39.64506],[67.217694,39.645192],[67.217859,39.645371],[67.218001,39.645524],[67.218093,39.645619],[67.218095,39.645621],[67.218125,39.645653],[67.218189,39.645719],[67.218274,39.645803],[67.218361,39.645889],[67.218522,39.646056],[67.218609,39.646144],[67.218635,39.646165],[67.218659,39.646165],[67.218646,39.646212],[67.21866,39.646223]]]}},{"type":"Feature","id":963,"properties":{},"geometry":{"type":"Polygon","coordinates":[[[67.219631,39.645346],[67.219481,39.645493],[67.219371,39.645599],[67.219356,39.645614],[67.219349,39.64562],[67.219309,39.645592],[67.218807,39.646084],[67.21866,39.646223],[67.218646,39.646212],[67.218659,39.646165],[67.218635,39.646165],[67.218609,39.646144],[67.218522,39.646056],[67.218361,39.645889],[67.218274,39.645803],[67.218189,39.645719],[67.218125,39.645653],[67.218095,39.645621],[67.218093,39.645619],[67.218001,39.645524],[67.217859,39.645371],[67.217694,39.645192],[67.217566,39.64506],[67.217533,39.645026],[67.217433,39.644924],[67.217361,39.644851],[67.217277,39.64477],[67.217263,39.64476],[67.217169,39.644693],[67.21715,39.644681],[67.217503,39.644316],[67.218053,39.643752],[67.218069,39.643767],[67.21813,39.643831],[67.218187,39.643891],[67.218223,39.643929],[67.218224,39.64393],[67.218337,39.644049],[67.218339,39.644051],[67.218447,39.644168],[67.21855,39.644275],[67.218594,39.644321],[67.218598,39.644326],[67.218642,39.644373],[67.218666,39.644398],[67.218708,39.644442],[67.218712,39.644446],[67.218833,39.644572],[67.218914,39.64465],[67.21892,39.644656],[67.218931,39.644667],[67.218934,39.64467],[67.218956,39.644695],[67.218995,39.644739],[67.219067,39.644808],[67.219132,39.644873],[67.219197,39.644937],[67.219243,39.64498],[67.219247,39.644984],[67.219346,39.64508],[67.219361,39.645095],[67.219402,39.645135],[67.21945,39.645182],[67.219526,39.645252],[67.219544,39.645268],[67.219567,39.64529],[67.21961,39.645329],[67.219631,39.645346]]]}},{"type":"Feature","id":964,"properties":{},"geometry":{"type":"Polygon","coordinates":[[[67.363526,39.786439],[67.363659,39.786558],[67.363975,39.786843],[67.364202,39.787047],[67.364529,39.787353],[67.364578,39.787399],[67.364832,39.787636],[67.365161,39.78801],[67.365363,39.788195],[67.364718,39.788489],[67.364502,39.788551],[67.36357,39.788929],[67.361293,39.786679],[67.36155,39.786641],[67.361772,39.786608],[67.362403,39.786479],[67.362991,39.786325],[67.363353,39.78624],[67.363526,39.786439]]]}}]}